case,fair_func,total_demand,final_pshed,final_pd_served,pct_shed,pct_served,relaxed_pshed_final,objective,bilevel_iters_completed,bilevel_iters_total,bilevel_last_status,bilevel_early_stop,max_delta_weights,max_delta_pshed,weights_converged
motivation_c,efficiency,3466.0,2104.2595170510394,1361.7404829489606,60.711469043596054,39.28853095640394,1667.2959774937267,180571.165417057,20,20,LOCALLY_SOLVED,false,0.500000094957727,243.75713884374366,false
motivation_c,min_max,3466.0,2027.3655026318343,1438.6344973681657,58.492945834732666,41.507054165267334,1948.574065875054,13325.85058232928,20,20,LOCALLY_SOLVED,false,0.4999998204474245,53.724926121118415,true
motivation_c,equality_min,3466.0,2581.6146491594195,884.3853508405804,74.48397718290305,25.51602281709695,2862.833783456849,171608.73769939848,20,20,LOCALLY_SOLVED,false,5.070425004305434e-7,1.8411751682378963e-5,true
motivation_c,proportional,3466.0,2104.25967322252,1361.74032677748,60.71147354940912,39.28852645059088,1604.825747878341,181096.67859345567,20,20,LOCALLY_SOLVED,false,0.5000000810579586,203.13409734478194,false
