switch_id,state,ps_fr,qs_fr
1,0.0,0.0,0.0
2,1.0,478.3130863334899,-62.727667858153616
3,0.0,0.0,0.0
4,1.0,395.8436854888928,119.93084312353676
5,1.0,287.5837111267142,174.33988436933384
6,1.0,78.31308633392786,-352.7258693417206
