switch_id,state,ps_fr,qs_fr
1,0.0,0.0,0.0
2,0.0,0.0,0.0
3,0.0,0.0,0.0
4,1.0,397.3756550815108,120.25385541259881
5,1.0,287.00969575664936,173.9178123062647
6,1.0,0.0,0.0
