switch_id,state,ps_fr,qs_fr
1,0.0,0.0,0.0
2,1.0,478.33841495191564,-60.237007903793526
3,0.0,0.0,0.0
4,1.0,395.82300805197946,119.99741789656537
5,1.0,287.57890377370256,174.33634962023143
6,1.0,78.3384149524543,-350.2352095208317
