load_id,pd,qd,pshed,qshed,z_demand
1,0.0,0.0,160.0,110.0,0.0
2,0.0,0.0,68.0,60.0,0.0
3,99.3756550825328,56.78608861859017,1055.6243449174672,603.2139113814098,0.0860395282099851
4,0.0,0.0,485.0,190.0,0.0
5,128.0,86.0,0.0,0.0,1.0
6,230.0,132.0,0.0,0.0,1.0
7,57.00969575804758,41.91889393974087,112.99030424195243,83.08110606025913,0.33535115151792694
8,117.0,68.0,0.0,0.0,1.0
9,0.0,0.0,120.0,90.0,0.0
10,66.0,38.0,0.0,0.0,1.0
11,0.0,0.0,120.0,90.0,0.0
12,0.0,0.0,290.0,212.0,0.0
13,0.0,0.0,170.0,151.0,0.0
14,17.0,10.0,0.0,0.0,1.0
15,170.0,80.0,0.0,0.0,1.0
