load_id,pd,qd,pshed,qshed,z_demand
1,160.0,110.0,0.0,0.0,1.0
2,0.0,0.0,68.0,60.0,0.0
3,521.5985525839516,298.056315762258,633.4014474160484,361.943684237742,0.45160047842766365
4,0.0,0.0,485.0,190.0,0.0
5,3.0269563501566643,2.033736297761509,124.97304364984333,83.96626370223849,0.02364809648559894
6,230.0,132.0,0.0,0.0,1.0
7,55.335583690740854,40.68792918436827,114.66441630925914,84.31207081563173,0.3255034334749462
8,117.0,68.0,0.0,0.0,1.0
9,120.0,90.0,0.0,0.0,1.0
10,66.0,38.0,0.0,0.0,1.0
11,120.0,90.0,0.0,0.0,1.0
12,0.0,0.0,290.0,212.0,0.0
13,0.0,0.0,170.0,151.0,0.0
14,17.0,10.0,0.0,0.0,1.0
15,28.67340474331669,13.493366938031384,141.3265952566833,66.50663306196861,0.1686670867253923
