switch_id,state,ps_fr,qs_fr
1,0.0,0.0,0.0
2,1.0,400.0,289.9982258795525
3,0.0,0.0,0.0
4,1.0,553.2989136774249,210.3016710178361
5,1.0,285.3355836906482,172.6868628694923
6,0.0,0.0,0.0
