load_id,pd,qd,pshed,qshed,z_demand
1,160.0,110.0,0.0,0.0,1.0
2,0.0,0.0,68.0,60.0,0.0
3,401.0280963110988,229.1589121777708,753.9719036889012,430.8410878222292,0.3472104729966224
4,0.0,0.0,485.0,190.0,0.0
5,38.292716266513324,25.727918741563638,89.70728373348668,60.27208125843636,0.29916184583213534
6,230.0,132.0,3.323094688312267e-9,1.9071535461989697e-9,1.0
7,49.634233165522616,36.495759680531336,120.36576683447738,88.50424031946866,0.2919660774442507
8,0.0,0.0,117.0,68.0,0.0
9,120.0,90.0,0.0,0.0,1.0
10,0.0,0.0,66.0,38.0,0.0
11,120.0,90.0,0.0,0.0,1.0
12,0.0,0.0,290.0,212.0,0.0
13,34.50427324331364,30.64791329259035,135.49572675668637,120.35208670740965,0.2029663131959626
14,0.0,0.0,17.0,10.0,0.0
15,0.0,0.0,170.0,80.0,0.0
