switch_id,state,ps_fr,qs_fr
1,0.0,0.0,0.0
2,1.0,445.490231098059,55.98159191773373
3,0.0,0.0,0.0
4,0.0,0.0,0.0
5,0.0,0.0,0.0
6,1.0,170.0,-143.74706299413708
