switch_id,state,ps_fr,qs_fr
1,0.0,0.0,0.0
2,1.0,454.8309576765635,148.8604605454616
3,0.0,0.0,0.0
4,1.0,339.4722973219898,194.37430286006602
5,1.0,220.4953307161057,144.35811984733576
6,1.0,54.83095767799746,-141.13780606756484
