load_id,pd,qd,pshed,qshed,z_demand
1,160.0,110.0,0.0,0.0,1.0
2,0.0,0.0,68.0,60.0,0.0
3,254.43218487433478,145.38981992819132,900.5678151256652,514.6101800718087,0.22028760595180502
4,0.0,0.0,485.0,190.0,0.0
5,85.0401124473907,57.13632555059063,42.9598875526093,28.863674449409373,0.6643758784952398
6,110.1105450449623,63.193878025804445,119.8894549550377,68.80612197419555,0.4787415001954882
7,110.3847856711434,81.16528358172309,59.615214328856595,43.83471641827691,0.6493222686537847
8,117.0,68.0,0.0,0.0,1.0
9,120.0,90.0,0.0,0.0,1.0
10,66.0,38.0,0.0,0.0,1.0
11,120.0,90.0,0.0,0.0,1.0
12,0.0,0.0,290.0,212.0,0.0
13,54.830957677467,48.702791819397156,115.169042322533,102.29720818060284,0.32253504516157055
14,17.0,10.0,0.0,0.0,1.0
15,0.0,0.0,170.0,80.0,0.0
