switch_name,phase,p,q,c_mag,current_rating,is_closed
632633,1,5.497866519955628e-7,2.879376531489814e-7,6.02191271393891e-7,700.0,true
632633,2,1.4660661590748433e-7,1.1644332767556484e-7,1.8197147612820335e-7,700.0,true
632633,3,3.761724206691392e-7,2.876388031912925e-7,4.604452337347395e-7,700.0,true
632645,1,0.20167807798171278,0.11487840808110701,0.22520819328421957,700.0,true
632645,2,0.20135129893714307,0.11464665084008765,0.22520335298024952,700.0,true
632645,3,0.2215528473541302,-0.06751077707641795,0.22520485438470347,700.0,true
