switch_name,phase,p,q,c_mag,current_rating,is_closed
632633,1,532.2860345435895,198.41041234728624,573.3954582763365,700.0,true
632633,2,131.42565923126955,34.18625875117612,136.48134115893268,700.0,true
632633,3,358.4519982430264,201.72489614696744,416.39401121567164,700.0,true
632645,1,464.67974061834644,275.78271658791414,545.4276000876882,700.0,true
632645,2,564.9355538563767,341.10946988216546,663.2454543946099,700.0,true
632645,3,591.2065130412572,285.5080856381749,664.6419800352472,700.0,true
