switch_name,phase,p,q,c_mag,current_rating,is_closed
632633,1,570.0,265.49930630567843,599.2037336042237,700.0,true
632633,2,68.0,59.999306305678104,86.367441360339,700.0,true
632633,3,495.0,377.4992371092351,655.28380776429,700.0,true
632645,1,385.0,219.99869620065704,422.552299501235,700.0,true
632645,2,555.0,344.99869620065704,622.3713704805112,700.0,true
632645,3,385.0,109.5852936708826,421.36033044934493,700.0,true
