Iteration,Total_Load_Shed,Lower_Level_Load_Shed,Upper_Level_Load_Shed
1,1504.5273780230757,1504.5273780230757,1398.0834778510066
2,1504.5273780230757,1504.5273780230757,1398.0834778510066
3,1504.5273780230757,1504.5273780230757,1398.0834778510066
4,1504.5273780230757,1504.5273780230757,1398.0834778510066
5,1504.5273780230757,1504.5273780230757,1398.0834778510066
