case,fair_func,n_periods,total_demand_all_periods,total_pshed_lower,total_pshed_upper,pct_shed,bilevel_iters_completed,bilevel_iters_total,bilevel_last_status,bilevel_early_stop,max_delta_weights,max_delta_pshed,weights_converged
motivation_c,efficiency,3,11437.800000000001,6332.324133663194,6300.817240981191,55.36313044172125,20,20,LOCALLY_SOLVED,false,0.5000000948593755,5.435057396498044,false
motivation_c,min_max,3,11437.800000000001,6372.939560660011,6331.412052188617,55.71822868611106,20,20,LOCALLY_SOLVED,false,0.5000000948061452,8.720198705987059,false
motivation_c,equality_min,3,11437.800000000001,10108.301304327246,10108.301304327248,88.37627257276088,20,20,LOCALLY_SOLVED,false,0.0,0.0,true
motivation_c,proportional,3,11437.800000000001,6336.355909465574,6300.762533257391,55.39838001596088,20,20,LOCALLY_SOLVED,false,0.5000000917247629,10.82784639342276,false
motivation_c,jain,3,11437.800000000001,10108.301247500414,10108.301247500413,88.3762720759273,20,20,LOCALLY_SOLVED,false,2.184918912462308e-13,1.2113332559238188e-10,true
motivation_c,palma,3,11437.800000000001,8840.306792106941,8840.306792106941,77.29027253586302,20,20,TIME_LIMIT,false,0.0,0.0,true
