switch_name,phase,p,q,s_mag,current_rating,is_closed
632633,1,731.7047709712285,180.295448542535,753.5902869777528,308.0,true
632633,2,186.86291587922776,-62.96710226961086,197.18672698515735,308.0,true
632633,3,498.865006219801,177.47367721989642,529.4933432410969,308.0,true
632645,1,515.1612423650095,315.3873561407137,604.0366628347068,322.0,true
632645,2,673.1594889301481,416.8679012515052,791.7844053974118,322.0,true
632645,3,672.0309368698129,272.0277603056579,724.9997810255055,322.0,true
