FairnessFunction,FinalLoadShed
proportional,2006.7085024682963
efficiency,1474.226704116827
min_max,2018.6396967372257
jain,1957.3894850065637
equality_min,2004.1669995627135
