case,fair_func,total_demand,final_pshed,final_pd_served,pct_shed,pct_served,relaxed_pshed_final,objective
motivation_c,efficiency,3466.0,1946.1929135626194,1519.8070864373803,56.15097846401095,43.849021535989046,1995.6783232262715,13798.071834079525
motivation_c,proportional,3466.0,3266.0,200.0,94.22965954991345,5.770340450086555,3291.1021038222934,201.99999799999998
motivation_c,equality_min,3466.0,2352.302730887448,1113.697269112552,67.86793799444455,32.132062005555454,0.21564519154097112,14244.232349580598
motivation_c,min_max,3466.0,3266.0,200.0,94.22965954991345,5.770340450086555,3261.619873161688,424.25762355626887
motivation_c,jain,3466.0,2812.952879018105,653.0471209818951,81.15847890992801,18.84152109007199,2694.651245575816,3982.7284054289935
motivation_c,palma,3466.0,1934.0262834586533,1531.973716541347,55.79995047486016,44.20004952513984,1782.5126066176738,15319.73716541347
