switch_id,state,ps_fr,qs_fr
1,0.0,0.0,0.0
2,1.0,477.88479824120515,-59.748274493272625
3,0.0,0.0,0.0
4,1.0,555.6167065249983,210.9679940875365
5,1.0,286.3055816707763,173.4000877829161
6,1.0,77.88479824175342,-349.74648346970383
