switch_id,state,ps_fr,qs_fr
1,0.0,0.0,0.0
2,1.0,355.8155881147001,-57.89622814261929
3,1.0,-0.3144590011163721,-0.23013912403828748
4,1.0,557.8816809986683,212.71372865165455
5,0.0,0.0,0.0
6,1.0,354.8785110508079,-58.573802137835614
