switch_id,state,ps_fr,qs_fr
1,0.0,0.0,0.0
2,1.0,453.0471209838166,56.329543488700466
3,0.0,0.0,0.0
4,0.0,0.0,0.0
5,0.0,0.0,0.0
6,1.0,170.0,-148.8778032984595
