switch_id,state,ps_fr,qs_fr
1,0.0,0.0,0.0
2,1.0,489.6124096379426,-88.02038724613598
3,0.0,0.0,0.0
4,1.0,555.7881792691829,211.19230244684172
5,1.0,286.57312763435317,173.59681204125172
6,1.0,89.61240963830592,-378.0185948655057
