bus_id,vm_avg,z_voltage
1,0.0,0.0
2,0.0,0.0
3,1.023712278012253,1.0
4,0.0,0.0
5,1.023712278012253,1.0
6,1.03,1.0
7,0.0,0.0
8,0.0,0.0
9,1.0253637329837961,1.0
10,1.0253637329837961,1.0
11,0.0,0.0
12,1.022911252497422,1.0
13,1.0245766568296997,1.0
14,0.0,0.0
15,1.022911252497422,1.0
16,1.0253637329837961,1.0
17,0.0,0.0
18,0.0,0.0
19,0.0,0.0
20,1.023712278012253,1.0
