load_id,pd,qd,pshed,qshed,z_demand
1,160.0,110.0,0.0,0.0,1.0
2,6.282522278077494,5.543402010068377,61.717477721922506,54.45659798993162,0.09239003350113961
3,524.7276851492708,299.844391513869,630.2723148507291,360.155608486131,0.4543096841119228
4,44.80916624805271,17.554106365216526,440.1908337519473,172.4458936347835,0.09239003350113961
5,2.607206958595961,1.7517171753066614,125.39279304140403,84.24828282469333,0.020368804364030945
6,230.0,132.0,0.0,0.0,1.0
7,56.30558167092151,41.40116299332464,113.69441832907849,83.59883700667535,0.33120930394659714
8,117.0,68.0,0.0,0.0,1.0
9,120.0,90.0,0.0,0.0,1.0
10,66.0,38.0,0.0,0.0,1.0
11,120.0,90.0,0.0,0.0,1.0
12,26.793109715330488,19.586687102241598,263.2068902846695,192.4133128977584,0.09239003350113961
13,0.0,0.0,170.0,151.0,0.0
14,17.0,10.0,0.0,0.0,1.0
15,28.281814417131574,13.309089137473682,141.71818558286841,66.69091086252632,0.16636361421842102
