switch_name,phase,p,q,c_mag,current_rating,is_closed
632633,1,710.3560629440187,154.26171998261702,699.9990767513918,700.0,true
632633,2,185.2333444859048,-72.49390070303191,190.73516332732663,700.0,true
632633,3,483.2510354880065,158.09991293260856,491.5042256124122,700.0,true
632645,1,280.64445874543117,168.16696476703063,315.0583850401697,700.0,true
632645,2,487.96864927733304,306.9787491639419,552.7935345336673,700.0,true
632645,3,425.35249609538124,127.14332118025018,429.14757455497744,700.0,true
