FairnessFunction,FinalLoadShed
proportional,2018.6397173232
efficiency,1159.3881167608474
min_max,1634.2458109525935
jain,962.7404608241193
equality_min,1300.3998623731281
