FairnessFunction,MinMax,Proportional,Jain,Palma,Gini
proportional,392.58070020507046,NaN,0.4096499812646987,1363.2935351593192,0.6664248802553626
efficiency,392.58070020507046,NaN,0.4096499812646987,1363.2935351593192,0.6664248802553626
min_max,392.58070020507046,NaN,0.4096499812646987,1363.2935351593192,0.6664248802553626
jain,392.58070020507046,NaN,0.4096499812646987,1363.2935351593192,0.6664248802553626
equality_min,392.58070020507046,NaN,0.4096499812646987,1363.2935351593192,0.6664248802553626
