FairnessFunction,FinalLoadShed
proportional,2018.6397173232
efficiency,1159.3933985277245
min_max,2018.306266877831
jain,1894.1727380175723
equality_min,1828.2917352279012
