Gini_Index,Jains_Index,Palma_Ratio,Alpha_Fairness_1,Alpha_Fairness_0_5,Alpha_Fairness_5
0.999997803570164,0.9999999998795832,0.2857230091361159,-172.44643148298974,0.40637543632711914,-2.77678843935986e16
