Gini_Index,Jains_Index,Palma_Ratio,Alpha_Fairness_1,Alpha_Fairness_0_5,Alpha_Fairness_5
0.9999999936820326,0.9999999999999992,0.28571429974509704,-2.461171106059918e-7,37.999999753882896,-4.750000246117138
