Gini_Index,Jains_Index,Palma_Ratio,Alpha_Fairness_1,Alpha_Fairness_0_5,Alpha_Fairness_5
0.9989271840700524,0.9999761581525847,0.28973021112260217,-20.102736055000964,22.38899959282351,-327.1721472713719
