=== FULL INTEGER Mon Jun 15 07:54:23 EDT 2026 ===
Set parameter Username
Set parameter LicenseID to value 2813843
Academic license - for non-commercial use only - expires 2027-04-27
Set parameter NonConvex to value 2
Set parameter MIPGap to value 0.01
Set parameter TimeLimit to value 180
Set parameter MIPFocus to value 1
Set parameter NumericFocus to value 2
Set parameter Username
Set parameter LicenseID to value 2813843
Academic license - for non-commercial use only - expires 2027-04-27
Set parameter MIPGap to value 0.01
Set parameter TimeLimit to value 300
Set parameter MIPFocus to value 1
Set parameter MIPGap to value 0.01
Set parameter MIPFocus to value 1
Set parameter TimeLimit to value 300
Gurobi Optimizer version 12.0.3 build v12.0.3rc0 (win64 - Windows 11+.0 (26200.2))

CPU model: 11th Gen Intel(R) Core(TM) i7-1165G7 @ 2.80GHz, instruction set [SSE2|AVX|AVX2|AVX512]
Thread count: 4 physical cores, 8 logical processors, using up to 8 threads

Non-default parameters:
TimeLimit  300
MIPGap  0.01
MIPFocus  1

Optimize a model with 9088 rows, 5240 columns and 22208 nonzeros
Model fingerprint: 0x7a6a65fc
Model has 264 quadratic constraints
Variable types: 4920 continuous, 320 integer (320 binary)
Coefficient statistics:
  Matrix range     [9e-09, 2e+01]
  QMatrix range    [1e+00, 5e+02]
  QLMatrix range   [1e+00, 1e+00]
  Objective range  [7e-02, 4e-01]
  Bounds range     [1e+00, 2e+01]
  RHS range        [7e-01, 2e+01]

User MIP start did not produce a new incumbent solution
User MIP start violates constraint R122 by 4.345047923

Presolve removed 7992 rows and 4586 columns
Presolve time: 0.87s
Presolved: 1096 rows, 654 columns, 3470 nonzeros
Presolved model has 48 quadratic constraint(s)
Variable types: 606 continuous, 48 integer (48 binary)

Root relaxation: objective 3.501330e+01, 371 iterations, 0.01 seconds (0.00 work units)
Another try with MIP start

    Nodes    |    Current Node    |     Objective Bounds      |     Work
 Expl Unexpl |  Obj  Depth IntInf | Incumbent    BestBd   Gap | It/Node Time

     0     0   35.01330    0   11          -   35.01330      -     -    0s
     0     0   35.97976    0   16          -   35.97976      -     -    0s
     0     0   36.92795    0   14          -   36.92795      -     -    0s
H    0     0                      57.4931775   36.92795  35.8%     -    0s
H    0     0                      56.9400801   38.31030  32.7%     -    0s
     0     0   38.31030    0   11   56.94008   38.31030  32.7%     -    0s
H    0     0                      54.1490185   38.45325  29.0%     -    0s
H    0     0                      53.8666692   38.45325  28.6%     -    0s
     0     0   38.45325    0   11   53.86667   38.45325  28.6%     -    0s
H    0     0                      53.5858118   38.45325  28.2%     -    0s
     0     0   39.02645    0    9   53.58581   39.02645  27.2%     -    0s
H    0     0                      40.0172186   39.02645  2.48%     -    0s
     0     0   39.56673    0    8   40.01722   39.56673  1.13%     -    0s
     0     0     cutoff    0        40.01722   40.01722  0.00%     -    0s

Cutting planes:
  Gomory: 4
  Implied bound: 21
  Clique: 6
  MIR: 4
  Flow cover: 7
  RLT: 4
  Relax-and-lift: 6

Explored 1 nodes (1116 simplex iterations) in 0.97 seconds (0.50 work units)
Thread count was 8 (of 8 available processors)

Solution count 6: 40.0172 53.5858 53.8667 ... 57.4932

Optimal solution found (tolerance 1.00e-02)
Best objective 4.001721856872e+01, best bound 4.001721856872e+01, gap 0.0000%

User-callback calls 967, time in user-callback 0.00 sec
Set parameter NumericFocus to value 2
Set parameter NonConvex to value 2
Set parameter MIPGap to value 0.01
Set parameter MIPFocus to value 1
Set parameter TimeLimit to value 180
Gurobi Optimizer version 12.0.3 build v12.0.3rc0 (win64 - Windows 11+.0 (26200.2))

CPU model: 11th Gen Intel(R) Core(TM) i7-1165G7 @ 2.80GHz, instruction set [SSE2|AVX|AVX2|AVX512]
Thread count: 4 physical cores, 8 logical processors, using up to 8 threads

Non-default parameters:
TimeLimit  180
MIPGap  0.01
MIPFocus  1
NonConvex  2
NumericFocus  2

Optimize a model with 9357 rows, 5403 columns and 24215 nonzeros
Model fingerprint: 0x9f6bdb2f
Model has 265 quadratic constraints
Variable types: 5002 continuous, 401 integer (401 binary)
Coefficient statistics:
  Matrix range     [9e-09, 2e+03]
  QMatrix range    [1e+00, 5e+02]
  QLMatrix range   [1e+00, 1e+00]
  Objective range  [2e-03, 2e-03]
  Bounds range     [1e-08, 2e+01]
  RHS range        [7e-01, 2e+03]
  QRHS range       [1e+00, 1e+00]

User MIP start did not produce a new incumbent solution
User MIP start violates constraint R122 by 4.345047923

Presolve removed 4568 rows and 2520 columns
Presolve time: 0.09s
Presolved: 4894 rows, 3051 columns, 16592 nonzeros
Presolved model has 80 SOS constraint(s)
Presolved model has 216 quadratic constraint(s)
Variable types: 2730 continuous, 321 integer (321 binary)

Root relaxation: objective 2.214031e-01, 1616 iterations, 0.03 seconds (0.03 work units)

    Nodes    |    Current Node    |     Objective Bounds      |     Work
 Expl Unexpl |  Obj  Depth IntInf | Incumbent    BestBd   Gap | It/Node Time

     0     0    0.22140    0  134          -    0.22140      -     -    0s
Another try with MIP start
H    0     0                       0.3533385    0.22319  36.8%     -    0s
     0     0    0.22319    0  120    0.35334    0.22319  36.8%     -    0s
     0     0    0.22418    0  151    0.35334    0.22418  36.6%     -    0s
     0     0    0.22418    0  151    0.35334    0.22418  36.6%     -    0s
     0     0    0.25223    0  124    0.35334    0.25223  28.6%     -    0s
     0     0    0.25254    0  107    0.35334    0.25254  28.5%     -    0s
     0     0    0.27116    0   77    0.35334    0.27116  23.3%     -    0s
     0     2    0.27116    0   77    0.35334    0.27116  23.3%     -    0s
  1440    47 infeasible   51         0.35334    0.34569  2.16%  27.2    5s

Cutting planes:
  Cover: 7
  Implied bound: 133
  Clique: 35
  MIR: 12
  StrongCG: 1
  Flow cover: 38
  RLT: 39
  Relax-and-lift: 37

Explored 1788 nodes (49713 simplex iterations) in 5.69 seconds (3.10 work units)
Thread count was 8 (of 8 available processors)

Solution count 1: 0.353339 

Optimal solution found (tolerance 1.00e-02)
Best objective 3.533385124495e-01, best bound 3.501388700380e-01, gap 0.9055%

User-callback calls 4819, time in user-callback 0.00 sec
Load profile assignments for more_meshed_6_bus:
  (name = "l5", bus = 1, n_phases = 1, balanced = true, phases = [(1, -1)])
  (name = "l6", bus = 1, n_phases = 1, balanced = true, phases = [(1, 1)])
  (name = "l7", bus = 1, n_phases = 1, balanced = true, phases = [(1, 0)])
  (name = "l1", bus = 4, n_phases = 1, balanced = true, phases = [(1, -1)])
  (name = "l2", bus = 4, n_phases = 1, balanced = true, phases = [(3, -1)])
  (name = "l3", bus = 4, n_phases = 1, balanced = true, phases = [(2, 0)])
  (name = "l4", bus = 5, n_phases = 1, balanced = true, phases = [(2, 0)])
  (name = "l9", bus = 6, n_phases = 3, balanced = true, phases = [(1, 1), (1, -1), (1, 0)])
  (name = "l8", bus = 7, n_phases = 3, balanced = true, phases = [(2, -1), (2, 0), (2, 1)])
Warmstart: solving pure-efficiency multi-period MLD (no Gini machinery)…
  efficiency-warmstart status=OPTIMAL
  warm cost-wtd agg total=2929.09   σ_start=3.8e-5
alpha=0.0  status=OPTIMAL
  agg total_shed = 2929.087   cost-wtd Gini(Υ^agg) (post-hoc) = 0.6676   model(−(n−1)/n+2σ·cumsum) = 0.6676   uncosted-agg-served-Gini (diag) = 0.3113
Gurobi Optimizer version 12.0.3 build v12.0.3rc0 (win64 - Windows 11+.0 (26200.2))

CPU model: 11th Gen Intel(R) Core(TM) i7-1165G7 @ 2.80GHz, instruction set [SSE2|AVX|AVX2|AVX512]
Thread count: 4 physical cores, 8 logical processors, using up to 8 threads

Non-default parameters:
TimeLimit  180
MIPGap  0.01
MIPFocus  1
GomoryPasses  0
NonConvex  2
NumericFocus  2

Optimize a model with 9357 rows, 5403 columns and 24215 nonzeros
Model fingerprint: 0x9908dc4a
Model has 72 quadratic objective terms
Model has 265 quadratic constraints
Variable types: 5002 continuous, 401 integer (401 binary)
Coefficient statistics:
  Matrix range     [9e-09, 2e+03]
  QMatrix range    [1e+00, 5e+02]
  QLMatrix range   [1e+00, 1e+00]
  Objective range  [2e-03, 2e-03]
  QObjective range [4e-01, 3e+00]
  Bounds range     [1e-08, 2e+01]
  RHS range        [7e-01, 2e+03]
  QRHS range       [1e+00, 1e+00]

User MIP start did not produce a new incumbent solution
User MIP start violates constraint R122 by 4.345047923
Loaded MIP start from previous solve with objective 0.381912

Presolve removed 4568 rows and 2520 columns
Presolve time: 0.09s
Presolved: 5039 rows, 3125 columns, 16953 nonzeros
Presolved model has 80 SOS constraint(s)
Presolved model has 216 quadratic constraint(s)
Presolved model has 72 bilinear constraint(s)
Warning: Model contains variables with very large bounds participating
         in product terms.
         Presolve was not able to compute smaller bounds for these variables.
         Consider bounding these variables or reformulating the model.


Solving non-convex MIQCP

Variable types: 2804 continuous, 321 integer (321 binary)

Root relaxation: objective 1.204675e-01, 1578 iterations, 0.03 seconds (0.02 work units)

    Nodes    |    Current Node    |     Objective Bounds      |     Work
 Expl Unexpl |  Obj  Depth IntInf | Incumbent    BestBd   Gap | It/Node Time

     0     0    0.12047    0  142    0.38191    0.12047  68.5%     -    0s
     0     0    0.12180    0  134    0.38191    0.12180  68.1%     -    0s
     0     0    0.12299    0  145    0.38191    0.12299  67.8%     -    0s
     0     0    0.12299    0  145    0.38191    0.12299  67.8%     -    0s
     0     0    0.13414    0  145    0.38191    0.13414  64.9%     -    0s
     0     0    0.13816    0  130    0.38191    0.13816  63.8%     -    0s
     0     0    0.14225    0  115    0.38191    0.14225  62.8%     -    0s
     0     2    0.14225    0  114    0.38191    0.14225  62.8%     -    0s
   440   333    0.23415   18   78    0.38191    0.17944  53.0%  36.9    5s
   677   396    0.30595   34   54    0.38191    0.20232  47.0%  69.4   10s
  1045   470     cutoff   35         0.38191    0.20931  45.2%  61.1   15s
  1554   629     cutoff   33         0.38191    0.22008  42.4%  55.3   20s
  2070   780     cutoff   56         0.38191    0.23022  39.7%  52.3   25s
  2618  1026    0.25348   40   60    0.38191    0.23957  37.3%  51.1   30s
  3189  1256    0.36364   41   37    0.38191    0.24225  36.6%  48.9   35s
  3633  1442    0.29533   36   63    0.38191    0.24292  36.4%  48.2   40s
  4318  1693    0.25519   37   61    0.38191    0.24292  36.4%  47.3   46s
  4766  1930    0.27919   31   63    0.38191    0.24860  34.9%  47.9   51s
  5191  2085    0.31607   42   69    0.38191    0.25087  34.3%  47.8   55s
  5856  2298    0.28027   35   50    0.38191    0.25179  34.1%  46.7   60s
  6361  2491    0.27082   33   57    0.38191    0.25394  33.5%  46.6   65s
  6754  2644 infeasible   47         0.38191    0.25439  33.4%  46.5   70s
  7335  2847 infeasible   40         0.38191    0.25589  33.0%  46.2   76s
  7999  3079     cutoff   35         0.38191    0.25741  32.6%  45.8   81s
  9189  3611    0.27560   24   73    0.38191    0.25891  32.2%  43.9   86s
  9447  4018    0.30247   36   55    0.38191    0.25891  32.2%  43.9   90s
 10731  4407    0.26751   32   70    0.38191    0.26098  31.7%  42.8   96s
 12091  5062    0.28525   38   57    0.38191    0.26362  31.0%  42.6  103s
 13289  5118 infeasible   50         0.38191    0.26470  30.7%  41.7  107s
 13609  5370 infeasible   44         0.38191    0.26536  30.5%  41.9  111s
 14941  5729 infeasible   49         0.38191    0.26718  30.0%  41.7  118s
 15448  6268    0.27894   38   52    0.38191    0.26803  29.8%  41.6  123s
 16692  6431    0.28682   40   42    0.38191    0.26878  29.6%  40.7  127s
 17085  6548    0.29024   34   79    0.38191    0.26909  29.5%  40.7  132s
 17561  7291     cutoff   42         0.38191    0.26959  29.4%  40.9  138s
 19227  7428    0.33597   52   37    0.38191    0.27058  29.2%  39.5  144s
 19801  7560    0.34159   41   58    0.38191    0.27110  29.0%  39.4  150s
 20665  7717    0.27834   32   83    0.38191    0.27182  28.8%  39.3  155s
 21301  7942    0.28468   36   50    0.38191    0.27243  28.7%  39.2  161s
 22134  8689    0.28702   39   57    0.38191    0.27335  28.4%  39.2  167s
 24032  8864    0.29151   37   44    0.38191    0.27452  28.1%  38.4  172s
 24706  8982    0.33465   46   47    0.38191    0.27510  28.0%  38.4  177s
 25258  9070     cutoff   36         0.38191    0.27534  27.9%  38.4  180s

Cutting planes:
  Cover: 8
  Implied bound: 68
  Clique: 7
  MIR: 7
  StrongCG: 1
  Flow cover: 45
  RLT: 20
  Relax-and-lift: 28

Explored 25610 nodes (991448 simplex iterations) in 180.08 seconds (46.69 work units)
Thread count was 8 (of 8 available processors)

Solution count 1: 0.381912 

Time limit reached
Best objective 3.819122484949e-01, best bound 2.757127006581e-01, gap 27.8073%

User-callback calls 64112, time in user-callback 0.12 sec
alpha=0.09090909090909091  status=TIME_LIMIT
  agg total_shed = 2929.087   cost-wtd Gini(Υ^agg) (post-hoc) = 0.6676   model(−(n−1)/n+2σ·cumsum) = 0.6676   uncosted-agg-served-Gini (diag) = 0.3113
Gurobi Optimizer version 12.0.3 build v12.0.3rc0 (win64 - Windows 11+.0 (26200.2))

CPU model: 11th Gen Intel(R) Core(TM) i7-1165G7 @ 2.80GHz, instruction set [SSE2|AVX|AVX2|AVX512]
Thread count: 4 physical cores, 8 logical processors, using up to 8 threads

Non-default parameters:
TimeLimit  180
MIPGap  0.01
MIPFocus  1
GomoryPasses  0
NonConvex  2
NumericFocus  2

Optimize a model with 9357 rows, 5403 columns and 24215 nonzeros
Model fingerprint: 0xb9367f6a
Model has 72 quadratic objective terms
Model has 265 quadratic constraints
Variable types: 5002 continuous, 401 integer (401 binary)
Coefficient statistics:
  Matrix range     [9e-09, 2e+03]
  QMatrix range    [1e+00, 5e+02]
  QLMatrix range   [1e+00, 1e+00]
  Objective range  [1e-03, 1e-03]
  QObjective range [7e-01, 6e+00]
  Bounds range     [1e-08, 2e+01]
  RHS range        [7e-01, 2e+03]
  QRHS range       [1e+00, 1e+00]

User MIP start did not produce a new incumbent solution
User MIP start violates constraint R122 by 4.345047923
Loaded MIP start from previous solve with objective 0.410486

Presolve removed 4568 rows and 2520 columns
Presolve time: 0.14s
Presolved: 5039 rows, 3125 columns, 16953 nonzeros
Presolved model has 80 SOS constraint(s)
Presolved model has 216 quadratic constraint(s)
Presolved model has 72 bilinear constraint(s)
Warning: Model contains variables with very large bounds participating
         in product terms.
         Presolve was not able to compute smaller bounds for these variables.
         Consider bounding these variables or reformulating the model.


Solving non-convex MIQCP

Variable types: 2804 continuous, 321 integer (321 binary)

Root relaxation: objective 1.953187e-02, 1578 iterations, 0.03 seconds (0.02 work units)

    Nodes    |    Current Node    |     Objective Bounds      |     Work
 Expl Unexpl |  Obj  Depth IntInf | Incumbent    BestBd   Gap | It/Node Time

     0     0    0.01953    0  153    0.41049    0.01953  95.2%     -    0s
     0     0    0.02180    0  136    0.41049    0.02180  94.7%     -    0s
     0     0    0.02180    0  143    0.41049    0.02180  94.7%     -    0s
     0     0    0.02180    0  142    0.41049    0.02180  94.7%     -    0s
     0     0    0.04324    0   99    0.41049    0.04324  89.5%     -    0s
     0     0    0.04568    0  119    0.41049    0.04568  88.9%     -    0s
     0     0    0.07750    0   94    0.41049    0.07750  81.1%     -    0s
     0     2    0.07750    0   93    0.41049    0.07750  81.1%     -    1s
   447   392    0.12974   13   81    0.41049    0.09432  77.0%  27.7    5s
   785   526    0.25291   36   51    0.41049    0.11523  71.9%  44.5   10s
  1308   675    0.21546   38   86    0.41049    0.12963  68.4%  42.4   15s
  1959   874 infeasible   34         0.41049    0.14098  65.7%  41.4   20s
  2779  1301 infeasible   21         0.41049    0.15162  63.1%  39.3   25s
  3639  1641    0.30741   31   35    0.41049    0.15515  62.2%  38.3   30s
  4379  1883    0.20245   32   53    0.41049    0.15815  61.5%  37.9   35s
  5150  2197     cutoff   44         0.41049    0.16086  60.8%  37.5   40s
  5839  2452    0.18284   30   64    0.41049    0.16251  60.4%  36.9   45s
  6817  2779    0.36449   39   27    0.41049    0.16505  59.8%  36.5   51s
  7419  3007    0.17307   29   71    0.41049    0.16604  59.6%  36.4   55s
  8394  3430    0.19386   33   44    0.41049    0.16898  58.8%  35.9   61s
  9051  3714    0.19620   33   67    0.41049    0.16917  58.8%  35.7   65s
  9785  3991 infeasible   36         0.41049    0.17077  58.4%  35.8   70s
 10586  4302 infeasible   37         0.41049    0.17259  58.0%  35.9   75s
 11649  4666    0.25568   31   71    0.41049    0.17337  57.8%  35.5   81s
 12569  5040    0.18674   33   43    0.41049    0.17441  57.5%  35.7   87s
 13140  5192    0.25597   36   59    0.41049    0.17531  57.3%  35.5   90s
 14250  5649    0.40230   37   30    0.41049    0.17627  57.1%  35.3   97s
 14881  5939    0.35093   45   77    0.41049    0.17673  56.9%  35.2  101s
 15491  6201 infeasible   47         0.41049    0.17717  56.8%  35.0  105s
 16763  6713    0.18298   33   62    0.41049    0.17770  56.7%  34.6  113s
 17291  6982 infeasible   48         0.41049    0.17784  56.7%  34.6  117s
 17996  7199    0.33356   47   30    0.41049    0.17832  56.6%  34.6  122s
 18750  7464    0.31072   39   43    0.41049    0.17925  56.3%  34.7  127s
 19551  7644    0.27869   35   43    0.41049    0.17983  56.2%  34.9  132s
 20229  7927    0.18343   32   53    0.41049    0.18035  56.1%  34.9  136s
 21034  8250    0.34648   44   59    0.41049    0.18101  55.9%  35.0  141s
 21764  8525 infeasible   39         0.41049    0.18143  55.8%  35.0  146s
 22643  8725    0.25330   37   50    0.41049    0.18204  55.7%  35.0  152s
 23450  8946     cutoff   46         0.41049    0.18246  55.5%  35.2  156s
 24006  9232    0.37441   49   21    0.41049    0.18296  55.4%  35.3  161s
H24778  9237                       0.4104860    0.18298  55.4%  35.3  161s
 24799  9426    0.21456   32   51    0.41049    0.18298  55.4%  35.3  166s
 25525  9726    0.31129   38   54    0.41049    0.18364  55.3%  35.4  171s
 26280  9921 infeasible   46         0.41049    0.18446  55.1%  35.4  176s
 27138 10135 infeasible   60         0.41049    0.18514  54.9%  35.6  180s

Cutting planes:
  Cover: 2
  Implied bound: 82
  Clique: 15
  MIR: 7
  StrongCG: 2
  Flow cover: 59
  RLT: 25
  Relax-and-lift: 34

Explored 27716 nodes (995444 simplex iterations) in 180.11 seconds (42.13 work units)
Thread count was 8 (of 8 available processors)

Solution count 2: 0.410486 0.410486 

Time limit reached
Best objective 4.104859845402e-01, best bound 1.853641011619e-01, gap 54.8428%

User-callback calls 70591, time in user-callback 0.11 sec
alpha=0.18181818181818182  status=TIME_LIMIT
  agg total_shed = 2929.087   cost-wtd Gini(Υ^agg) (post-hoc) = 0.6676   model(−(n−1)/n+2σ·cumsum) = 0.6676   uncosted-agg-served-Gini (diag) = 0.3113
Gurobi Optimizer version 12.0.3 build v12.0.3rc0 (win64 - Windows 11+.0 (26200.2))

CPU model: 11th Gen Intel(R) Core(TM) i7-1165G7 @ 2.80GHz, instruction set [SSE2|AVX|AVX2|AVX512]
Thread count: 4 physical cores, 8 logical processors, using up to 8 threads

Non-default parameters:
TimeLimit  180
MIPGap  0.01
MIPFocus  1
GomoryPasses  0
NonConvex  2
NumericFocus  2

Optimize a model with 9357 rows, 5403 columns and 24215 nonzeros
Model fingerprint: 0x57f1bcf6
Model has 72 quadratic objective terms
Model has 265 quadratic constraints
Variable types: 5002 continuous, 401 integer (401 binary)
Coefficient statistics:
  Matrix range     [9e-09, 2e+03]
  QMatrix range    [1e+00, 5e+02]
  QLMatrix range   [1e+00, 1e+00]
  Objective range  [1e-03, 1e-03]
  QObjective range [1e+00, 9e+00]
  Bounds range     [1e-08, 2e+01]
  RHS range        [7e-01, 2e+03]
  QRHS range       [1e+00, 1e+00]

User MIP start did not produce a new incumbent solution
User MIP start violates constraint R122 by 4.345047923
Loaded MIP start from previous solve with objective 0.43906

Presolve removed 4568 rows and 2520 columns
Presolve time: 0.15s
Presolved: 5039 rows, 3125 columns, 16953 nonzeros
Presolved model has 80 SOS constraint(s)
Presolved model has 216 quadratic constraint(s)
Presolved model has 72 bilinear constraint(s)
Warning: Model contains variables with very large bounds participating
         in product terms.
         Presolve was not able to compute smaller bounds for these variables.
         Consider bounding these variables or reformulating the model.


Solving non-convex MIQCP

Variable types: 2804 continuous, 321 integer (321 binary)

Root relaxation: objective -8.140377e-02, 1578 iterations, 0.04 seconds (0.02 work units)

    Nodes    |    Current Node    |     Objective Bounds      |     Work
 Expl Unexpl |  Obj  Depth IntInf | Incumbent    BestBd   Gap | It/Node Time

     0     0   -0.08140    0  147    0.43906   -0.08140   119%     -    0s
     0     0   -0.07939    0  130    0.43906   -0.07939   118%     -    0s
     0     0   -0.07939    0  152    0.43906   -0.07939   118%     -    0s
     0     0   -0.07939    0  152    0.43906   -0.07939   118%     -    0s
     0     0   -0.06611    0  104    0.43906   -0.06611   115%     -    0s
     0     0   -0.05840    0  105    0.43906   -0.05840   113%     -    0s
     0     0   -0.04236    0   96    0.43906   -0.04236   110%     -    0s
     0     2   -0.04236    0   96    0.43906   -0.04236   110%     -    1s
   402   338    0.13152   37   62    0.43906   -0.02002   105%  41.6    5s
   674   456    0.08532   32  103    0.43906   -0.00796   102%  44.7   10s
  1162   561    0.15247   29   56    0.43906    0.01181  97.3%  39.5   15s
  1948   765    0.24329   30   91    0.43906    0.02310  94.7%  39.1   20s
  2763  1126 infeasible   38         0.43906    0.03462  92.1%  37.5   25s
  3577  1359 infeasible   31         0.43906    0.04196  90.4%  38.0   30s
  4434  1754    0.08594   30   57    0.43906    0.04397  90.0%  37.3   35s
  5256  2061    0.08783   27   67    0.43906    0.04925  88.8%  38.4   40s
  6106  2351 infeasible   40         0.43906    0.05418  87.7%  38.8   45s
  6933  2649    0.11565   26   74    0.43906    0.05722  87.0%  39.2   50s
  7810  3041    0.20069   29   51    0.43906    0.05979  86.4%  38.9   56s
  8398  3349    0.11420   34   48    0.43906    0.06040  86.2%  38.8   60s
  9365  3729    0.23093   35   37    0.43906    0.06320  85.6%  39.6   66s
 10117  4031    0.33367   39   28    0.43906    0.06349  85.5%  39.2   72s
 10488  4172    0.10151   34   64    0.43906    0.06466  85.3%  39.3   75s
 11388  4409    0.13157   31   45    0.43906    0.06626  84.9%  39.5   80s
 12244  4738    0.07737   30   82    0.43906    0.06804  84.5%  39.6   86s
 13168  5068 infeasible   41         0.43906    0.06938  84.2%  39.9   92s
 13677  5321 infeasible   35         0.43906    0.07043  84.0%  40.0   96s
 14749  5639    0.13086   30   84    0.43906    0.07178  83.7%  39.6  103s
 15354  5852    0.14823   38   48    0.43906    0.07246  83.5%  39.7  107s
 15891  6126 infeasible   34         0.43906    0.07261  83.5%  40.0  110s
 16525  6402    0.10805   27   44    0.43906    0.07340  83.3%  39.7  115s
 17939  6789     cutoff   46         0.43906    0.07583  82.7%  39.7  124s
 18562  7093    0.08762   27   48    0.43906    0.07647  82.6%  39.7  129s
 19286  7360    0.23270   38   37    0.43906    0.07697  82.5%  39.9  133s
 20093  7638 infeasible   33         0.43906    0.07783  82.3%  39.8  140s
 20830  7985 infeasible   36         0.43906    0.07897  82.0%  39.7  145s
 21697  8283    0.26582   36   36    0.43906    0.07925  81.9%  39.4  151s
 22482  8491    0.28939   35   44    0.43906    0.08037  81.7%  39.2  156s
 23167  8747    0.13357   34   45    0.43906    0.08061  81.6%  39.3  162s
 24076  9017    0.09609   30   72    0.43906    0.08167  81.4%  39.2  167s
 24792  9232    0.12188   38   70    0.43906    0.08190  81.3%  39.2  172s
 25514  9526    0.38931   54   32    0.43906    0.08278  81.1%  39.3  178s
 26425  9561 infeasible   44         0.43906    0.08360  81.0%  39.2  180s

Cutting planes:
  Cover: 2
  Implied bound: 62
  Clique: 7
  MIR: 8
  StrongCG: 1
  Flow cover: 39
  RLT: 15
  Relax-and-lift: 23

Explored 26612 nodes (1052554 simplex iterations) in 180.07 seconds (41.13 work units)
Thread count was 8 (of 8 available processors)

Solution count 1: 0.43906 

Time limit reached
Best objective 4.390597205856e-01, best bound 8.369972554075e-02, gap 80.9366%

User-callback calls 66506, time in user-callback 0.10 sec
alpha=0.2727272727272727  status=TIME_LIMIT
  agg total_shed = 2929.087   cost-wtd Gini(Υ^agg) (post-hoc) = 0.6676   model(−(n−1)/n+2σ·cumsum) = 0.6676   uncosted-agg-served-Gini (diag) = 0.3113
Gurobi Optimizer version 12.0.3 build v12.0.3rc0 (win64 - Windows 11+.0 (26200.2))

CPU model: 11th Gen Intel(R) Core(TM) i7-1165G7 @ 2.80GHz, instruction set [SSE2|AVX|AVX2|AVX512]
Thread count: 4 physical cores, 8 logical processors, using up to 8 threads

Non-default parameters:
TimeLimit  180
MIPGap  0.01
MIPFocus  1
GomoryPasses  0
NonConvex  2
NumericFocus  2

Optimize a model with 9357 rows, 5403 columns and 24215 nonzeros
Model fingerprint: 0xb6b394e0
Model has 72 quadratic objective terms
Model has 265 quadratic constraints
Variable types: 5002 continuous, 401 integer (401 binary)
Coefficient statistics:
  Matrix range     [9e-09, 2e+03]
  QMatrix range    [1e+00, 5e+02]
  QLMatrix range   [1e+00, 1e+00]
  Objective range  [1e-03, 1e-03]
  QObjective range [1e+00, 1e+01]
  Bounds range     [1e-08, 2e+01]
  RHS range        [7e-01, 2e+03]
  QRHS range       [1e+00, 1e+00]

User MIP start did not produce a new incumbent solution
User MIP start violates constraint R122 by 4.345047923
Loaded MIP start from previous solve with objective 0.467633

Presolve removed 4568 rows and 2520 columns
Presolve time: 0.14s
Presolved: 5039 rows, 3125 columns, 16953 nonzeros
Presolved model has 80 SOS constraint(s)
Presolved model has 216 quadratic constraint(s)
Presolved model has 72 bilinear constraint(s)
Warning: Model contains variables with very large bounds participating
         in product terms.
         Presolve was not able to compute smaller bounds for these variables.
         Consider bounding these variables or reformulating the model.


Solving non-convex MIQCP

Variable types: 2804 continuous, 321 integer (321 binary)

Root relaxation: objective -1.823394e-01, 1578 iterations, 0.03 seconds (0.02 work units)

    Nodes    |    Current Node    |     Objective Bounds      |     Work
 Expl Unexpl |  Obj  Depth IntInf | Incumbent    BestBd   Gap | It/Node Time

     0     0   -0.18234    0  141    0.46763   -0.18234   139%     -    0s
     0     0   -0.18057    0  125    0.46763   -0.18057   139%     -    0s
     0     0   -0.18057    0  151    0.46763   -0.18057   139%     -    0s
     0     0   -0.18057    0  151    0.46763   -0.18057   139%     -    0s
     0     0   -0.16204    0   95    0.46763   -0.16204   135%     -    0s
     0     0   -0.15955    0  100    0.46763   -0.15955   134%     -    0s
     0     0   -0.13983    0   99    0.46763   -0.13983   130%     -    0s
     0     2   -0.13983    0   96    0.46763   -0.13983   130%     -    1s
   444   325   -0.08786    8   64    0.46763   -0.11472   125%  38.6    5s
   770   470    0.06322   32   67    0.46763   -0.09313   120%  47.3   10s
  1534   596 infeasible   34         0.46763   -0.06538   114%  40.7   15s
  2387   945    0.24976   41   43    0.46763   -0.04200   109%  38.4   20s
  3208  1375   -0.02620   24   69    0.46763   -0.03601   108%  36.0   25s
  4051  1811    0.27411   44   51    0.46763   -0.03320   107%  36.4   30s
  4822  2158    0.01156   28   53    0.46763   -0.03247   107%  37.2   35s
  5521  2484 infeasible   31         0.46763   -0.02897   106%  37.7   40s
  6527  2860 infeasible   43         0.46763   -0.02692   106%  37.6   45s
  7239  3179    0.12301   44   46    0.46763   -0.02500   105%  37.8   50s
  8051  3421 infeasible   37         0.46763   -0.02336   105%  38.3   56s
  8568  3653    0.00426   36   61    0.46763   -0.02198   105%  38.7   60s
  9493  4101    0.00930   33   46    0.46763   -0.02024   104%  39.1   67s
 10224  4397 infeasible   37         0.46763   -0.01991   104%  39.1   72s
 10930  4776    0.40911   59    1    0.46763   -0.01835   104%  39.4   77s
 11325  4903    0.05422   39   70    0.46763   -0.01789   104%  39.2   80s
 12136  5252   -0.00388   30   58    0.46763   -0.01593   103%  39.6   87s
 12580  5427 infeasible   39         0.46763   -0.01520   103%  39.8   90s
 13514  5760 infeasible   47         0.46763   -0.01444   103%  39.8   97s
 14014  5989    0.23846   30   40    0.46763   -0.01268   103%  39.9  101s
 14532  6250    0.09103   27   47    0.46763   -0.01228   103%  39.8  105s
 15649  6732 infeasible   28         0.46763   -0.01140   102%  39.9  113s
 16199  6980    0.43587   36   31    0.46763   -0.01013   102%  40.0  117s
 16818  7162    0.45844   44   13    0.46763   -0.00953   102%  40.0  122s
 17420  7396    0.14436   39   58    0.46763   -0.00801   102%  40.0  126s
 18131  7667    0.00362   22   49    0.46763   -0.00674   101%  40.1  132s
 18783  7869    0.22032   35   53    0.46763   -0.00637   101%  40.1  136s
 19352  8250 infeasible   39         0.46763   -0.00591   101%  40.2  142s
 20201  8651 infeasible   33         0.46763   -0.00542   101%  40.0  147s
 21055  8893 infeasible   29         0.46763   -0.00481   101%  39.9  153s
 21714  9164    0.44253   44    4    0.46763   -0.00439   101%  40.0  158s
 22534  9353 infeasible   34         0.46763   -0.00372   101%  39.9  164s
 23265  9705    0.15069   39   63    0.46763   -0.00333   101%  40.1  169s
 24034 10051 infeasible   43         0.46763   -0.00157   100%  40.0  175s
 24796 10267 infeasible   35         0.46763   -0.00081   100%  39.9  180s

Cutting planes:
  Cover: 5
  Implied bound: 80
  Clique: 13
  MIR: 5
  StrongCG: 2
  Flow cover: 56
  RLT: 15
  Relax-and-lift: 21

Explored 25381 nodes (1020847 simplex iterations) in 180.10 seconds (39.73 work units)
Thread count was 8 (of 8 available processors)

Solution count 1: 0.467633 

Time limit reached
Best objective 4.676334566309e-01, best bound -5.037278984601e-04, gap 100.1077%

User-callback calls 62802, time in user-callback 0.10 sec
alpha=0.36363636363636365  status=TIME_LIMIT
  agg total_shed = 2929.087   cost-wtd Gini(Υ^agg) (post-hoc) = 0.6676   model(−(n−1)/n+2σ·cumsum) = 0.6676   uncosted-agg-served-Gini (diag) = 0.3113
Gurobi Optimizer version 12.0.3 build v12.0.3rc0 (win64 - Windows 11+.0 (26200.2))

CPU model: 11th Gen Intel(R) Core(TM) i7-1165G7 @ 2.80GHz, instruction set [SSE2|AVX|AVX2|AVX512]
Thread count: 4 physical cores, 8 logical processors, using up to 8 threads

Non-default parameters:
TimeLimit  180
MIPGap  0.01
MIPFocus  1
GomoryPasses  0
NonConvex  2
NumericFocus  2

Optimize a model with 9357 rows, 5403 columns and 24215 nonzeros
Model fingerprint: 0xf03d3fca
Model has 72 quadratic objective terms
Model has 265 quadratic constraints
Variable types: 5002 continuous, 401 integer (401 binary)
Coefficient statistics:
  Matrix range     [9e-09, 2e+03]
  QMatrix range    [1e+00, 5e+02]
  QLMatrix range   [1e+00, 1e+00]
  Objective range  [1e-03, 1e-03]
  QObjective range [2e+00, 1e+01]
  Bounds range     [1e-08, 2e+01]
  RHS range        [7e-01, 2e+03]
  QRHS range       [1e+00, 1e+00]

User MIP start did not produce a new incumbent solution
User MIP start violates constraint R122 by 4.345047923
Loaded MIP start from previous solve with objective 0.496207

Presolve removed 4568 rows and 2520 columns
Presolve time: 0.13s
Presolved: 5039 rows, 3125 columns, 16953 nonzeros
Presolved model has 80 SOS constraint(s)
Presolved model has 216 quadratic constraint(s)
Presolved model has 72 bilinear constraint(s)
Warning: Model contains variables with very large bounds participating
         in product terms.
         Presolve was not able to compute smaller bounds for these variables.
         Consider bounding these variables or reformulating the model.


Solving non-convex MIQCP

Variable types: 2804 continuous, 321 integer (321 binary)

Root relaxation: objective -2.832751e-01, 1578 iterations, 0.03 seconds (0.02 work units)

    Nodes    |    Current Node    |     Objective Bounds      |     Work
 Expl Unexpl |  Obj  Depth IntInf | Incumbent    BestBd   Gap | It/Node Time

     0     0   -0.28328    0  147    0.49621   -0.28328   157%     -    0s
     0     0   -0.28248    0  137    0.49621   -0.28248   157%     -    0s
     0     0   -0.28176    0  147    0.49621   -0.28176   157%     -    0s
     0     0   -0.28176    0  147    0.49621   -0.28176   157%     -    0s
     0     0   -0.27642    0  145    0.49621   -0.27642   156%     -    0s
     0     0   -0.27266    0  139    0.49621   -0.27266   155%     -    0s
     0     0   -0.24061    0   93    0.49621   -0.24061   148%     -    0s
     0     2   -0.24061    0   93    0.49621   -0.24061   148%     -    1s
   398   346   -0.13404   15   59    0.49621   -0.20839   142%  35.8    5s
   781   491 infeasible   40         0.49621   -0.17054   134%  42.9   10s
  1442   590 infeasible   37         0.49621   -0.15366   131%  40.8   15s
  2041   790 infeasible   38         0.49621   -0.13951   128%  42.1   20s
  2936  1176 infeasible   37         0.49621   -0.13299   127%  40.0   25s
  3570  1477   -0.07976   29   52    0.49621   -0.12903   126%  39.8   30s
  4338  1876     cutoff   50         0.49621   -0.12658   126%  40.1   35s
  5129  2276 infeasible   50         0.49621   -0.12531   125%  39.2   40s
  5954  2685 infeasible   47         0.49621   -0.12339   125%  39.3   45s
  6991  3166   -0.05469   31   52    0.49621   -0.12116   124%  39.2   51s
  7760  3600   -0.09387   33   48    0.49621   -0.11958   124%  39.2   56s
  8356  3940   -0.01821   35   50    0.49621   -0.11888   124%  39.3   60s
  9363  4416    0.38560   49    2    0.49621   -0.11820   124%  39.3   66s
 10109  4784   -0.00425   33   50    0.49621   -0.11537   123%  39.1   71s
 10878  5131   -0.01945   34   48    0.49621   -0.11474   123%  39.4   76s
 11669  5592    0.43034   54   25    0.49621   -0.11392   123%  39.1   81s
 12449  6032   -0.05655   33   43    0.49621   -0.11353   123%  39.5   88s
 12922  6255   -0.03187   45   46    0.49621   -0.11272   123%  39.6   91s
 13697  6811    0.24677   48   80    0.49621   -0.11182   123%  40.2   98s
 14290  7063   -0.07905   35   70    0.49621   -0.11113   122%  39.9  101s
 14796  7403    0.44114   45   45    0.49621   -0.11027   122%  40.1  105s
 16081  7856 infeasible   61         0.49621   -0.10860   122%  40.0  113s
 16743  8238    0.46721   42   20    0.49621   -0.10799   122%  40.0  117s
 17474  8509    0.33049   41   33    0.49621   -0.10799   122%  40.1  122s
 18016  8901 infeasible   34         0.49621   -0.10674   122%  40.1  126s
 18737  9254    0.11918   39   42    0.49621   -0.10578   121%  40.0  131s
 19481  9588 infeasible   55         0.49621   -0.10496   121%  40.0  136s
 20192  9984 infeasible   39         0.49621   -0.10477   121%  40.3  141s
 20954 10358 infeasible   47         0.49621   -0.10396   121%  40.3  146s
 21728 10652   -0.08683   32   44    0.49621   -0.10326   121%  40.3  151s
 22468 11096    0.17645   43   37    0.49621   -0.10326   121%  40.3  156s
 23202 11584 infeasible   54         0.49621   -0.10269   121%  40.5  162s
 24133 11867    0.41314   40   32    0.49621   -0.10227   121%  40.1  167s
 24779 12253   -0.04262   31   65    0.49621   -0.10137   120%  40.2  172s
 25600 12624    0.24301   42   35    0.49621   -0.10108   120%  40.3  178s
 26415 12692   -0.04880   43   55    0.49621   -0.10098   120%  40.2  180s

Cutting planes:
  Cover: 6
  Implied bound: 67
  Clique: 8
  MIR: 7
  StrongCG: 2
  Flow cover: 40
  RLT: 20
  Relax-and-lift: 17
  BQP: 2

Explored 26652 nodes (1077902 simplex iterations) in 180.08 seconds (39.35 work units)
Thread count was 8 (of 8 available processors)

Solution count 1: 0.496207 

Time limit reached
Best objective 4.962071926763e-01, best bound -1.009778371971e-01, gap 120.3499%

User-callback calls 65394, time in user-callback 0.10 sec
alpha=0.45454545454545453  status=TIME_LIMIT
  agg total_shed = 2929.087   cost-wtd Gini(Υ^agg) (post-hoc) = 0.6676   model(−(n−1)/n+2σ·cumsum) = 0.6676   uncosted-agg-served-Gini (diag) = 0.3113
Gurobi Optimizer version 12.0.3 build v12.0.3rc0 (win64 - Windows 11+.0 (26200.2))

CPU model: 11th Gen Intel(R) Core(TM) i7-1165G7 @ 2.80GHz, instruction set [SSE2|AVX|AVX2|AVX512]
Thread count: 4 physical cores, 8 logical processors, using up to 8 threads

Non-default parameters:
TimeLimit  180
MIPGap  0.01
MIPFocus  1
GomoryPasses  0
NonConvex  2
NumericFocus  2

Optimize a model with 9357 rows, 5403 columns and 24215 nonzeros
Model fingerprint: 0x53882e85
Model has 72 quadratic objective terms
Model has 265 quadratic constraints
Variable types: 5002 continuous, 401 integer (401 binary)
Coefficient statistics:
  Matrix range     [9e-09, 2e+03]
  QMatrix range    [1e+00, 5e+02]
  QLMatrix range   [1e+00, 1e+00]
  Objective range  [8e-04, 8e-04]
  QObjective range [2e+00, 2e+01]
  Bounds range     [1e-08, 2e+01]
  RHS range        [7e-01, 2e+03]
  QRHS range       [1e+00, 1e+00]

User MIP start did not produce a new incumbent solution
User MIP start violates constraint R122 by 4.345047923
Loaded MIP start from previous solve with objective 0.524781

Presolve removed 4568 rows and 2520 columns
Presolve time: 0.16s
Presolved: 5039 rows, 3125 columns, 16953 nonzeros
Presolved model has 80 SOS constraint(s)
Presolved model has 216 quadratic constraint(s)
Presolved model has 72 bilinear constraint(s)
Warning: Model contains variables with very large bounds participating
         in product terms.
         Presolve was not able to compute smaller bounds for these variables.
         Consider bounding these variables or reformulating the model.


Solving non-convex MIQCP

Variable types: 2804 continuous, 321 integer (321 binary)

Root relaxation: objective -3.842107e-01, 1578 iterations, 0.04 seconds (0.02 work units)

    Nodes    |    Current Node    |     Objective Bounds      |     Work
 Expl Unexpl |  Obj  Depth IntInf | Incumbent    BestBd   Gap | It/Node Time

     0     0   -0.38421    0  149    0.52478   -0.38421   173%     -    0s
     0     0   -0.38354    0  139    0.52478   -0.38354   173%     -    0s
     0     0   -0.38295    0  160    0.52478   -0.38295   173%     -    0s
     0     0   -0.38295    0  160    0.52478   -0.38295   173%     -    0s
     0     0   -0.37672    0  157    0.52478   -0.37672   172%     -    0s
     0     0   -0.37465    0  147    0.52478   -0.37465   171%     -    0s
     0     0   -0.32921    0  102    0.52478   -0.32921   163%     -    0s
     0     2   -0.32921    0  100    0.52478   -0.32921   163%     -    1s
   375   326   -0.03704   22   71    0.52478   -0.30374   158%  34.2    5s
H  453   362                       0.4867965   -0.27116   156%  53.9    8s
   609   450   -0.20113   26   61    0.48680   -0.27116   156%  49.0   10s
  1038   591   -0.21170   29   44    0.48680   -0.25893   153%  43.1   15s
H 1254   584                       0.4857546   -0.25579   153%  40.7   17s
  1650   794   -0.17298   26   74    0.48575   -0.25437   152%  36.8   20s
  2520  1355    0.47643   57    4    0.48575   -0.24843   151%  35.2   25s
  3225  1766 infeasible   39         0.48575   -0.24424   150%  35.6   30s
  4060  2238    0.10528   30  100    0.48575   -0.24092   150%  36.3   35s
  4754  2562    0.02135   32  109    0.48575   -0.23841   149%  36.9   40s
  5614  3102    0.30092   37   40    0.48575   -0.23638   149%  37.3   45s
  6279  3444    0.48268   46   18    0.48575   -0.23514   148%  38.5   50s
  7084  3882   -0.01390   34   50    0.48575   -0.23434   148%  38.4   55s
  7844  4218 infeasible   34         0.48575   -0.23339   148%  39.2   61s
  8465  4535 infeasible   37         0.48575   -0.23195   148%  39.4   65s
  9176  4932   -0.22470   27   53    0.48575   -0.23086   148%  39.1   70s
  9904  5229   -0.20834   25   79    0.48575   -0.22974   147%  39.0   75s
 10660  5661   -0.15575   37   42    0.48575   -0.22921   147%  39.4   80s
 11487  6081   -0.19808   24   48    0.48575   -0.22618   147%  39.4   86s
 12386  6450    0.38289   37   24    0.48575   -0.22477   146%  39.5   92s
 12890  6663   -0.21973   25   60    0.48575   -0.22422   146%  39.2   96s
 13839  7051    0.09832   24  108    0.48575   -0.22242   146%  39.7  103s
 14446  7313    0.41004   42   19    0.48575   -0.22218   146%  39.7  107s
 15039  7436    0.02668   31   24    0.48575   -0.22081   145%  39.8  111s
 15562  7707    0.43306   41   14    0.48575   -0.21998   145%  40.1  115s
 16661  8252    0.37798   45    2    0.48575   -0.21795   145%  40.3  124s
 17315  8507    0.21812   43   55    0.48575   -0.21757   145%  40.3  128s
 18135  8745 infeasible   44         0.48575   -0.21694   145%  40.1  133s
 18749  9077    0.13541   32   31    0.48575   -0.21563   144%  40.4  138s
 19431  9350    0.03008   28   62    0.48575   -0.21480   144%  40.5  143s
 20157  9693   -0.12036   24   33    0.48575   -0.21293   144%  40.7  149s
 20894 10030   -0.15876   29   74    0.48575   -0.21184   144%  40.8  155s
H20985  9242                       0.4641177   -0.21184   146%  40.7  155s
 21553  9456     cutoff   43         0.46412   -0.21106   145%  40.8  160s
 22128  9876   -0.02597   32   56    0.46412   -0.20972   145%  40.9  166s
 22935 10278    0.46265   67    1    0.46412   -0.20920   145%  40.7  172s
 23816 10532   -0.18835   31   69    0.46412   -0.20791   145%  40.4  178s
 24524 10605 infeasible   35         0.46412   -0.20715   145%  40.7  180s

Cutting planes:
  Learned: 3
  Cover: 3
  Implied bound: 84
  Clique: 8
  MIR: 10
  StrongCG: 1
  Flow cover: 59
  RLT: 21
  Relax-and-lift: 22

Explored 24744 nodes (1012987 simplex iterations) in 180.08 seconds (40.96 work units)
Thread count was 8 (of 8 available processors)

Solution count 4: 0.464118 0.485755 0.486796 0.524781 

Time limit reached
Best objective 4.641176679748e-01, best bound -2.061064576728e-01, gap 144.4082%

User-callback calls 61252, time in user-callback 0.10 sec
alpha=0.5454545454545454  status=TIME_LIMIT
  agg total_shed = 5147.531   cost-wtd Gini(Υ^agg) (post-hoc) = 0.3231   model(−(n−1)/n+2σ·cumsum) = 0.3231   uncosted-agg-served-Gini (diag) = 0.4263
Gurobi Optimizer version 12.0.3 build v12.0.3rc0 (win64 - Windows 11+.0 (26200.2))

CPU model: 11th Gen Intel(R) Core(TM) i7-1165G7 @ 2.80GHz, instruction set [SSE2|AVX|AVX2|AVX512]
Thread count: 4 physical cores, 8 logical processors, using up to 8 threads

Non-default parameters:
TimeLimit  180
MIPGap  0.01
MIPFocus  1
GomoryPasses  0
NonConvex  2
NumericFocus  2

Optimize a model with 9357 rows, 5403 columns and 24215 nonzeros
Model fingerprint: 0xf253bec6
Model has 72 quadratic objective terms
Model has 265 quadratic constraints
Variable types: 5002 continuous, 401 integer (401 binary)
Coefficient statistics:
  Matrix range     [9e-09, 2e+03]
  QMatrix range    [1e+00, 5e+02]
  QLMatrix range   [1e+00, 1e+00]
  Objective range  [6e-04, 6e-04]
  QObjective range [3e+00, 2e+01]
  Bounds range     [1e-08, 2e+01]
  RHS range        [7e-01, 2e+03]
  QRHS range       [1e+00, 1e+00]

User MIP start did not produce a new incumbent solution
User MIP start violates constraint R122 by 4.345047923
Loaded MIP start from previous solve with objective 0.435911

Presolve removed 4568 rows and 2520 columns
Presolve time: 0.13s
Presolved: 5039 rows, 3125 columns, 16953 nonzeros
Presolved model has 80 SOS constraint(s)
Presolved model has 216 quadratic constraint(s)
Presolved model has 72 bilinear constraint(s)
Warning: Model contains variables with very large bounds participating
         in product terms.
         Presolve was not able to compute smaller bounds for these variables.
         Consider bounding these variables or reformulating the model.


Solving non-convex MIQCP

Variable types: 2804 continuous, 321 integer (321 binary)

Root relaxation: objective -4.851463e-01, 1578 iterations, 0.03 seconds (0.02 work units)

    Nodes    |    Current Node    |     Objective Bounds      |     Work
 Expl Unexpl |  Obj  Depth IntInf | Incumbent    BestBd   Gap | It/Node Time

     0     0   -0.48515    0  144    0.43591   -0.48515   211%     -    0s
     0     0   -0.48461    0  129    0.43591   -0.48461   211%     -    0s
     0     0   -0.48414    0  155    0.43591   -0.48414   211%     -    0s
     0     0   -0.48414    0  155    0.43591   -0.48414   211%     -    0s
     0     0   -0.48058    0  151    0.43591   -0.48058   210%     -    0s
     0     0   -0.47807    0  143    0.43591   -0.47807   210%     -    0s
     0     0   -0.46981    0  114    0.43591   -0.46981   208%     -    0s
     0     2   -0.46981    0  113    0.43591   -0.46981   208%     -    1s
   459   359    0.09788   12   77    0.43591   -0.40664   193%  36.5    5s
   689   488   -0.27958   32   84    0.43591   -0.38323   188%  45.0   10s
  1126   544 infeasible   39         0.43591   -0.37222   185%  44.0   15s
  1572   716   -0.16401   36   71    0.43591   -0.36628   184%  41.0   20s
  2226  1167 infeasible   40         0.43591   -0.35989   183%  38.9   25s
  3191  1767   -0.25668   26   53    0.43591   -0.35448   181%  36.1   30s
  4017  2172   -0.33739   28   55    0.43591   -0.35060   180%  35.6   36s
  4763  2566    0.43400   52   11    0.43591   -0.34952   180%  35.5   40s
  5390  2874   -0.21289   33   68    0.43591   -0.34811   180%  35.3   45s
  6084  3171   -0.00212   37   29    0.43591   -0.34688   180%  35.5   50s
  6869  3631   -0.34244   25   61    0.43591   -0.34525   179%  35.3   55s
  7711  4098   -0.33554   32   55    0.43591   -0.34402   179%  35.5   62s
  8321  4371 infeasible   40         0.43591   -0.34355   179%  35.9   66s
  8972  4721   -0.24824   34   49    0.43591   -0.34287   179%  36.2   71s
  9611  5113    0.10072   38   50    0.43591   -0.34239   179%  35.9   77s
 10050  5252 infeasible   42         0.43591   -0.34201   178%  35.7   80s
 10851  5800   -0.04995   51   44    0.43591   -0.34141   178%  35.9   86s
 11672  6112    0.42226   46    3    0.43591   -0.34047   178%  36.3   92s
 12040  6411   -0.12483   33   41    0.43591   -0.34021   178%  36.4   96s
 12769  6625 infeasible   46         0.43591   -0.33963   178%  36.1  100s
 13554  7256    0.18530   43   28    0.43591   -0.33892   178%  35.8  108s
 14156  7508 infeasible   50         0.43591   -0.33822   178%  35.6  112s
 14650  7889    0.25510   44   22    0.43591   -0.33783   177%  35.6  116s
 15338  8162    0.39856   42    4    0.43591   -0.33735   177%  35.4  120s
 15892  8497    0.36397   50    4    0.43591   -0.33703   177%  35.4  125s
 16558  8823 infeasible   32         0.43591   -0.33638   177%  35.3  130s
 17812  9429   -0.25179   34   50    0.43591   -0.33524   177%  35.4  140s
 18528  9820    0.40466   48   20    0.43591   -0.33421   177%  35.3  145s
 19343 10056   -0.32019   34   58    0.43591   -0.33345   176%  35.4  150s
 19976 10392   -0.18281   40   74    0.43591   -0.33280   176%  35.7  156s
 20772 10637 infeasible   37         0.43591   -0.33225   176%  35.9  162s
 21327 11083    0.22351   38   27    0.43591   -0.33170   176%  35.9  168s
 22235 11469    0.09084   35   43    0.43591   -0.33119   176%  35.9  174s
 23119 11712    0.43457   54   14    0.43591   -0.33056   176%  35.9  179s

Cutting planes:
  Implied bound: 56
  Clique: 11
  MIR: 11
  Flow cover: 45
  RLT: 12
  Relax-and-lift: 17

Explored 23830 nodes (867007 simplex iterations) in 180.05 seconds (38.82 work units)
Thread count was 8 (of 8 available processors)

Solution count 1: 0.435911 

Time limit reached
Best objective 4.359111842204e-01, best bound -3.301675382014e-01, gap 175.7419%

User-callback calls 59701, time in user-callback 0.08 sec
alpha=0.6363636363636364  status=TIME_LIMIT
  agg total_shed = 5147.531   cost-wtd Gini(Υ^agg) (post-hoc) = 0.3231   model(−(n−1)/n+2σ·cumsum) = 0.3231   uncosted-agg-served-Gini (diag) = 0.4263
Gurobi Optimizer version 12.0.3 build v12.0.3rc0 (win64 - Windows 11+.0 (26200.2))

CPU model: 11th Gen Intel(R) Core(TM) i7-1165G7 @ 2.80GHz, instruction set [SSE2|AVX|AVX2|AVX512]
Thread count: 4 physical cores, 8 logical processors, using up to 8 threads

Non-default parameters:
TimeLimit  180
MIPGap  0.01
MIPFocus  1
GomoryPasses  0
NonConvex  2
NumericFocus  2

Optimize a model with 9357 rows, 5403 columns and 24215 nonzeros
Model fingerprint: 0x244ba521
Model has 72 quadratic objective terms
Model has 265 quadratic constraints
Variable types: 5002 continuous, 401 integer (401 binary)
Coefficient statistics:
  Matrix range     [9e-09, 2e+03]
  QMatrix range    [1e+00, 5e+02]
  QLMatrix range   [1e+00, 1e+00]
  Objective range  [5e-04, 5e-04]
  QObjective range [3e+00, 2e+01]
  Bounds range     [1e-08, 2e+01]
  RHS range        [7e-01, 2e+03]
  QRHS range       [1e+00, 1e+00]

User MIP start did not produce a new incumbent solution
User MIP start violates constraint R122 by 4.345047923
Loaded MIP start from previous solve with objective 0.407705

Presolve removed 4568 rows and 2520 columns
Presolve time: 0.13s
Presolved: 5039 rows, 3125 columns, 16953 nonzeros
Presolved model has 80 SOS constraint(s)
Presolved model has 216 quadratic constraint(s)
Presolved model has 72 bilinear constraint(s)
Warning: Model contains variables with very large bounds participating
         in product terms.
         Presolve was not able to compute smaller bounds for these variables.
         Consider bounding these variables or reformulating the model.


Solving non-convex MIQCP

Variable types: 2804 continuous, 321 integer (321 binary)

Root relaxation: objective -5.860820e-01, 1578 iterations, 0.03 seconds (0.02 work units)

    Nodes    |    Current Node    |     Objective Bounds      |     Work
 Expl Unexpl |  Obj  Depth IntInf | Incumbent    BestBd   Gap | It/Node Time

     0     0   -0.58608    0  147    0.40770   -0.58608   244%     -    0s
     0     0   -0.58568    0  135    0.40770   -0.58568   244%     -    0s
     0     0   -0.58533    0  149    0.40770   -0.58533   244%     -    0s
     0     0   -0.58533    0  148    0.40770   -0.58533   244%     -    0s
     0     0   -0.58265    0  129    0.40770   -0.58265   243%     -    0s
     0     0   -0.58077    0  123    0.40770   -0.58077   242%     -    0s
     0     0   -0.55514    0  106    0.40770   -0.55514   236%     -    0s
     0     2   -0.55514    0  106    0.40770   -0.55514   236%     -    1s
   414   338   -0.25220   24   70    0.40770   -0.48910   220%  32.4    5s
   675   468   -0.32116   32   96    0.40770   -0.48334   219%  42.0   10s
  1341   635 infeasible   43         0.40770   -0.47422   216%  43.3   15s
  2097   987 infeasible   45         0.40770   -0.47074   215%  40.7   20s
  2954  1481   -0.36982   22   67    0.40770   -0.46701   215%  40.3   25s
  3770  1988   -0.04137   48   55    0.40770   -0.46516   214%  40.1   30s
  4557  2452   -0.28901   34   58    0.40770   -0.46176   213%  40.4   35s
  5286  2871 infeasible   53         0.40770   -0.45901   213%  39.4   40s
  6056  3330    0.39402   59   21    0.40770   -0.45509   212%  38.9   45s
  6793  3834   -0.38809   30   45    0.40770   -0.45451   211%  38.5   50s
  7519  4229   -0.39516   34   61    0.40770   -0.45370   211%  38.4   55s
  8450  4699   -0.41832   33   69    0.40770   -0.45271   211%  38.0   62s
  9060  5086 infeasible   43         0.40770   -0.45134   211%  37.9   66s
  9796  5431   -0.09562   31   74    0.40770   -0.45059   211%  38.2   71s
 10526  5881    0.08012   37   46    0.40770   -0.45048   210%  38.4   77s
 10977  6118    0.39665   60    6    0.40770   -0.44984   210%  38.3   81s
 11849  6541   -0.31869   30   52    0.40770   -0.44850   210%  38.5   87s
 12340  6769 infeasible   46         0.40770   -0.44807   210%  38.4   91s
 12776  7001    0.39769   48   14    0.40770   -0.44743   210%  38.6   95s
 13855  7520 infeasible   35         0.40770   -0.44623   209%  38.2  102s
 14292  7768   -0.21644   33   61    0.40770   -0.44612   209%  38.2  105s
 15124  8207   -0.31020   37   47    0.40770   -0.44558   209%  38.5  113s
 15624  8468    0.30949   55    9    0.40770   -0.44517   209%  38.3  117s
 16170  8772   -0.34121   33   53    0.40770   -0.44464   209%  38.4  122s
 16824  9120   -0.10732   36   45    0.40770   -0.44419   209%  38.3  127s
 17548  9371     cutoff   45         0.40770   -0.44359   209%  38.3  132s
 18140  9788    0.28977   49   27    0.40770   -0.44284   209%  38.5  138s
 18899 10117 infeasible   33         0.40770   -0.44188   208%  38.4  144s
 19521 10591   -0.30359   37   46    0.40770   -0.44130   208%  38.3  150s
 20309 11064 infeasible   42         0.40770   -0.44076   208%  38.3  156s
 21216 11375   -0.38088   34   54    0.40770   -0.44001   208%  38.2  162s
 21936 11740 infeasible   46         0.40770   -0.43971   208%  38.5  168s
 22641 12116 infeasible   49         0.40770   -0.43878   208%  38.4  174s
 23393 12494 infeasible   36         0.40770   -0.43791   207%  38.3  180s

Cutting planes:
  Cover: 1
  Implied bound: 57
  Clique: 12
  MIR: 9
  StrongCG: 1
  Flow cover: 43
  GUB cover: 1
  RLT: 9
  Relax-and-lift: 25

Explored 24126 nodes (929851 simplex iterations) in 180.12 seconds (40.94 work units)
Thread count was 8 (of 8 available processors)

Solution count 1: 0.407705 

Time limit reached
Best objective 4.077047004659e-01, best bound -4.376388431396e-01, gap 207.3421%

User-callback calls 61241, time in user-callback 0.10 sec
alpha=0.7272727272727273  status=TIME_LIMIT
  agg total_shed = 5147.531   cost-wtd Gini(Υ^agg) (post-hoc) = 0.3231   model(−(n−1)/n+2σ·cumsum) = 0.3231   uncosted-agg-served-Gini (diag) = 0.4263
Gurobi Optimizer version 12.0.3 build v12.0.3rc0 (win64 - Windows 11+.0 (26200.2))

CPU model: 11th Gen Intel(R) Core(TM) i7-1165G7 @ 2.80GHz, instruction set [SSE2|AVX|AVX2|AVX512]
Thread count: 4 physical cores, 8 logical processors, using up to 8 threads

Non-default parameters:
TimeLimit  180
MIPGap  0.01
MIPFocus  1
GomoryPasses  0
NonConvex  2
NumericFocus  2

Optimize a model with 9357 rows, 5403 columns and 24215 nonzeros
Model fingerprint: 0xccd0254d
Model has 72 quadratic objective terms
Model has 265 quadratic constraints
Variable types: 5002 continuous, 401 integer (401 binary)
Coefficient statistics:
  Matrix range     [9e-09, 2e+03]
  QMatrix range    [1e+00, 5e+02]
  QLMatrix range   [1e+00, 1e+00]
  Objective range  [3e-04, 3e-04]
  QObjective range [3e+00, 3e+01]
  Bounds range     [1e-08, 2e+01]
  RHS range        [7e-01, 2e+03]
  QRHS range       [1e+00, 1e+00]

User MIP start did not produce a new incumbent solution
User MIP start violates constraint R122 by 4.345047923
Loaded MIP start from previous solve with objective 0.379498

Presolve removed 4568 rows and 2520 columns
Presolve time: 0.14s
Presolved: 5039 rows, 3125 columns, 16953 nonzeros
Presolved model has 80 SOS constraint(s)
Presolved model has 216 quadratic constraint(s)
Presolved model has 72 bilinear constraint(s)
Warning: Model contains variables with very large bounds participating
         in product terms.
         Presolve was not able to compute smaller bounds for these variables.
         Consider bounding these variables or reformulating the model.


Solving non-convex MIQCP

Variable types: 2804 continuous, 321 integer (321 binary)

Root relaxation: objective -6.870176e-01, 1572 iterations, 0.03 seconds (0.02 work units)

    Nodes    |    Current Node    |     Objective Bounds      |     Work
 Expl Unexpl |  Obj  Depth IntInf | Incumbent    BestBd   Gap | It/Node Time

     0     0   -0.68702    0  153    0.37950   -0.68702   281%     -    0s
     0     0   -0.68675    0  138    0.37950   -0.68675   281%     -    0s
     0     0   -0.68651    0  151    0.37950   -0.68651   281%     -    0s
     0     0   -0.68651    0  151    0.37950   -0.68651   281%     -    0s
     0     0   -0.68467    0  140    0.37950   -0.68467   280%     -    0s
     0     0   -0.68365    0  132    0.37950   -0.68365   280%     -    0s
     0     0   -0.66781    0   96    0.37950   -0.66781   276%     -    0s
     0     2   -0.66781    0   96    0.37950   -0.66781   276%     -    1s
   431   322   -0.38771   28   61    0.37950   -0.58552   254%  34.5    5s
   648   446   -0.26915   26  103    0.37950   -0.58149   253%  44.4   10s
  1181   594   -0.43738   30   42    0.37950   -0.56527   249%  37.4   15s
  1898   983 infeasible   36         0.37950   -0.56224   248%  40.9   20s
  2741  1469   -0.35572   27   48    0.37950   -0.56018   248%  41.2   25s
  3403  1874   -0.35182   37   55    0.37950   -0.55788   247%  40.2   30s
  4117  2254   -0.54246   25   57    0.37950   -0.55669   247%  39.8   35s
  4826  2597    0.34734   55   12    0.37950   -0.55526   246%  39.8   40s
  5512  2991   -0.03763   30   47    0.37950   -0.55421   246%  39.3   46s
  6198  3355 infeasible   55         0.37950   -0.55344   246%  39.6   51s
  6882  3714   -0.45376   28   53    0.37950   -0.55171   245%  40.6   56s
  7337  3935    0.00089   35   52    0.37950   -0.55171   245%  41.1   60s
  8203  4482 infeasible   36         0.37950   -0.55065   245%  40.9   67s
  8914  4822   -0.27628   37   64    0.37950   -0.54922   245%  40.7   71s
  9633  5175   -0.19508   30   51    0.37950   -0.54739   244%  41.0   77s
  9990  5321    0.31151   52    -    0.37950   -0.54725   244%  40.9   80s
 11235  5944 infeasible   45         0.37950   -0.54524   244%  41.0   86s
 12172  6298 infeasible   29         0.37950   -0.54402   243%  41.1  120s
 13044  6768 infeasible   33         0.37950   -0.54196   243%  41.5 2043s

Cutting planes:
  Cover: 9
  Implied bound: 61
  Clique: 9
  MIR: 8
  StrongCG: 2
  Flow cover: 46
  RLT: 24
  Relax-and-lift: 19

Explored 13481 nodes (568059 simplex iterations) in 2045.09 seconds (25.00 work units)
Thread count was 8 (of 8 available processors)

Solution count 1: 0.379498 

Time limit reached
Best objective 3.794982167115e-01, best bound -5.412266675080e-01, gap 242.6164%

User-callback calls 34237, time in user-callback 0.05 sec
alpha=0.8181818181818182  status=TIME_LIMIT
  agg total_shed = 5147.531   cost-wtd Gini(Υ^agg) (post-hoc) = 0.3231   model(−(n−1)/n+2σ·cumsum) = 0.3231   uncosted-agg-served-Gini (diag) = 0.4263
Gurobi Optimizer version 12.0.3 build v12.0.3rc0 (win64 - Windows 11+.0 (26200.2))

CPU model: 11th Gen Intel(R) Core(TM) i7-1165G7 @ 2.80GHz, instruction set [SSE2|AVX|AVX2|AVX512]
Thread count: 4 physical cores, 8 logical processors, using up to 8 threads

Non-default parameters:
TimeLimit  180
MIPGap  0.01
MIPFocus  1
GomoryPasses  0
NonConvex  2
NumericFocus  2

Optimize a model with 9357 rows, 5403 columns and 24215 nonzeros
Model fingerprint: 0x8b0554e9
Model has 72 quadratic objective terms
Model has 265 quadratic constraints
Variable types: 5002 continuous, 401 integer (401 binary)
Coefficient statistics:
  Matrix range     [9e-09, 2e+03]
  QMatrix range    [1e+00, 5e+02]
  QLMatrix range   [1e+00, 1e+00]
  Objective range  [2e-04, 2e-04]
  QObjective range [4e+00, 3e+01]
  Bounds range     [1e-08, 2e+01]
  RHS range        [7e-01, 2e+03]
  QRHS range       [1e+00, 1e+00]

User MIP start did not produce a new incumbent solution
User MIP start violates constraint R122 by 4.345047923
Loaded MIP start from previous solve with objective 0.351292

Presolve removed 4568 rows and 2520 columns
Presolve time: 0.43s
Presolved: 5039 rows, 3125 columns, 16953 nonzeros
Presolved model has 80 SOS constraint(s)
Presolved model has 216 quadratic constraint(s)
Presolved model has 72 bilinear constraint(s)
Warning: Model contains variables with very large bounds participating
         in product terms.
         Presolve was not able to compute smaller bounds for these variables.
         Consider bounding these variables or reformulating the model.


Solving non-convex MIQCP

Variable types: 2804 continuous, 321 integer (321 binary)

Root relaxation: objective -7.879532e-01, 1572 iterations, 0.06 seconds (0.02 work units)

    Nodes    |    Current Node    |     Objective Bounds      |     Work
 Expl Unexpl |  Obj  Depth IntInf | Incumbent    BestBd   Gap | It/Node Time

     0     0   -0.78795    0  140    0.35129   -0.78795   324%     -    1s
     0     0   -0.78791    0  133    0.35129   -0.78791   324%     -    1s
     0     0   -0.78770    0  155    0.35129   -0.78770   324%     -    2s
     0     0   -0.78760    0  159    0.35129   -0.78760   324%     -    2s
     0     0   -0.78615    0  150    0.35129   -0.78615   324%     -    3s
     0     0   -0.78615    0  139    0.35129   -0.78615   324%     -    3s
     0     0   -0.74901    0  105    0.35129   -0.74901   313%     -    4s
H    0     0                       0.3322572   -0.74901   325%     -    4s
     0     2   -0.74901    0  102    0.33226   -0.74901   325%     -    4s
     1     4   -0.74111    1   96    0.33226   -0.74897   325%   254    5s
   149   147   -0.34180   27   57    0.33226   -0.71549   315%  19.1   10s
   401   347   -0.46371   27   70    0.33226   -0.71549   315%  33.3   16s
   633   453   -0.55295   30   75    0.33226   -0.68037   305%  53.0   20s
  1699   838 infeasible   39         0.33226   -0.67378   303%  52.8   25s
H 1768   894                       0.3298262   -0.67378   304%  52.4   25s
  2967  1706    0.22956   45   27    0.32983   -0.67378   304%  49.1   30s
  4481  2470   -0.49967   31   51    0.32983   -0.66632   302%  49.4   35s
  5657  3078 infeasible   34         0.32983   -0.66295   301%  51.1   40s
  6759  3633   -0.28443   33   80    0.32983   -0.66066   300%  52.1   45s
  8116  4267   -0.23869   32   71    0.32983   -0.65728   299%  52.8   51s
  9054  4735   -0.08231   53   52    0.32983   -0.65574   299%  53.6   55s
 10358  5369 infeasible   37         0.32983   -0.65256   298%  54.2   61s
 11491  5836 infeasible   68         0.32983   -0.64971   297%  54.9   66s
 12753  6563 infeasible   46         0.32983   -0.64810   296%  56.0   71s
 13683  6923   -0.10953   39   53    0.32983   -0.64486   296%  56.5   75s
 15333  7815    0.28444   64    4    0.32983   -0.63924   294%  57.0   82s
 16025  8193   -0.27592   31   75    0.32983   -0.63848   294%  56.5   85s
 17338  8903    0.15575   41   35    0.32983   -0.63590   293%  56.0   90s
 18828  9509    0.22745   64   25    0.32983   -0.63287   292%  55.8   96s
 20184 10097 infeasible   33         0.32983   -0.63088   291%  56.0  102s
 20943 10432    0.20929   39   29    0.32983   -0.62921   291%  56.2  105s
 22674 11120   -0.62430   35   71    0.32983   -0.62676   290%  55.8  112s
 23359 11458 infeasible   35         0.32983   -0.62507   290%  56.0  116s
 24804 12018    0.29579   59   13    0.32983   -0.62390   289%  56.0  122s
 25628 12432 infeasible   62         0.32983   -0.62306   289%  55.9  126s
 26423 12747 infeasible   54         0.32983   -0.62275   289%  55.9  130s
 28041 13355   -0.59885   39   56    0.32983   -0.62065   288%  56.0  138s
 28787 13656    0.09556   44   27    0.32983   -0.61848   288%  55.9  142s
 29458 14035   -0.22788   37   67    0.32983   -0.61742   287%  56.0  146s
 30333 14336     cutoff   44         0.32983   -0.61594   287%  55.9  151s
 31804 15093    0.28109   54   14    0.32983   -0.61371   286%  55.9  158s
 32566 15511   -0.23898   39   57    0.32983   -0.61258   286%  55.9  162s
 33317 15836 infeasible   67         0.32983   -0.61149   285%  55.8  165s
 34853 16674    0.06663   47   28    0.32983   -0.60972   285%  55.9  173s
 35616 16988   -0.29011   39   65    0.32983   -0.60857   285%  55.9  176s
 36362 17320   -0.52496   31   53    0.32983   -0.60678   284%  56.0  180s

Cutting planes:
  Cover: 7
  Implied bound: 86
  Clique: 13
  MIR: 19
  StrongCG: 2
  Flow cover: 73
  RLT: 44
  Relax-and-lift: 44

Explored 37116 nodes (2080489 simplex iterations) in 180.09 seconds (68.24 work units)
Thread count was 8 (of 8 available processors)

Solution count 3: 0.329826 0.332257 0.351292 

Time limit reached
Best objective 3.298262267843e-01, best bound -6.053150856117e-01, gap 283.5255%

User-callback calls 89330, time in user-callback 0.08 sec
alpha=0.9090909090909091  status=TIME_LIMIT
  agg total_shed = 6599.491   cost-wtd Gini(Υ^agg) (post-hoc) = 0.2729   model(−(n−1)/n+2σ·cumsum) = 0.2729   uncosted-agg-served-Gini (diag) = 0.6639
Gurobi Optimizer version 12.0.3 build v12.0.3rc0 (win64 - Windows 11+.0 (26200.2))

CPU model: 11th Gen Intel(R) Core(TM) i7-1165G7 @ 2.80GHz, instruction set [SSE2|AVX|AVX2|AVX512]
Thread count: 4 physical cores, 8 logical processors, using up to 8 threads

Non-default parameters:
TimeLimit  180
MIPGap  0.01
MIPFocus  1
GomoryPasses  0
NonConvex  2
NumericFocus  2

Optimize a model with 9357 rows, 5403 columns and 24215 nonzeros
Model fingerprint: 0x03f638d3
Model has 72 quadratic objective terms
Model has 265 quadratic constraints
Variable types: 5002 continuous, 401 integer (401 binary)
Coefficient statistics:
  Matrix range     [9e-09, 2e+03]
  QMatrix range    [1e+00, 5e+02]
  QLMatrix range   [1e+00, 1e+00]
  Objective range  [0e+00, 0e+00]
  QObjective range [4e+00, 3e+01]
  Bounds range     [1e-08, 2e+01]
  RHS range        [7e-01, 2e+03]
  QRHS range       [1e+00, 1e+00]

User MIP start did not produce a new incumbent solution
User MIP start violates constraint R122 by 4.345047923
Loaded MIP start from previous solve with objective 0.272913

Presolve removed 4544 rows and 2520 columns
Presolve time: 0.07s
Presolved: 5063 rows, 3125 columns, 16761 nonzeros
Presolved model has 80 SOS constraint(s)
Presolved model has 216 quadratic constraint(s)
Presolved model has 72 bilinear constraint(s)
Warning: Model contains variables with very large bounds participating
         in product terms.
         Presolve was not able to compute smaller bounds for these variables.
         Consider bounding these variables or reformulating the model.


Solving non-convex MIQCP

Variable types: 2804 continuous, 321 integer (321 binary)

Root relaxation: objective -8.888889e-01, 1336 iterations, 0.05 seconds (0.04 work units)

    Nodes    |    Current Node    |     Objective Bounds      |     Work
 Expl Unexpl |  Obj  Depth IntInf | Incumbent    BestBd   Gap | It/Node Time

     0     0   -0.88889    0   66    0.27291   -0.88889   426%     -    0s
     0     0   -0.88889    0  131    0.27291   -0.88889   426%     -    0s
     0     0   -0.88889    0  125    0.27291   -0.88889   426%     -    0s
     0     0   -0.88889    0  125    0.27291   -0.88889   426%     -    0s
     0     0   -0.88889    0   56    0.27291   -0.88889   426%     -    0s
     0     0   -0.88889    0   71    0.27291   -0.88889   426%     -    0s
     0     0   -0.85993    0   84    0.27291   -0.85993   415%     -    0s
     0     2   -0.85993    0   83    0.27291   -0.85993   415%     -    1s
   413   341   -0.43275    7   42    0.27291   -0.77573   384%  62.1    5s
H  702   459                       0.2729129   -0.77573   384%  62.4    7s
  1187   580   -0.77573   23   78    0.27291   -0.77573   384%  63.2   10s
  2198  1022   -0.04347   26   43    0.27291   -0.77573   384%  66.4   15s
  3117  1460 infeasible   32         0.27291   -0.77573   384%  68.6   20s
  4095  1967   -0.61253   22   56    0.27291   -0.77573   384%  66.0   25s
  5239  2516    0.20830   53   18    0.27291   -0.77485   384%  65.6   30s
H 5429  2531                       0.2729129   -0.77201   383%  65.6   30s
  6147  2926   -0.71503   30   88    0.27291   -0.76271   379%  65.8   35s
  7154  3474 infeasible   40         0.27291   -0.75514   377%  66.1   40s
  8251  3922    0.17220   36   23    0.27291   -0.74228   372%  67.3   46s
  9147  4262    0.15315   39    6    0.27291   -0.73029   368%  68.3   51s
  9857  4531    0.18110   37   20    0.27291   -0.71410   362%  68.4   55s
 11005  5017 infeasible   34         0.27291   -0.69971   356%  68.7   61s
 11795  5424    0.02962   37   48    0.27291   -0.69432   354%  68.4   66s
 12749  5859    0.17076   45    6    0.27291   -0.68783   352%  68.0   71s
 13715  6261 infeasible   40         0.27291   -0.68510   351%  68.2   76s
 14673  6681    0.17948   46   18    0.27291   -0.68257   350%  67.8   82s
 15282  6947   -0.57276   27   72    0.27291   -0.68137   350%  67.3   85s
 16535  7575   -0.22725   37   56    0.27291   -0.67841   349%  66.8   92s
 17288  7804 infeasible   32         0.27291   -0.67796   348%  66.2   95s
 18514  8429   -0.16839   40   37    0.27291   -0.67554   348%  66.2  103s
 19337  8687   -0.50478   29   63    0.27291   -0.67554   348%  66.0  108s
 19974  9018 infeasible   67         0.27291   -0.67346   347%  66.4  113s
 20722  9294    0.17324   37   34    0.27291   -0.67338   347%  66.3  119s
 21451  9670    0.26978   46    4    0.27291   -0.67080   346%  66.4  125s
 22345 10014   -0.12416   32   34    0.27291   -0.66931   345%  66.2  130s
 23060 10320   -0.20273   34   55    0.27291   -0.66870   345%  66.5  135s
 23901 10662 infeasible   42         0.27291   -0.66739   345%  66.5  140s
 24665 11066   -0.09019   29   68    0.27291   -0.66679   344%  66.6  145s
 25597 11427   -0.42844   29   84    0.27291   -0.66679   344%  66.2  151s
 26398 11670   -0.06258   37   64    0.27291   -0.66524   344%  66.2  159s
 27181 11952    0.03910   36   49    0.27291   -0.66512   344%  66.3  164s
 27857 12271    0.00200   38   28    0.27291   -0.66488   344%  66.3  169s
H28101 11871                       0.2582362   -0.66488   357%  66.2  169s
 28669 12111   -0.62068   26   81    0.25824   -0.66218   356%  66.1  174s
 29296 12460    0.14335   39   28    0.25824   -0.66171   356%  66.0  179s
H29788 12460                       0.2582362   -0.66164   356%  66.1  179s
 30077 12468    0.18526   38   20    0.25824   -0.66101   356%  66.3  180s

Cutting planes:
  Learned: 2
  Cover: 1
  Implied bound: 71
  Clique: 4
  MIR: 11
  Flow cover: 191
  RLT: 11
  Relax-and-lift: 40

Explored 30127 nodes (2005650 simplex iterations) in 180.05 seconds (65.49 work units)
Thread count was 8 (of 8 available processors)

Solution count 4: 0.258236 0.272913 0.272913 0.272913 

Time limit reached
Best objective 2.582362006967e-01, best bound -6.609146012399e-01, gap 355.9341%

User-callback calls 77451, time in user-callback 0.09 sec
alpha=1.0  status=TIME_LIMIT
  agg total_shed = 6492.505   cost-wtd Gini(Υ^agg) (post-hoc) = 0.2582   model(−(n−1)/n+2σ·cumsum) = 0.2582   uncosted-agg-served-Gini (diag) = 0.5847
[ PowerModelsDistribution | Info ] : Circuit has been reset with the 'clear' on line 1 in 'case6_unbalanced_switch_more_meshed_good4integer.dss'
[ PowerModelsDistribution | Info ] : Command 'calcvoltagebases' on line 56 in 'case6_unbalanced_switch_more_meshed_good4integer.dss' is not supported, skipping.
[ PowerModelsDistribution | Info ] : Command 'solve' on line 58 in 'case6_unbalanced_switch_more_meshed_good4integer.dss' is not supported, skipping.
[ PowerModelsDistribution | Info ] : basemva=100 is the default value, you may want to adjust sbase_default for better convergence
┌ PowerModelsDistribution | Warning ] : basefreq=60.0 on line.quadpb does not match circuit basefreq=50.0
└ @ PowerModelsDistribution C:\Users\awest\.julia\packages\PowerModelsDistribution\EOTxp\src\data_model\transformations\dss2eng.jl:422
┌ PowerModelsDistribution | Warning ] : basefreq=60.0 on line.quadad does not match circuit basefreq=50.0
└ @ PowerModelsDistribution C:\Users\awest\.julia\packages\PowerModelsDistribution\EOTxp\src\data_model\transformations\dss2eng.jl:422
┌ PowerModelsDistribution | Warning ] : basefreq=60.0 on line.quadac does not match circuit basefreq=50.0
└ @ PowerModelsDistribution C:\Users\awest\.julia\packages\PowerModelsDistribution\EOTxp\src\data_model\transformations\dss2eng.jl:422
┌ PowerModelsDistribution | Warning ] : basefreq=60.0 on line.quadpa does not match circuit basefreq=50.0
└ @ PowerModelsDistribution C:\Users\awest\.julia\packages\PowerModelsDistribution\EOTxp\src\data_model\transformations\dss2eng.jl:422
┌ PowerModelsDistribution | Warning ] : basefreq=60.0 on line.ohline does not match circuit basefreq=50.0
└ @ PowerModelsDistribution C:\Users\awest\.julia\packages\PowerModelsDistribution\EOTxp\src\data_model\transformations\dss2eng.jl:422
┌ PowerModelsDistribution | Warning ] : basefreq=60.0 on line.quadbc does not match circuit basefreq=50.0
└ @ PowerModelsDistribution C:\Users\awest\.julia\packages\PowerModelsDistribution\EOTxp\src\data_model\transformations\dss2eng.jl:422
┌ PowerModelsDistribution | Warning ] : basefreq=60.0 on line.quadec does not match circuit basefreq=50.0
└ @ PowerModelsDistribution C:\Users\awest\.julia\packages\PowerModelsDistribution\EOTxp\src\data_model\transformations\dss2eng.jl:422
┌ PowerModelsDistribution | Warning ] : basefreq=60.0 on line.quadpe does not match circuit basefreq=50.0
└ @ PowerModelsDistribution C:\Users\awest\.julia\packages\PowerModelsDistribution\EOTxp\src\data_model\transformations\dss2eng.jl:422
[ Main | Info ] : LOAD_SCALE_FACTORS (agg_scales per period): [0.839, 0.968, 1.076, 1.15, 1.112, 1.072, 0.984, 0.899]
Saved trade-off sweep data → C:\Users\awest\github\FairLoadDelivery\script\single_level\../../results/2026-06-15/gini_trade_off_mn\gini_sweep_mn_more_meshed_6_bus_absolute.jld2
Done. Results written to: C:\Users\awest\github\FairLoadDelivery\script\single_level\../../results/2026-06-15/gini_trade_off_mn
GKS: String is too long in routine TEXT
GKS: String is too long in routine TEXT
GKS: String is too long in routine TEXT
GKS: String is too long in routine TEXT
GKS: String is too long in routine TEXT
GKS: String is too long in routine TEXT
GKS: String is too long in routine TEXT
GKS: String is too long in routine TEXT
GKS: String is too long in routine TEXT
GKS: String is too long in routine TEXT
GKS: String is too long in routine TEXT
GKS: String is too long in routine TEXT
GKS: String is too long in routine TEXT
GKS: String is too long in routine TEXT
GKS: String is too long in routine TEXT
GKS: String is too long in routine TEXT
GKS: String is too long in routine TEXT
GKS: String is too long in routine TEXT
GKS: String is too long in routine TEXT
GKS: String is too long in routine TEXT
GKS: String is too long in routine TEXT
GKS: String is too long in routine TEXT
GKS: String is too long in routine TEXT
GKS: String is too long in routine TEXT
GKS: String is too long in routine TEXT
GKS: String is too long in routine TEXT
GKS: String is too long in routine TEXT
GKS: String is too long in routine TEXT
GKS: String is too long in routine TEXT
GKS: String is too long in routine TEXT
GKS: String is too long in routine TEXT
GKS: String is too long in routine TEXT
GKS: String is too long in routine TEXT
GKS: String is too long in routine TEXT
GKS: String is too long in routine TEXT
GKS: String is too long in routine TEXT
GKS: String is too long in routine TEXT
GKS: String is too long in routine TEXT
GKS: String is too long in routine TEXT
GKS: String is too long in routine TEXT
EXIT_INT=0
=== FULL RELAXED Mon Jun 15 09:00:55 EDT 2026 ===
Set parameter Username
Set parameter LicenseID to value 2813843
Academic license - for non-commercial use only - expires 2027-04-27
Set parameter NonConvex to value 2
Set parameter MIPGap to value 0.01
Set parameter TimeLimit to value 180
Set parameter MIPFocus to value 1
Set parameter NumericFocus to value 2
Set parameter Username
Set parameter LicenseID to value 2813843
Academic license - for non-commercial use only - expires 2027-04-27
Set parameter MIPGap to value 0.01
Set parameter TimeLimit to value 300
Set parameter MIPFocus to value 1
Set parameter MIPGap to value 0.01
Set parameter MIPFocus to value 1
Set parameter TimeLimit to value 300
Gurobi Optimizer version 12.0.3 build v12.0.3rc0 (win64 - Windows 11+.0 (26200.2))

CPU model: 11th Gen Intel(R) Core(TM) i7-1165G7 @ 2.80GHz, instruction set [SSE2|AVX|AVX2|AVX512]
Thread count: 4 physical cores, 8 logical processors, using up to 8 threads

Non-default parameters:
TimeLimit  300
MIPGap  0.01
MIPFocus  1

Optimize a model with 9088 rows, 5240 columns and 22208 nonzeros
Model fingerprint: 0x56fb26e7
Model has 264 quadratic constraints
Coefficient statistics:
  Matrix range     [9e-09, 2e+01]
  QMatrix range    [1e+00, 5e+02]
  QLMatrix range   [1e+00, 1e+00]
  Objective range  [7e-02, 4e-01]
  Bounds range     [1e+00, 2e+01]
  RHS range        [7e-01, 2e+01]
Presolve removed 4384 rows and 2320 columns
Presolve time: 0.01s
Presolved: 5176 rows, 3320 columns, 15796 nonzeros
Presolved model has 192 second-order cone constraints
Ordering time: 0.01s

Barrier statistics:
 AA' NZ     : 5.310e+04
 Factor NZ  : 1.656e+05 (roughly 5 MB of memory)
 Factor Ops : 6.763e+06 (less than 1 second per iteration)
 Threads    : 4

                  Objective                Residual
Iter       Primal          Dual         Primal    Dual     Compl     Time
   0   3.75546944e+02 -2.01805402e+02  5.01e+02 1.00e-01  2.23e+00     0s
   1   1.44318798e+02 -2.76854418e+02  1.07e+02 1.66e-02  4.97e-01     0s
   2   7.75832460e+01 -2.49201154e+02  4.38e+01 1.12e-02  2.22e-01     0s
   3   5.00677146e+01 -1.82564338e+02  2.10e+01 3.45e-03  1.07e-01     0s
   4   3.76544208e+01 -1.24064766e+02  1.01e+01 1.18e-03  5.26e-02     0s
   5   3.15276915e+01 -8.66849657e+01  5.49e+00 6.27e-04  3.02e-02     0s
   6   2.89960013e+01 -4.58112792e+01  2.95e+00 3.06e-04  1.61e-02     0s
   7   2.64784331e+01 -4.45851007e-01  9.23e-01 5.35e-05  4.77e-03     0s
   8   2.49391120e+01  1.80815571e+01  2.94e-01 6.86e-06  1.16e-03     0s
   9   2.45858652e+01  2.22045184e+01  1.25e-01 1.61e-06  4.08e-04     0s
  10   2.44025729e+01  2.32298635e+01  7.15e-02 6.82e-07  2.06e-04     0s
  11   2.42890674e+01  2.37629891e+01  3.64e-02 2.59e-07  9.49e-05     0s
  12   2.42061628e+01  2.40324468e+01  9.04e-03 7.38e-08  2.87e-05     0s
  13   2.41683749e+01  2.41544308e+01  1.82e-04 4.29e-09  1.85e-06     0s
  14   2.41665418e+01  2.41653242e+01  2.20e-05 2.63e-10  1.67e-07     0s
  15   2.41662213e+01  2.41660523e+01  1.10e-06 4.04e-11  2.16e-08     0s
  16   2.41662080e+01  2.41662046e+01  1.33e-08 8.65e-13  4.37e-10     0s

Barrier solved model in 16 iterations and 0.13 seconds (0.06 work units)
Optimal objective 2.41662080e+01


User-callback calls 152, time in user-callback 0.00 sec
Set parameter NumericFocus to value 2
Set parameter NonConvex to value 2
Set parameter MIPGap to value 0.01
Set parameter MIPFocus to value 1
Set parameter TimeLimit to value 180
Gurobi Optimizer version 12.0.3 build v12.0.3rc0 (win64 - Windows 11+.0 (26200.2))

CPU model: 11th Gen Intel(R) Core(TM) i7-1165G7 @ 2.80GHz, instruction set [SSE2|AVX|AVX2|AVX512]
Thread count: 4 physical cores, 8 logical processors, using up to 8 threads

Non-default parameters:
TimeLimit  180
MIPGap  0.01
MIPFocus  1
NonConvex  2
NumericFocus  2

Optimize a model with 9357 rows, 5403 columns and 24215 nonzeros
Model fingerprint: 0x04b38ea9
Model has 265 quadratic constraints
Variable types: 5322 continuous, 81 integer (81 binary)
Coefficient statistics:
  Matrix range     [9e-09, 2e+03]
  QMatrix range    [1e+00, 5e+02]
  QLMatrix range   [1e+00, 1e+00]
  Objective range  [2e-03, 2e-03]
  Bounds range     [1e-08, 2e+01]
  RHS range        [7e-01, 2e+03]
  QRHS range       [1e+00, 1e+00]

User MIP start did not produce a new incumbent solution
User MIP start violates constraint R122 by 4.345047439

Presolve removed 4384 rows and 2376 columns
Presolve time: 0.03s
Presolved: 5291 rows, 3149 columns, 17236 nonzeros
Presolved model has 216 quadratic constraint(s)
Presolved model has 73 bilinear constraint(s)
Warning: Model contains variables with very large bounds participating
         in product terms.
         Presolve was not able to compute smaller bounds for these variables.
         Consider bounding these variables or reformulating the model.


Solving non-convex MIQCP

Variable types: 3068 continuous, 81 integer (81 binary)

Root relaxation: objective 2.214031e-01, 1633 iterations, 0.03 seconds (0.03 work units)
Another try with MIP start

    Nodes    |    Current Node    |     Objective Bounds      |     Work
 Expl Unexpl |  Obj  Depth IntInf | Incumbent    BestBd   Gap | It/Node Time

H    0     0                       0.2220435    0.22140  0.29%     -    0s
     0     0    0.22140    0   89    0.22204    0.22140  0.29%     -    0s

Explored 1 nodes (1813 simplex iterations) in 1.01 seconds (0.47 work units)
Thread count was 8 (of 8 available processors)

Solution count 1: 0.222043 

Optimal solution found (tolerance 1.00e-02)
Best objective 2.220434643833e-01, best bound 2.214031484381e-01, gap 0.2884%

User-callback calls 703, time in user-callback 0.00 sec
Load profile assignments for more_meshed_6_bus:
  (name = "l5", bus = 1, n_phases = 1, balanced = true, phases = [(1, -1)])
  (name = "l6", bus = 1, n_phases = 1, balanced = true, phases = [(1, 1)])
  (name = "l7", bus = 1, n_phases = 1, balanced = true, phases = [(1, 0)])
  (name = "l1", bus = 4, n_phases = 1, balanced = true, phases = [(1, -1)])
  (name = "l2", bus = 4, n_phases = 1, balanced = true, phases = [(3, -1)])
  (name = "l3", bus = 4, n_phases = 1, balanced = true, phases = [(2, 0)])
  (name = "l4", bus = 5, n_phases = 1, balanced = true, phases = [(2, 0)])
  (name = "l9", bus = 6, n_phases = 3, balanced = true, phases = [(1, 1), (1, -1), (1, 0)])
  (name = "l8", bus = 7, n_phases = 3, balanced = true, phases = [(2, -1), (2, 0), (2, 1)])
Warmstart: solving pure-efficiency multi-period MLD (no Gini machinery)…
  efficiency-warmstart status=OPTIMAL
  warm cost-wtd agg total=1777.85   σ_start=6.2e-5
alpha=0.0  status=OPTIMAL
  agg total_shed = 1788.744   cost-wtd Gini(Υ^agg) (post-hoc) = 0.2948   model(−(n−1)/n+2σ·cumsum) = 0.2948   uncosted-agg-served-Gini (diag) = 0.341
Gurobi Optimizer version 12.0.3 build v12.0.3rc0 (win64 - Windows 11+.0 (26200.2))

CPU model: 11th Gen Intel(R) Core(TM) i7-1165G7 @ 2.80GHz, instruction set [SSE2|AVX|AVX2|AVX512]
Thread count: 4 physical cores, 8 logical processors, using up to 8 threads

Non-default parameters:
TimeLimit  180
MIPGap  0.01
MIPFocus  1
GomoryPasses  0
NonConvex  2
NumericFocus  2

Optimize a model with 9357 rows, 5403 columns and 24215 nonzeros
Model fingerprint: 0xfee1f924
Model has 72 quadratic objective terms
Model has 265 quadratic constraints
Variable types: 5322 continuous, 81 integer (81 binary)
Coefficient statistics:
  Matrix range     [9e-09, 2e+03]
  QMatrix range    [1e+00, 5e+02]
  QLMatrix range   [1e+00, 1e+00]
  Objective range  [2e-03, 2e-03]
  QObjective range [4e-01, 3e+00]
  Bounds range     [1e-08, 2e+01]
  RHS range        [7e-01, 2e+03]
  QRHS range       [1e+00, 1e+00]

User MIP start did not produce a new incumbent solution
User MIP start violates constraint R122 by 4.345047439
Loaded MIP start from previous solve with objective 0.228654

Presolve removed 4384 rows and 2376 columns
Presolve time: 0.03s
Presolved: 5436 rows, 3222 columns, 17597 nonzeros
Presolved model has 216 quadratic constraint(s)
Presolved model has 145 bilinear constraint(s)
Warning: Model contains variables with very large bounds participating
         in product terms.
         Presolve was not able to compute smaller bounds for these variables.
         Consider bounding these variables or reformulating the model.


Solving non-convex MIQCP

Variable types: 3141 continuous, 81 integer (81 binary)

Root relaxation: objective 1.204675e-01, 1590 iterations, 0.03 seconds (0.02 work units)

    Nodes    |    Current Node    |     Objective Bounds      |     Work
 Expl Unexpl |  Obj  Depth IntInf | Incumbent    BestBd   Gap | It/Node Time

     0     0    0.12047    0   89    0.22865    0.12047  47.3%     -    0s
     0     0    0.12047    0   85    0.22865    0.12047  47.3%     -    0s
     0     0    0.12047    0   85    0.22865    0.12047  47.3%     -    0s
     0     0    0.12047    0   80    0.22865    0.12047  47.3%     -    0s
     0     0    0.12047    0   79    0.22865    0.12047  47.3%     -    0s
     0     0    0.12047    0   78    0.22865    0.12047  47.3%     -    0s
     0     2    0.12047    0   78    0.22865    0.12047  47.3%     -    1s
H   32    35                       0.2262070    0.12047  46.7%   165    3s
H   76    74                       0.2262069    0.12047  46.7%   103    4s
   106    93    0.13080   22   85    0.22621    0.12047  46.7%  99.0    5s
H  419   252                       0.2236976    0.12047  46.1%  85.6   10s
H  425   286                       0.2236975    0.12047  46.1%  86.9   10s
   515   343    0.13780   18   90    0.22370    0.12231  45.3%   117   15s
H  588   363                       0.2236974    0.12231  45.3%   122   16s
H  676   394                       0.2236969    0.12231  45.3%   114   17s
   898   512    0.13797   27   91    0.22370    0.12231  45.3%  96.9   20s
  1226   648    0.13868   43  103    0.22370    0.12231  45.3%   108   25s
H 1521   799                       0.2233958    0.12231  45.2%   102   29s
  1538   907    0.13780   48  105    0.22340    0.12231  45.2%   101   30s
H 1622   907                       0.2233958    0.12231  45.2%  96.6   30s
H 1711   998                       0.2233957    0.12231  45.2%  93.8   30s
H 1729   998                       0.2233954    0.12231  45.2%  93.3   30s
  2202  1321    0.14971   85   79    0.22340    0.12231  45.2%  97.8   35s
H 2359  1373                       0.2233946    0.12264  45.1%  97.5   35s
  2537  1469    0.18849   45   25    0.22339    0.12264  45.1%   100   40s
  2944  1682    0.12375   49   46    0.22339    0.12328  44.8%   100   45s
  3353  1867 infeasible   40         0.22339    0.12375  44.6%  98.4   50s
  3741  2049    0.12746   32   78    0.22339    0.12375  44.6%  97.3   56s
  3804  2094 infeasible   33         0.22339    0.12375  44.6%  97.0   61s
  4071  2201    0.12416   36   41    0.22339    0.12376  44.6%  96.3   67s
H 4209  2272                       0.2233863    0.12376  44.6%  95.1   69s
  4244  2369    0.12623   42   58    0.22339    0.12376  44.6%  95.1   71s
H 4279  2369                       0.2233859    0.12376  44.6%  94.7   71s
H 4294  2369                       0.2233858    0.12376  44.6%  94.7   71s
  4815  2596    0.12382   99   42    0.22339    0.12380  44.6%  93.4   76s
H 4976  2596                       0.2233855    0.12380  44.6%  93.8   76s
  5197  2738    0.12439   29   45    0.22339    0.12380  44.6%  92.5   80s
  5499  2956    0.12854   52   39    0.22339    0.12380  44.6%  89.4   86s
H 5577  2956                       0.2233851    0.12380  44.6%  88.9   86s
  5638  3076    0.12854   55   39    0.22339    0.12381  44.6%  88.9   92s
  5812  3211 infeasible   57         0.22339    0.12381  44.6%  88.1   97s
  6115  3282    0.12519  100   43    0.22339    0.12382  44.6%  86.9  100s
  6370  3412 infeasible  130         0.22339    0.12382  44.6%  86.4  105s
  6640  3449    0.12860   74   41    0.22339    0.12382  44.6%  85.1  113s
  6745  3569    0.12820   79   42    0.22339    0.12382  44.6%  84.7  117s
H 6802  3569                       0.2233846    0.12382  44.6%  84.4  117s
  7031  3788    0.12390   73   46    0.22338    0.12382  44.6%  83.9  121s
  7366  3965    0.12418   59   42    0.22338    0.12382  44.6%  83.0  126s
  7657  4046    0.12472   62   44    0.22338    0.12382  44.6%  82.2  131s
  7840  4120    0.12498   86   40    0.22338    0.12382  44.6%  82.1  138s
  7986  4186    0.12498   87   40    0.22338    0.12382  44.6%  82.0  142s
  8186  4215    0.12603  100   40    0.22338    0.12382  44.6%  82.4  145s
  8297  4228 infeasible  103         0.22338    0.12382  44.6%  82.3  150s
  8354  4293    0.12980  105   37    0.22338    0.12382  44.6%  82.1  156s
  8471  4400    0.13088  120   36    0.22338    0.12382  44.6%  81.7  166s
  8770  4500    0.12391   73   44    0.22338    0.12382  44.6%  80.8  173s
  8982  4536 infeasible   71         0.22338    0.12382  44.6%  81.1  180s

Cutting planes:
  Implied bound: 8
  Flow cover: 21
  RLT: 17
  Relax-and-lift: 7

Explored 9060 nodes (738667 simplex iterations) in 180.26 seconds (68.67 work units)
Thread count was 8 (of 8 available processors)

Solution count 5: 0.223385 0.223395 0.223697 ... 0.228654

Time limit reached
Best objective 2.233862844873e-01, best bound 1.238223949434e-01, gap 44.5703%

User-callback calls 33098, time in user-callback 0.08 sec
alpha=0.09090909090909091  status=TIME_LIMIT
  agg total_shed = 1835.087   cost-wtd Gini(Υ^agg) (post-hoc) = 0.2064   model(−(n−1)/n+2σ·cumsum) = 0.2064   uncosted-agg-served-Gini (diag) = 0.3306
Gurobi Optimizer version 12.0.3 build v12.0.3rc0 (win64 - Windows 11+.0 (26200.2))

CPU model: 11th Gen Intel(R) Core(TM) i7-1165G7 @ 2.80GHz, instruction set [SSE2|AVX|AVX2|AVX512]
Thread count: 4 physical cores, 8 logical processors, using up to 8 threads

Non-default parameters:
TimeLimit  180
MIPGap  0.01
MIPFocus  1
GomoryPasses  0
NonConvex  2
NumericFocus  2

Optimize a model with 9357 rows, 5403 columns and 24215 nonzeros
Model fingerprint: 0xfa3ead3d
Model has 72 quadratic objective terms
Model has 265 quadratic constraints
Variable types: 5322 continuous, 81 integer (81 binary)
Coefficient statistics:
  Matrix range     [9e-09, 2e+03]
  QMatrix range    [1e+00, 5e+02]
  QLMatrix range   [1e+00, 1e+00]
  Objective range  [1e-03, 1e-03]
  QObjective range [7e-01, 6e+00]
  Bounds range     [1e-08, 2e+01]
  RHS range        [7e-01, 2e+03]
  QRHS range       [1e+00, 1e+00]

User MIP start did not produce a new incumbent solution
User MIP start violates constraint R122 by 4.345047439
Loaded MIP start from previous solve with objective 0.221686

Presolve removed 4384 rows and 2376 columns
Presolve time: 0.09s
Presolved: 5436 rows, 3222 columns, 17597 nonzeros
Presolved model has 216 quadratic constraint(s)
Presolved model has 145 bilinear constraint(s)
Warning: Model contains variables with very large bounds participating
         in product terms.
         Presolve was not able to compute smaller bounds for these variables.
         Consider bounding these variables or reformulating the model.


Solving non-convex MIQCP

Variable types: 3141 continuous, 81 integer (81 binary)

Root relaxation: objective 1.953187e-02, 1590 iterations, 0.07 seconds (0.02 work units)

    Nodes    |    Current Node    |     Objective Bounds      |     Work
 Expl Unexpl |  Obj  Depth IntInf | Incumbent    BestBd   Gap | It/Node Time

     0     0    0.01953    0   89    0.22169    0.01953  91.2%     -    0s
     0     0    0.01953    0   85    0.22169    0.01953  91.2%     -    0s
     0     0    0.01953    0   85    0.22169    0.01953  91.2%     -    0s
     0     0    0.01953    0   80    0.22169    0.01953  91.2%     -    0s
     0     0    0.01953    0   77    0.22169    0.01953  91.2%     -    0s
     0     0    0.01953    0   79    0.22169    0.01953  91.2%     -    1s
H    0     2                       0.2216856    0.01953  91.2%     -    2s
     0     2    0.01953    0   79    0.22169    0.01953  91.2%     -    2s
    67    70    0.01953   11   81    0.22169    0.01953  91.2%   146    5s
   233   217    0.07078   14   96    0.22169    0.01953  91.2%   124   10s
H  298   233                       0.2215103    0.01953  91.2%   119   12s
H  355   273                       0.2215092    0.01953  91.2%   127   13s
   429   308    0.04639    6   78    0.22151    0.01953  91.2%   124   15s
   480   336    0.04231   12   29    0.22151    0.02004  91.0%   122   20s
   597   438    0.06509   22   97    0.22151    0.02271  89.7%   123   25s
   872   544    0.06411   33  104    0.22151    0.02271  89.7%   102   30s
  1053   641    0.06376   38   91    0.22151    0.02271  89.7%  94.5   35s
  1398   824    0.06467   64   92    0.22151    0.02271  89.7%  99.1   40s
  1434   835    0.06467   66   93    0.22151    0.02271  89.7%   109   45s
  1612   988    0.06467   68   93    0.22151    0.02271  89.7%   108   50s
  1778  1132    0.06467   70   93    0.22151    0.02271  89.7%   107   55s
  1962  1246    0.06467   71   93    0.22151    0.02271  89.7%   107   60s
  2138  1433    0.06469   73   90    0.22151    0.02271  89.7%   109   66s
  2441  1690    0.06523   74   89    0.22151    0.02271  89.7%   104   70s
  2742  1884    0.06467   76   91    0.22151    0.02271  89.7%   100   76s
  2824  1917    0.06468   77   90    0.22151    0.02271  89.7%  99.2   83s
  2833  1937    0.06467   77   91    0.22151    0.02271  89.7%  99.4   85s
  2989  2132    0.06467   78   90    0.22151    0.02271  89.7%  98.8   91s
  3116  2219    0.18028   79   66    0.22151    0.02271  89.7%  97.6   95s
  3246  2355    0.09159   80   98    0.22151    0.02271  89.7%  95.5  100s
  3484  2565 infeasible   81         0.22151    0.02271  89.7%  93.7  105s
H 3677  2586                       0.2201927    0.02271  89.7%  91.1  108s
  3679  2724    0.02843   43   65    0.22019    0.02271  89.7%  91.2  112s
H 3701  2724                       0.2201925    0.02271  89.7%  90.7  112s
  3885  2733    0.02994   65   52    0.22019    0.02271  89.7%  89.2  116s
  4041  2978    0.02995   67   52    0.22019    0.02271  89.7%  86.8  122s
  4225  3164    0.02995   68   52    0.22019    0.02271  89.7%  84.9  125s
  4699  3407    0.02275   49   78    0.22019    0.02271  89.7%  83.7  131s
  4861  3560    0.02434   51   63    0.22019    0.02271  89.7%  84.2  137s
  4983  3628    0.02852   52   67    0.22019    0.02271  89.7%  84.3  141s
H 4984  3607                       0.2191302    0.02271  89.6%  84.3  141s
H 5193  3859                       0.2191299    0.02271  89.6%  83.2  144s
  5395  3900    0.21372   86   27    0.21913    0.02271  89.6%  80.9  149s
  5440  4074 infeasible   87         0.21913    0.02271  89.6%  80.9  151s
  5670  4130    0.21352   87   26    0.21913    0.02271  89.6%  79.1  155s
  5947  4487    0.11714   86   48    0.21913    0.02271  89.6%  79.3  163s
H 5949  4487                       0.2191298    0.02271  89.6%  79.3  163s
  6175  4621    0.11752   87   43    0.21913    0.02271  89.6%  79.1  166s
H 6201  4621                       0.2191294    0.02271  89.6%  78.8  166s
  6388  4767    0.02321   55   72    0.21913    0.02271  89.6%  77.0  170s
  6670  4905    0.11873   89   42    0.21913    0.02271  89.6%  74.5  177s
  6798  4936    0.02853   55   63    0.21913    0.02271  89.6%  74.2  180s
H 6799  4936                       0.2191294    0.02271  89.6%  74.2  180s

Cutting planes:
  Implied bound: 8
  Flow cover: 5
  RLT: 1
  Relax-and-lift: 7

Explored 6901 nodes (511174 simplex iterations) in 180.12 seconds (53.12 work units)
Thread count was 8 (of 8 available processors)

Solution count 4: 0.219129 0.220192 0.221509 0.221686 

Time limit reached
Best objective 2.191302388213e-01, best bound 2.271414169884e-02, gap 89.6344%

User-callback calls 31698, time in user-callback 0.13 sec
alpha=0.18181818181818182  status=TIME_LIMIT
  agg total_shed = 1878.445   cost-wtd Gini(Υ^agg) (post-hoc) = 0.1776   model(−(n−1)/n+2σ·cumsum) = 0.1776   uncosted-agg-served-Gini (diag) = 0.3405
Gurobi Optimizer version 12.0.3 build v12.0.3rc0 (win64 - Windows 11+.0 (26200.2))

CPU model: 11th Gen Intel(R) Core(TM) i7-1165G7 @ 2.80GHz, instruction set [SSE2|AVX|AVX2|AVX512]
Thread count: 4 physical cores, 8 logical processors, using up to 8 threads

Non-default parameters:
TimeLimit  180
MIPGap  0.01
MIPFocus  1
GomoryPasses  0
NonConvex  2
NumericFocus  2

Optimize a model with 9357 rows, 5403 columns and 24215 nonzeros
Model fingerprint: 0x958746cb
Model has 72 quadratic objective terms
Model has 265 quadratic constraints
Variable types: 5322 continuous, 81 integer (81 binary)
Coefficient statistics:
  Matrix range     [9e-09, 2e+03]
  QMatrix range    [1e+00, 5e+02]
  QLMatrix range   [1e+00, 1e+00]
  Objective range  [1e-03, 1e-03]
  QObjective range [1e+00, 9e+00]
  Bounds range     [1e-08, 2e+01]
  RHS range        [7e-01, 2e+03]
  QRHS range       [1e+00, 1e+00]

User MIP start did not produce a new incumbent solution
User MIP start violates constraint R122 by 4.345047439
Loaded MIP start from previous solve with objective 0.214513

Presolve removed 4384 rows and 2376 columns
Presolve time: 0.05s
Presolved: 5436 rows, 3222 columns, 17597 nonzeros
Presolved model has 216 quadratic constraint(s)
Presolved model has 145 bilinear constraint(s)
Warning: Model contains variables with very large bounds participating
         in product terms.
         Presolve was not able to compute smaller bounds for these variables.
         Consider bounding these variables or reformulating the model.


Solving non-convex MIQCP

Variable types: 3141 continuous, 81 integer (81 binary)

Root relaxation: objective -8.140377e-02, 1590 iterations, 0.04 seconds (0.02 work units)

    Nodes    |    Current Node    |     Objective Bounds      |     Work
 Expl Unexpl |  Obj  Depth IntInf | Incumbent    BestBd   Gap | It/Node Time

     0     0   -0.08140    0   89    0.21451   -0.08140   138%     -    0s
     0     0   -0.08140    0   84    0.21451   -0.08140   138%     -    0s
     0     0   -0.08140    0   83    0.21451   -0.08140   138%     -    0s
     0     0   -0.08140    0   82    0.21451   -0.08140   138%     -    0s
     0     0   -0.08140    0   82    0.21451   -0.08140   138%     -    0s
     0     0   -0.08140    0   78    0.21451   -0.08140   138%     -    0s
H    0     0                       0.2145085   -0.08140   138%     -    1s
     0     2   -0.08140    0   78    0.21451   -0.08140   138%     -    1s
H   80    81                       0.2145085   -0.08140   138%   135    3s
   140   128   -0.02828   28   95    0.21451   -0.08140   138%   121    5s
H  216   166                       0.2145085   -0.08140   138%   126    6s
H  324   238                       0.2145084   -0.08140   138%   140    8s
   343   240 infeasible   30         0.21451   -0.08140   138%   137   10s
H  503   305                       0.2145082   -0.08140   138%   143   14s
   505   306   -0.02174   14   24    0.21451   -0.08140   138%   143   15s
   519   316   -0.02035   17   26    0.21451   -0.07998   137%   150   22s
   542   365   -0.01931   32   63    0.21451   -0.07655   136%   156   25s
H  634   389                       0.2145076   -0.07655   136%   137   26s
H  741   445                       0.2145076   -0.07655   136%   123   27s
   954   555   -0.01927   41   62    0.21451   -0.07655   136%   111   30s
  1182   603   -0.01931   47   60    0.21451   -0.07655   136%   129   35s
H 1212   602                       0.2137427   -0.07655   136%   128   37s
H 1272   597                       0.2137423   -0.07655   136%   124   37s
H 1373   661                       0.2137421   -0.07655   136%   120   38s
  1524   736   -0.01840   68  115    0.21374   -0.07655   136%   118   40s
  1904  1084    0.16328   73   48    0.21374   -0.07655   136%   121   45s
  2143  1234   -0.01822   76  112    0.21374   -0.07655   136%   123   50s
  2548  1508    0.19222   79   85    0.21374   -0.07655   136%   115   55s
  2883  1833 infeasible   82         0.21374   -0.07655   136%   107   60s
  3322  2173   -0.07621   52   62    0.21374   -0.07655   136%   105   65s
  3876  2595    0.01713   74   60    0.21374   -0.07655   136%  95.6   70s
H 3969  2595                       0.2137420   -0.07655   136%  95.2   70s
  4338  2947   -0.07628   59   63    0.21374   -0.07655   136%  91.8   75s
  4945  3250   -0.06638   64   53    0.21374   -0.07655   136%  88.1   80s
H 5134  3250                       0.2136252   -0.07655   136%  86.9   80s
H 5252  3456                       0.2136244   -0.07655   136%  86.5   82s
  5762  3718   -0.07267   66   53    0.21362   -0.07655   136%  84.9   85s
  6218  4111    0.06695   90   36    0.21362   -0.07655   136%  88.4   90s
  6708  4370    0.06712  110   35    0.21362   -0.07655   136%  86.2   96s
H 6723  4370                       0.2136243   -0.07655   136%  86.6   96s
  7103  4600 infeasible  111         0.21362   -0.07655   136%  85.8  102s
H 7229  4598                       0.2118613   -0.07655   136%  85.8  102s
H 7231  4933                       0.2118612   -0.07655   136%  85.7  105s
H 7408  4933                       0.2118612   -0.07655   136%  85.3  105s
  8056  5404    0.14265  116   31    0.21186   -0.07655   136%  83.8  110s
H 8435  5533                       0.2118608   -0.07655   136%  84.4  113s
  8536  5769    0.06752   87   37    0.21186   -0.07655   136%  84.9  116s
  8860  6106 infeasible  117         0.21186   -0.07655   136%  85.6  120s
  9609  6589   -0.00724   85   34    0.21186   -0.07655   136%  83.9  125s
 10455  6853    0.00474   83   43    0.21186   -0.07655   136%  83.2  130s
H10478  6927                       0.2117816   -0.07655   136%  83.1  135s
H10586  7225                       0.2117816   -0.07655   136%  82.4  139s
H10879  7225                       0.2117815   -0.07655   136%  81.0  139s
 10948  7367    0.01246   94   38    0.21178   -0.07655   136%  80.8  142s
H11014  7367                       0.2117815   -0.07655   136%  80.4  142s
H11085  7367                       0.2117815   -0.07655   136%  80.3  142s
 11138  7614    0.01212  116   38    0.21178   -0.07655   136%  80.4  146s
H11329  7611                       0.2115928   -0.07655   136%  79.4  146s
 11437  7618    0.01479  133   38    0.21159   -0.07655   136%  79.3  150s
H11446  7626                       0.2115928   -0.07655   136%  79.3  156s
H11448  7626                       0.2115928   -0.07655   136%  79.3  156s
 11454  7923    0.01678  131   38    0.21159   -0.07655   136%  79.2  160s
 11857  8101    0.01559  154   32    0.21159   -0.07655   136%  79.4  165s
 12123  8392    0.02651  162   32    0.21159   -0.07655   136%  79.2  170s
H12227  8392                       0.2115928   -0.07655   136%  79.5  170s
H12480  8676                       0.2115928   -0.07655   136%  79.4  175s
 12966  8892   -0.04441   69   58    0.21159   -0.07655   136%  78.8  180s

Cutting planes:
  Implied bound: 5
  Flow cover: 1
  RLT: 6
  Relax-and-lift: 6

Explored 13234 nodes (1044274 simplex iterations) in 180.09 seconds (75.00 work units)
Thread count was 8 (of 8 available processors)

Solution count 8: 0.211593 0.211782 0.211861 ... 0.214513

Time limit reached
Best objective 2.115928059379e-01, best bound -7.654894891646e-02, gap 136.1775%

User-callback calls 48633, time in user-callback 0.12 sec
alpha=0.2727272727272727  status=TIME_LIMIT
  agg total_shed = 1907.985   cost-wtd Gini(Υ^agg) (post-hoc) = 0.1604   model(−(n−1)/n+2σ·cumsum) = 0.1604   uncosted-agg-served-Gini (diag) = 0.3245
Gurobi Optimizer version 12.0.3 build v12.0.3rc0 (win64 - Windows 11+.0 (26200.2))

CPU model: 11th Gen Intel(R) Core(TM) i7-1165G7 @ 2.80GHz, instruction set [SSE2|AVX|AVX2|AVX512]
Thread count: 4 physical cores, 8 logical processors, using up to 8 threads

Non-default parameters:
TimeLimit  180
MIPGap  0.01
MIPFocus  1
GomoryPasses  0
NonConvex  2
NumericFocus  2

Optimize a model with 9357 rows, 5403 columns and 24215 nonzeros
Model fingerprint: 0x272e5a2a
Model has 72 quadratic objective terms
Model has 265 quadratic constraints
Variable types: 5322 continuous, 81 integer (81 binary)
Coefficient statistics:
  Matrix range     [9e-09, 2e+03]
  QMatrix range    [1e+00, 5e+02]
  QLMatrix range   [1e+00, 1e+00]
  Objective range  [1e-03, 1e-03]
  QObjective range [1e+00, 1e+01]
  Bounds range     [1e-08, 2e+01]
  RHS range        [7e-01, 2e+03]
  QRHS range       [1e+00, 1e+00]

User MIP start did not produce a new incumbent solution
User MIP start violates constraint R122 by 4.345047439
Loaded MIP start from previous solve with objective 0.20519

Presolve removed 4384 rows and 2376 columns
Presolve time: 0.06s
Presolved: 5436 rows, 3222 columns, 17597 nonzeros
Presolved model has 216 quadratic constraint(s)
Presolved model has 145 bilinear constraint(s)
Warning: Model contains variables with very large bounds participating
         in product terms.
         Presolve was not able to compute smaller bounds for these variables.
         Consider bounding these variables or reformulating the model.


Solving non-convex MIQCP

Variable types: 3141 continuous, 81 integer (81 binary)

Root relaxation: objective -1.823394e-01, 1606 iterations, 0.04 seconds (0.02 work units)

    Nodes    |    Current Node    |     Objective Bounds      |     Work
 Expl Unexpl |  Obj  Depth IntInf | Incumbent    BestBd   Gap | It/Node Time

     0     0   -0.18234    0   89    0.20519   -0.18234   189%     -    0s
     0     0   -0.18234    0   84    0.20519   -0.18234   189%     -    0s
     0     0   -0.18234    0   83    0.20519   -0.18234   189%     -    0s
     0     0   -0.18234    0   82    0.20519   -0.18234   189%     -    0s
     0     0   -0.18234    0   76    0.20519   -0.18234   189%     -    0s
     0     0   -0.18234    0   78    0.20519   -0.18234   189%     -    1s
H    0     0                       0.2051072   -0.18234   189%     -    2s
     0     2   -0.18234    0   78    0.20511   -0.18234   189%     -    2s
H   40    47                       0.2049581   -0.18234   189%   195    4s
    48    64   -0.18234    9   80    0.20496   -0.18234   189%   195    5s
H   99   101                       0.2049580   -0.18234   189%   131    6s
H  235   194                       0.2049577   -0.18234   189%   119    8s
   336   240   -0.02786   26   84    0.20496   -0.18234   189%   127   10s
   452   329   -0.07367   21   28    0.20496   -0.18145   189%   136   17s
H  486   344                       0.2049572   -0.18081   188%   148   19s
   494   369   -0.16476   15   91    0.20496   -0.18081   188%   146   20s
   658   463   -0.16476   19   95    0.20496   -0.18081   188%   115   25s
   878   576   -0.16378   25   91    0.20496   -0.18081   188%   113   30s
  1066   665   -0.16476   29   95    0.20496   -0.18081   188%   125   36s
  1261   814   -0.16458   32   98    0.20496   -0.18081   188%   124   40s
  1554   960   -0.15743   49   74    0.20496   -0.18081   188%   125   46s
  1826  1250   -0.11996   56   27    0.20496   -0.18081   188%   122   51s
  2013  1368   -0.02255   60   37    0.20496   -0.18081   188%   118   55s
H 2143  1437                       0.2049567   -0.18081   188%   114   56s
  2338  1691   -0.02255   62   38    0.20496   -0.18081   188%   110   60s
  2827  2021   -0.02123  137   27    0.20496   -0.18081   188%   106   65s
  3158  2226   -0.18069   39   87    0.20496   -0.18081   188%   105   70s
H 3450  2369                       0.2001066   -0.18081   190%   102   73s
  3481  2406   -0.14718   42   87    0.20011   -0.18081   190%   102   77s
  3779  2613   -0.17722   39   79    0.20011   -0.18081   190%   101   81s
H 3864  2750                       0.2001066   -0.18081   190%   102   84s
  3985  2843   -0.16179   50   39    0.20011   -0.18081   190%   102   86s
H 4039  2843                       0.2001066   -0.18081   190%   102   86s
  4108  2975   -0.05961   58   36    0.20011   -0.18081   190%   102   90s
H 4136  2975                       0.2001056   -0.18081   190%   102   90s
  4524  3432   -0.06045  101   35    0.20011   -0.18081   190%  97.7   96s
  5045  3759   -0.09144   58   71    0.20011   -0.18081   190%  93.7  102s
  5264  3766    0.04673   59   25    0.20011   -0.18081   190%  93.0  105s
H 5287  3777                       0.2000890   -0.18081   190%  93.0  108s
  5308  4050 infeasible   61         0.20009   -0.18081   190%  92.8  112s
  5680  4162   -0.06187   56   87    0.20009   -0.18081   190%  94.7  116s
H 5858  4236                       0.2000890   -0.18081   190%  96.0  119s
  5982  4302   -0.16772   43   41    0.20009   -0.18081   190%  96.7  123s
  6060  4344   -0.16772   53   41    0.20009   -0.18081   190%  96.4  126s
H 6066  4344                       0.2000889   -0.18081   190%  96.4  126s
H 6209  4541                       0.2000888   -0.18081   190%  96.4  129s
  6341  4681   -0.16749  106   33    0.20009   -0.18081   190%  95.4  133s
  6499  4736   -0.16772  136   19    0.20009   -0.18081   190%  94.4  137s
  6571  4798 infeasible   52         0.20009   -0.18081   190%  94.0  141s
H 6595  4798                       0.2000885   -0.18081   190%  94.2  141s
  6689  4830   -0.18081   34   96    0.20009   -0.18081   190%  94.1  145s
  6805  4941   -0.14565   47  100    0.20009   -0.18081   190%  95.5  155s
  6881  4976   -0.14397   48   77    0.20009   -0.18081   190%  96.5  160s
  6927  5166   -0.12765   49   72    0.20009   -0.18081   190%  96.6  166s
  7154  5343   -0.12412   50   98    0.20009   -0.18081   190%  96.2  171s
  7404  5677   -0.12405   51   89    0.20009   -0.18081   190%  94.5  179s
  7834  5707   -0.10708   52   90    0.20009   -0.18081   190%  94.9  180s

Cutting planes:
  Implied bound: 7
  Flow cover: 5
  RLT: 8
  Relax-and-lift: 8

Explored 7868 nodes (751373 simplex iterations) in 180.11 seconds (73.67 work units)
Thread count was 8 (of 8 available processors)

Solution count 5: 0.200089 0.200106 0.204957 ... 0.20519

Time limit reached
Best objective 2.000889969852e-01, best bound -1.808140671993e-01, gap 190.3668%

User-callback calls 36937, time in user-callback 0.12 sec
alpha=0.36363636363636365  status=TIME_LIMIT
  agg total_shed = 1956.277   cost-wtd Gini(Υ^agg) (post-hoc) = 0.1365   model(−(n−1)/n+2σ·cumsum) = 0.1365   uncosted-agg-served-Gini (diag) = 0.3424
Gurobi Optimizer version 12.0.3 build v12.0.3rc0 (win64 - Windows 11+.0 (26200.2))

CPU model: 11th Gen Intel(R) Core(TM) i7-1165G7 @ 2.80GHz, instruction set [SSE2|AVX|AVX2|AVX512]
Thread count: 4 physical cores, 8 logical processors, using up to 8 threads

Non-default parameters:
TimeLimit  180
MIPGap  0.01
MIPFocus  1
GomoryPasses  0
NonConvex  2
NumericFocus  2

Optimize a model with 9357 rows, 5403 columns and 24215 nonzeros
Model fingerprint: 0xfb470f6a
Model has 72 quadratic objective terms
Model has 265 quadratic constraints
Variable types: 5322 continuous, 81 integer (81 binary)
Coefficient statistics:
  Matrix range     [9e-09, 2e+03]
  QMatrix range    [1e+00, 5e+02]
  QLMatrix range   [1e+00, 1e+00]
  Objective range  [1e-03, 1e-03]
  QObjective range [2e+00, 1e+01]
  Bounds range     [1e-08, 2e+01]
  RHS range        [7e-01, 2e+03]
  QRHS range       [1e+00, 1e+00]

User MIP start did not produce a new incumbent solution
User MIP start violates constraint R122 by 4.345047439
Loaded MIP start from previous solve with objective 0.191004

Presolve removed 4384 rows and 2376 columns
Presolve time: 0.07s
Presolved: 5436 rows, 3222 columns, 17597 nonzeros
Presolved model has 216 quadratic constraint(s)
Presolved model has 145 bilinear constraint(s)
Warning: Model contains variables with very large bounds participating
         in product terms.
         Presolve was not able to compute smaller bounds for these variables.
         Consider bounding these variables or reformulating the model.


Solving non-convex MIQCP

Variable types: 3141 continuous, 81 integer (81 binary)

Root relaxation: objective -2.832751e-01, 1578 iterations, 0.05 seconds (0.02 work units)

    Nodes    |    Current Node    |     Objective Bounds      |     Work
 Expl Unexpl |  Obj  Depth IntInf | Incumbent    BestBd   Gap | It/Node Time

     0     0   -0.28328    0   89    0.19100   -0.28328   248%     -    0s
     0     0   -0.28328    0   83    0.19100   -0.28328   248%     -    0s
     0     0   -0.28328    0   84    0.19100   -0.28328   248%     -    0s
     0     0   -0.28328    0   80    0.19100   -0.28328   248%     -    0s
     0     0   -0.28328    0   79    0.19100   -0.28328   248%     -    0s
     0     0   -0.28328    0   82    0.19100   -0.28328   248%     -    0s
H    0     0                       0.1910042   -0.28328   248%     -    2s
     0     2   -0.28328    0   82    0.19100   -0.28328   248%     -    2s
    56    61   -0.28328   10   84    0.19100   -0.28328   248%   161    5s
H  121   123                       0.1910041   -0.28328   248%   126    8s
   204   178   -0.21472   30   75    0.19100   -0.28328   248%   122   10s
H  364   257                       0.1910041   -0.28328   248%   135   14s
   368   279   -0.20697   21   93    0.19100   -0.28328   248%   137   16s
   456   321   -0.14313   35   30    0.19100   -0.28092   247%   130   20s
   465   328   -0.25147   12   27    0.19100   -0.28075   247%   139   29s
   466   328   -0.19543   13   27    0.19100   -0.28075   247%   139   31s
   677   454   -0.23454   36   63    0.19100   -0.27523   244%   111   35s
   816   534   -0.23416   43   98    0.19100   -0.27523   244%  99.0   40s
  1023   648   -0.23416   50   99    0.19100   -0.27523   244%  96.0   45s
  1325   788   -0.22564   65   57    0.19100   -0.27523   244%  90.8   50s
  1591   977   -0.20645   87   80    0.19100   -0.27523   244%   101   56s
  1828  1284   -0.26605   67   42    0.19100   -0.27523   244%   100   61s
  2227  1545   -0.25664   98   37    0.19100   -0.27523   244%  87.3   65s
  2601  1977 infeasible   68         0.19100   -0.27523   244%  83.2   70s
  3365  2550   -0.26838   69   40    0.19100   -0.27523   244%  76.6   76s
  3918  3083   -0.26887   65   40    0.19100   -0.27523   244%  72.6   81s
  4335  3300   -0.23359   88   46    0.19100   -0.27523   244%  68.9   85s
  4563  3420   -0.26773   72   54    0.19100   -0.27523   244%  68.9   90s
  5067  3864 infeasible   87         0.19100   -0.27523   244%  66.7   97s
  5419  4086   -0.26676   76   41    0.19100   -0.27522   244%  65.7  101s
  5929  4667   -0.04337   98   47    0.19100   -0.27522   244%  65.3  106s
  6450  4897   -0.26706   67   41    0.19100   -0.27522   244%  64.8  112s
  6881  5193 infeasible   98         0.19100   -0.27522   244%  64.2  117s
  7008  5372   -0.26607   54   19    0.19100   -0.27522   244%  64.5  121s
  7217  5640   -0.25676   81   39    0.19100   -0.27522   244%  64.7  125s
  7762  5965   -0.26851   60   41    0.19100   -0.27522   244%  67.7  132s
  7998  6053   -0.26828   68   40    0.19100   -0.27522   244%  68.1  136s
  8140  6270   -0.26851   74   41    0.19100   -0.27522   244%  67.5  142s
  8359  6436 infeasible   82         0.19100   -0.27522   244%  68.3  146s
  8605  6625   -0.26168   71   41    0.19100   -0.27522   244%  70.2  150s
  8854  6903   -0.26533   71   40    0.19100   -0.27522   244%  71.7  155s
  9348  7293   -0.24518   86   35    0.19100   -0.27521   244%  74.7  165s
  9752  7513   -0.04718  107   42    0.19100   -0.27521   244%  74.9  170s
 10070  7725   -0.20589  107   36    0.19100   -0.27521   244%  75.2  176s
 10370  7790   -0.26682   58   41    0.19100   -0.27521   244%  74.9  180s

Cutting planes:
  Implied bound: 6
  Flow cover: 4
  RLT: 4
  Relax-and-lift: 10

Explored 10455 nodes (790531 simplex iterations) in 180.10 seconds (60.14 work units)
Thread count was 8 (of 8 available processors)

Solution count 1: 0.191004 

Time limit reached
Warning: max constraint violation (3.0064e-06) exceeds tolerance
Best objective 1.910041691508e-01, best bound -2.752094440683e-01, gap 244.0856%

User-callback calls 43826, time in user-callback 0.15 sec
alpha=0.45454545454545453  status=TIME_LIMIT
  agg total_shed = 1956.277   cost-wtd Gini(Υ^agg) (post-hoc) = 0.1365   model(−(n−1)/n+2σ·cumsum) = 0.1365   uncosted-agg-served-Gini (diag) = 0.3424
Gurobi Optimizer version 12.0.3 build v12.0.3rc0 (win64 - Windows 11+.0 (26200.2))

CPU model: 11th Gen Intel(R) Core(TM) i7-1165G7 @ 2.80GHz, instruction set [SSE2|AVX|AVX2|AVX512]
Thread count: 4 physical cores, 8 logical processors, using up to 8 threads

Non-default parameters:
TimeLimit  180
MIPGap  0.01
MIPFocus  1
GomoryPasses  0
NonConvex  2
NumericFocus  2

Optimize a model with 9357 rows, 5403 columns and 24215 nonzeros
Model fingerprint: 0xbb000677
Model has 72 quadratic objective terms
Model has 265 quadratic constraints
Variable types: 5322 continuous, 81 integer (81 binary)
Coefficient statistics:
  Matrix range     [9e-09, 2e+03]
  QMatrix range    [1e+00, 5e+02]
  QLMatrix range   [1e+00, 1e+00]
  Objective range  [8e-04, 8e-04]
  QObjective range [2e+00, 2e+01]
  Bounds range     [1e-08, 2e+01]
  RHS range        [7e-01, 2e+03]
  QRHS range       [1e+00, 1e+00]

User MIP start did not produce a new incumbent solution
User MIP start violates constraint R122 by 4.345047439
MIP start from previous solve did not produce a new incumbent solution

Presolve removed 4384 rows and 2376 columns
Presolve time: 0.06s
Presolved: 5436 rows, 3222 columns, 17597 nonzeros
Presolved model has 216 quadratic constraint(s)
Presolved model has 145 bilinear constraint(s)
Warning: Model contains variables with very large bounds participating
         in product terms.
         Presolve was not able to compute smaller bounds for these variables.
         Consider bounding these variables or reformulating the model.


Solving non-convex MIQCP

Variable types: 3141 continuous, 81 integer (81 binary)

Root relaxation: objective -3.842107e-01, 1590 iterations, 0.04 seconds (0.02 work units)
Another try with MIP start

    Nodes    |    Current Node    |     Objective Bounds      |     Work
 Expl Unexpl |  Obj  Depth IntInf | Incumbent    BestBd   Gap | It/Node Time

H    0     0                       0.2349808   -0.38421   264%     -    2s
H    0     0                       0.2129781   -0.38421   280%     -    2s
     0     0   -0.38421    0   89    0.21298   -0.38421   280%     -    4s
H    0     0                       0.2129781   -0.38421   280%     -    4s
     0     0   -0.38421    0   85    0.21298   -0.38421   280%     -    6s
     0     0   -0.38421    0   84    0.21298   -0.38421   280%     -    7s
     0     0   -0.38421    0   82    0.21298   -0.38421   280%     -    7s
     0     0   -0.38421    0   77    0.21298   -0.38421   280%     -    7s
     0     0   -0.38421    0   79    0.21298   -0.38421   280%     -    7s
H    0     0                       0.2129772   -0.38421   280%     -    9s
     0     2   -0.38421    0   79    0.21298   -0.38421   280%     -   10s
   269   187 infeasible   34         0.21298   -0.38421   280%   144   15s
H  409   277                       0.1933200   -0.38421   299%   150   21s
H  452   288                       0.1933200   -0.38421   299%   147   23s
   493   302   -0.27552   16   22    0.19332   -0.38421   299%   143   25s
   507   313   -0.28893   18   35    0.19332   -0.38124   297%   149   30s
H  513   302                       0.1933200   -0.38124   297%   157   32s
   516   304   -0.27552   16   26    0.19332   -0.38124   297%   156   40s
   652   403   -0.34271   41   67    0.19332   -0.37458   294%   138   46s
   781   487   -0.34213   48   88    0.19332   -0.37458   294%   122   50s
H  829   497                       0.1931764   -0.37458   294%   120   51s
H  877   538                       0.1931764   -0.37458   294%   120   52s
H  935   552                       0.1931757   -0.37458   294%   130   53s
  1089   635   -0.33656   66   67    0.19318   -0.37458   294%   151   55s
H 1129   628                       0.1931757   -0.37458   294%   156   55s
  1480   883   -0.31807   81   50    0.19318   -0.37458   294%   159   60s
H 1648   995                       0.1931756   -0.37458   294%   155   62s
  1872  1161   -0.31773   85   50    0.19318   -0.37458   294%   149   65s
  2245  1563 infeasible   88         0.19318   -0.37458   294%   137   70s
H 2257  1563                       0.1931755   -0.37458   294%   138   70s
  2886  2123   -0.37218   63   80    0.19318   -0.37458   294%   124   75s
  3170  2364   -0.36571   67   74    0.19318   -0.37458   294%   121   80s
H 3437  2499                       0.1869587   -0.37458   300%   118   84s
  3451  2670   -0.33595   85   57    0.18696   -0.37458   300%   117   85s
H 3518  2670                       0.1869586   -0.37458   300%   118   85s
H 3683  2800                       0.1869585   -0.37458   300%   117   87s
  4070  3085   -0.36816   68   97    0.18696   -0.37458   300%   120   91s
H 4199  3085                       0.1869584   -0.37458   300%   119   91s
H 4454  3219                       0.1869583   -0.37458   300%   123   94s
  4472  3305   -0.36570   69   72    0.18696   -0.37458   300%   123   98s
H 4587  3303                       0.1859395   -0.37458   301%   123   98s
  4590  3504    0.09633   88   38    0.18594   -0.37458   301%   123  102s
H 4624  3504                       0.1859395   -0.37458   301%   124  102s
H 4692  3504                       0.1859395   -0.37458   301%   124  102s
  4873  3560   -0.36461   63   20    0.18594   -0.37458   301%   123  105s
  5131  3756   -0.37138   63   78    0.18594   -0.37458   301%   124  113s
  5233  4002   -0.37138   64   78    0.18594   -0.37458   301%   123  118s
H 5303  4002                       0.1859394   -0.37458   301%   122  118s
H 5446  4002                       0.1859391   -0.37458   301%   123  118s
  5585  4002   -0.37137   64   76    0.18594   -0.37458   301%   123  121s
  5601  4087   -0.37003   65   63    0.18594   -0.37458   301%   123  125s
  5730  4297   -0.32903   65  113    0.18594   -0.37457   301%   124  131s
  6052  4441   -0.35567   70   19    0.18594   -0.37457   301%   125  135s
  6439  4751   -0.36705   60   39    0.18594   -0.37457   301%   125  144s
  6668  4876   -0.36532   91   38    0.18594   -0.37457   301%   125  149s
  6843  5052   -0.36704  128   31    0.18594   -0.37457   301%   124  154s
H 7018  5052                       0.1858393   -0.37457   302%   122  154s
  7079  5369   -0.36704  157   19    0.18584   -0.37457   302%   123  160s
H 7345  5369                       0.1858392   -0.37457   302%   122  160s
  7470  5576   -0.36607   99   35    0.18584   -0.37457   302%   122  165s
  7725  5868   -0.36614  141   27    0.18584   -0.37457   302%   121  171s
H 7801  5868                       0.1858390   -0.37457   302%   120  171s
H 7831  5868                       0.1858381   -0.37457   302%   120  171s
  8059  6096   -0.36614  167   17    0.18584   -0.37457   302%   119  177s
  8395  6134   -0.36492   61   21    0.18584   -0.37456   302%   118  180s

Cutting planes:
  Implied bound: 10
  Flow cover: 3
  RLT: 3
  Relax-and-lift: 8

Explored 8433 nodes (996491 simplex iterations) in 180.13 seconds (80.22 work units)
Thread count was 8 (of 8 available processors)

Solution count 7: 0.185838 0.185939 0.186958 ... 0.234981

Time limit reached
Best objective 1.858392574868e-01, best bound -3.745616222650e-01, gap 301.5514%

User-callback calls 42860, time in user-callback 0.11 sec
alpha=0.5454545454545454  status=TIME_LIMIT
  agg total_shed = 1989.113   cost-wtd Gini(Υ^agg) (post-hoc) = 0.1381   model(−(n−1)/n+2σ·cumsum) = 0.1381   uncosted-agg-served-Gini (diag) = 0.3617
Gurobi Optimizer version 12.0.3 build v12.0.3rc0 (win64 - Windows 11+.0 (26200.2))

CPU model: 11th Gen Intel(R) Core(TM) i7-1165G7 @ 2.80GHz, instruction set [SSE2|AVX|AVX2|AVX512]
Thread count: 4 physical cores, 8 logical processors, using up to 8 threads

Non-default parameters:
TimeLimit  180
MIPGap  0.01
MIPFocus  1
GomoryPasses  0
NonConvex  2
NumericFocus  2

Optimize a model with 9357 rows, 5403 columns and 24215 nonzeros
Model fingerprint: 0xcd734e88
Model has 72 quadratic objective terms
Model has 265 quadratic constraints
Variable types: 5322 continuous, 81 integer (81 binary)
Coefficient statistics:
  Matrix range     [9e-09, 2e+03]
  QMatrix range    [1e+00, 5e+02]
  QLMatrix range   [1e+00, 1e+00]
  Objective range  [6e-04, 6e-04]
  QObjective range [3e+00, 2e+01]
  Bounds range     [1e-08, 2e+01]
  RHS range        [7e-01, 2e+03]
  QRHS range       [1e+00, 1e+00]

User MIP start did not produce a new incumbent solution
User MIP start violates constraint R122 by 4.345047439
Loaded MIP start from previous solve with objective 0.176283

Presolve removed 4384 rows and 2376 columns
Presolve time: 0.05s
Presolved: 5436 rows, 3222 columns, 17597 nonzeros
Presolved model has 216 quadratic constraint(s)
Presolved model has 145 bilinear constraint(s)
Warning: Model contains variables with very large bounds participating
         in product terms.
         Presolve was not able to compute smaller bounds for these variables.
         Consider bounding these variables or reformulating the model.


Solving non-convex MIQCP

Variable types: 3141 continuous, 81 integer (81 binary)

Root relaxation: objective -4.851463e-01, 1590 iterations, 0.04 seconds (0.02 work units)

    Nodes    |    Current Node    |     Objective Bounds      |     Work
 Expl Unexpl |  Obj  Depth IntInf | Incumbent    BestBd   Gap | It/Node Time

     0     0   -0.48515    0   89    0.17628   -0.48515   375%     -    0s
H    0     0                       0.1762751   -0.48515   375%     -    0s
     0     0   -0.48515    0   85    0.17628   -0.48515   375%     -    0s
     0     0   -0.48515    0   85    0.17628   -0.48515   375%     -    1s
     0     0   -0.48515    0   81    0.17628   -0.48515   375%     -    1s
     0     0   -0.48515    0   77    0.17628   -0.48515   375%     -    1s
     0     0   -0.48515    0   79    0.17628   -0.48515   375%     -    1s
     0     2   -0.48515    0   79    0.17628   -0.48515   375%     -    1s
H   68    63                       0.1762751   -0.48515   375%   172    4s
    98    85   -0.46444   16   72    0.17628   -0.48515   375%   167    5s
H  196   148                       0.1762749   -0.48515   375%   130    7s
H  233   158                       0.1762748   -0.48515   375%   139    9s
   263   190   -0.40298   16   89    0.17627   -0.48515   375%   148   10s
H  451   293                       0.1711284   -0.48515   383%   146   14s
   501   324   -0.34678   19   21    0.17113   -0.48515   383%   149   15s
H  504   309                       0.1711281   -0.48515   383%   148   16s
H  511   299                       0.1711281   -0.48185   382%   154   17s
   519   305   -0.39530   16   21    0.17113   -0.48148   381%   161   20s
   526   310   -0.46369    5   31    0.17113   -0.48148   381%   159   28s
   527   310   -0.29791   28   31    0.17113   -0.48148   381%   159   32s
H  612   361                       0.1711280   -0.47392   377%   150   34s
   649   385   -0.43759   47   66    0.17113   -0.47392   377%   143   36s
H  690   398                       0.1711276   -0.47392   377%   137   37s
H  836   471                       0.1711268   -0.47392   377%   146   39s
   853   482   -0.43700   53   87    0.17113   -0.47392   377%   146   41s
  1195   632   -0.41387   75   83    0.17113   -0.47392   377%   163   46s
  1580   862   -0.18572   89   54    0.17113   -0.47392   377%   152   50s
  1875  1101   -0.40723   97   60    0.17113   -0.47392   377%   154   55s
  2125  1288 infeasible  105         0.17113   -0.47392   377%   147   60s
H 2147  1288                       0.1711268   -0.47392   377%   146   60s
  2332  1450 infeasible  108         0.17113   -0.47392   377%   142   65s
  2523  1580   -0.46341   94   37    0.17113   -0.47392   377%   145   70s
  2784  1788   -0.43293   67   59    0.17113   -0.47392   377%   141   75s
H 2977  1923                       0.1686483   -0.47392   381%   139   78s
  3059  2118 infeasible   75         0.16865   -0.47392   381%   140   80s
H 3077  2118                       0.1686483   -0.47392   381%   139   80s
H 3578  2393                       0.1686483   -0.47392   381%   130   83s
H 3640  2393                       0.1686482   -0.47392   381%   129   83s
H 3668  2393                       0.1686481   -0.47392   381%   129   83s
H 3696  2393                       0.1686478   -0.47392   381%   128   83s
  3925  2699   -0.27120   80  125    0.16865   -0.47392   381%   127   86s
  4363  3027 infeasible   69         0.16865   -0.47392   381%   124   90s
H 4631  3185                       0.1686469   -0.47392   381%   122   93s
  4843  3365   -0.44595   67   41    0.16865   -0.47392   381%   121   95s
H 5135  3562                       0.1686288   -0.47388   381%   119   97s
  5296  3592   -0.45827   90   38    0.16863   -0.47388   381%   119  100s
H 5316  3592                       0.1686286   -0.47388   381%   118  100s
H 5341  3598                       0.1666611   -0.47388   384%   118  103s
  5346  3869   -0.45107   91   38    0.16666   -0.47388   384%   118  105s
H 5360  3869                       0.1666610   -0.47388   384%   118  105s
  5911  4500   -0.46113   86   41    0.16666   -0.47388   384%   116  112s
  6578  4732   -0.42562   65  140    0.16666   -0.47388   384%   110  118s
  6764  4793   -0.42560   66  118    0.16666   -0.47388   384%   110  121s
H 6841  4971                       0.1666609   -0.47388   384%   111  125s
H 7090  5084                       0.1666601   -0.47388   384%   110  129s
  7244  5122   -0.42417   73  120    0.16666   -0.47388   384%   110  132s
  7298  5140   -0.42417   74  119    0.16666   -0.47388   384%   110  135s
  7368  5278   -0.29338   75   21    0.16666   -0.47388   384%   110  142s
  7504  5362   -0.21199   76   43    0.16666   -0.47386   384%   110  146s
  7622  5495   -0.21210   76   41    0.16666   -0.47386   384%   109  151s
  7841  5761   -0.43555   68   45    0.16666   -0.47385   384%   110  155s
  8199  5818   -0.02891   76   15    0.16666   -0.47385   384%   110  160s
  8452  6006   -0.47189   59   72    0.16666   -0.47385   384%   109  169s
  8582  6041   -0.05734   86  106    0.16666   -0.47385   384%   109  174s
  8637  6352   -0.47135   61   70    0.16666   -0.47385   384%   109  179s
H 8804  6352                       0.1666601   -0.47385   384%   109  179s
  9024  6380   -0.46687   90   40    0.16666   -0.47385   384%   109  180s

Cutting planes:
  Implied bound: 10
  Flow cover: 2
  RLT: 7
  Relax-and-lift: 8

Explored 9064 nodes (994729 simplex iterations) in 180.08 seconds (79.83 work units)
Thread count was 8 (of 8 available processors)

Solution count 6: 0.16666 0.168629 0.168647 ... 0.176283

Time limit reached
Best objective 1.666610557903e-01, best bound -4.738525382775e-01, gap 384.3211%

User-callback calls 41542, time in user-callback 0.09 sec
alpha=0.6363636363636364  status=TIME_LIMIT
  agg total_shed = 2005.094   cost-wtd Gini(Υ^agg) (post-hoc) = 0.1201   model(−(n−1)/n+2σ·cumsum) = 0.1201   uncosted-agg-served-Gini (diag) = 0.3484
Gurobi Optimizer version 12.0.3 build v12.0.3rc0 (win64 - Windows 11+.0 (26200.2))

CPU model: 11th Gen Intel(R) Core(TM) i7-1165G7 @ 2.80GHz, instruction set [SSE2|AVX|AVX2|AVX512]
Thread count: 4 physical cores, 8 logical processors, using up to 8 threads

Non-default parameters:
TimeLimit  180
MIPGap  0.01
MIPFocus  1
GomoryPasses  0
NonConvex  2
NumericFocus  2

Optimize a model with 9357 rows, 5403 columns and 24215 nonzeros
Model fingerprint: 0x2e7934c3
Model has 72 quadratic objective terms
Model has 265 quadratic constraints
Variable types: 5322 continuous, 81 integer (81 binary)
Coefficient statistics:
  Matrix range     [9e-09, 2e+03]
  QMatrix range    [1e+00, 5e+02]
  QLMatrix range   [1e+00, 1e+00]
  Objective range  [5e-04, 5e-04]
  QObjective range [3e+00, 2e+01]
  Bounds range     [1e-08, 2e+01]
  RHS range        [7e-01, 2e+03]
  QRHS range       [1e+00, 1e+00]

User MIP start did not produce a new incumbent solution
User MIP start violates constraint R122 by 4.345047439
Loaded MIP start from previous solve with objective 0.155029

Presolve removed 4384 rows and 2376 columns
Presolve time: 0.05s
Presolved: 5436 rows, 3222 columns, 17597 nonzeros
Presolved model has 216 quadratic constraint(s)
Presolved model has 145 bilinear constraint(s)
Warning: Model contains variables with very large bounds participating
         in product terms.
         Presolve was not able to compute smaller bounds for these variables.
         Consider bounding these variables or reformulating the model.


Solving non-convex MIQCP

Variable types: 3141 continuous, 81 integer (81 binary)

Root relaxation: objective -5.860820e-01, 1590 iterations, 0.04 seconds (0.02 work units)

    Nodes    |    Current Node    |     Objective Bounds      |     Work
 Expl Unexpl |  Obj  Depth IntInf | Incumbent    BestBd   Gap | It/Node Time

     0     0   -0.58608    0   89    0.15503   -0.58608   478%     -    0s
     0     0   -0.58608    0   87    0.15503   -0.58608   478%     -    0s
     0     0   -0.58608    0   86    0.15503   -0.58608   478%     -    0s
     0     0   -0.58608    0   82    0.15503   -0.58608   478%     -    0s
     0     0   -0.58608    0   82    0.15503   -0.58608   478%     -    0s
     0     0   -0.58608    0   80    0.15503   -0.58608   478%     -    0s
     0     2   -0.58608    0   80    0.15503   -0.58608   478%     -    1s
   107    97   -0.58041   17   56    0.15503   -0.58608   478%   178    5s
H  143   122                       0.1550289   -0.58608   478%   173    5s
H  223   165                       0.1550289   -0.58608   478%   163    7s
H  313   206                       0.1550285   -0.58608   478%   165    9s
   344   217   -0.49233   24   97    0.15503   -0.58608   478%   170   10s
H  461   279                       0.1550284   -0.58608   478%   179   13s
   506   310   -0.38252   28   21    0.15503   -0.58608   478%   181   15s
H  507   295                       0.1550284   -0.58608   478%   180   15s
H  508   281                       0.1550279   -0.58608   478%   180   15s
   564   331   -0.55797   19   74    0.15503   -0.58232   476%   191   21s
   718   424   -0.55720   23   73    0.15503   -0.58232   476%   174   26s
   843   494   -0.55589   27   79    0.15503   -0.58232   476%   172   30s
   966   572   -0.55602   30   86    0.15503   -0.58232   476%   168   35s
  1093   625   -0.55573   39   87    0.15503   -0.58232   476%   174   41s
  1273   696   -0.55573   44   88    0.15503   -0.58177   475%   175   45s
  1459   810   -0.45419   47   64    0.15503   -0.57542   471%   183   50s
H 1588   896                       0.1550279   -0.57542   471%   179   54s
  1600   904   -0.54505   50   74    0.15503   -0.57542   471%   179   55s
  1681  1010   -0.54887   53   61    0.15503   -0.57542   471%   179   60s
  1866  1150   -0.54252   56   70    0.15503   -0.57512   471%   175   65s
  2123  1390   -0.14298   58   67    0.15503   -0.57360   470%   173   70s
H 2372  1532                       0.1550275   -0.57360   470%   167   73s
  2492  1596   -0.18806   60   62    0.15503   -0.57360   470%   166   76s
  2647  1702   -0.48818   62   62    0.15503   -0.57360   470%   166   81s
  2716  1741   -0.48818   63   62    0.15503   -0.57360   470%   167   85s
  2988  2032   -0.30912   65   28    0.15503   -0.57360   470%   163   91s
  3067  2086   -0.48818   67   62    0.15503   -0.57360   470%   163   95s
  3480  2488 infeasible   56         0.15503   -0.57360   470%   157  102s
  3800  2633   -0.56428   33   43    0.15503   -0.57360   470%   155  107s
  3831  2756   -0.56428   33   43    0.15503   -0.57360   470%   157  110s
  4064  2877   -0.55886   42   39    0.15503   -0.57360   470%   153  115s
  4439  3367   -0.21768   55   49    0.15503   -0.57357   470%   148  123s
  4751  3478   -0.43452   50   42    0.15503   -0.57357   470%   142  127s
  4906  3667   -0.41469   85   38    0.15503   -0.57355   470%   139  131s
  5191  3824   -0.41432   87   39    0.15503   -0.57355   470%   136  136s
  5436  4043 infeasible   94         0.15503   -0.57355   470%   133  141s
  5740  4260   -0.55245   49   54    0.15503   -0.57355   470%   130  146s
  6055  4541   -0.56691   64   69    0.15503   -0.57345   470%   130  152s
  6438  4725   -0.21761   86   60    0.15503   -0.57335   470%   127  157s
  6718  4930   -0.41090   48   17    0.15503   -0.57323   470%   125  162s
  7029  5270   -0.41090   49   14    0.15503   -0.57294   470%   126  168s
  7529  5473   -0.48945   44   60    0.15503   -0.57272   469%   126  173s
  7802  5986   -0.47651   45   81    0.15503   -0.57212   469%   127  179s
  8425  6001   -0.55096   58   40    0.15503   -0.57211   469%   126  180s

Cutting planes:
  Implied bound: 12
  Flow cover: 5
  RLT: 7
  Relax-and-lift: 7

Explored 8440 nodes (1062832 simplex iterations) in 180.09 seconds (71.79 work units)
Thread count was 8 (of 8 available processors)

Solution count 2: 0.155028 0.155028 

Time limit reached
Best objective 1.550283733778e-01, best bound -5.721059304348e-01, gap 469.0330%

User-callback calls 35306, time in user-callback 0.12 sec
alpha=0.7272727272727273  status=TIME_LIMIT
  agg total_shed = 2005.094   cost-wtd Gini(Υ^agg) (post-hoc) = 0.1201   model(−(n−1)/n+2σ·cumsum) = 0.1201   uncosted-agg-served-Gini (diag) = 0.3484
Gurobi Optimizer version 12.0.3 build v12.0.3rc0 (win64 - Windows 11+.0 (26200.2))

CPU model: 11th Gen Intel(R) Core(TM) i7-1165G7 @ 2.80GHz, instruction set [SSE2|AVX|AVX2|AVX512]
Thread count: 4 physical cores, 8 logical processors, using up to 8 threads

Non-default parameters:
TimeLimit  180
MIPGap  0.01
MIPFocus  1
GomoryPasses  0
NonConvex  2
NumericFocus  2

Optimize a model with 9357 rows, 5403 columns and 24215 nonzeros
Model fingerprint: 0x130f7cc4
Model has 72 quadratic objective terms
Model has 265 quadratic constraints
Variable types: 5322 continuous, 81 integer (81 binary)
Coefficient statistics:
  Matrix range     [9e-09, 2e+03]
  QMatrix range    [1e+00, 5e+02]
  QLMatrix range   [1e+00, 1e+00]
  Objective range  [3e-04, 3e-04]
  QObjective range [3e+00, 3e+01]
  Bounds range     [1e-08, 2e+01]
  RHS range        [7e-01, 2e+03]
  QRHS range       [1e+00, 1e+00]

User MIP start did not produce a new incumbent solution
User MIP start violates constraint R122 by 4.345047439
Loaded MIP start from previous solve with objective 0.143392

Presolve removed 4384 rows and 2376 columns
Presolve time: 0.05s
Presolved: 5436 rows, 3222 columns, 17597 nonzeros
Presolved model has 216 quadratic constraint(s)
Presolved model has 145 bilinear constraint(s)
Warning: Model contains variables with very large bounds participating
         in product terms.
         Presolve was not able to compute smaller bounds for these variables.
         Consider bounding these variables or reformulating the model.


Solving non-convex MIQCP

Variable types: 3141 continuous, 81 integer (81 binary)

Root relaxation: objective -6.870176e-01, 1583 iterations, 0.04 seconds (0.02 work units)

    Nodes    |    Current Node    |     Objective Bounds      |     Work
 Expl Unexpl |  Obj  Depth IntInf | Incumbent    BestBd   Gap | It/Node Time

     0     0   -0.68702    0   89    0.14339   -0.68702   579%     -    0s
H    0     0                       0.1433914   -0.68702   579%     -    0s
     0     0   -0.68702    0   85    0.14339   -0.68702   579%     -    0s
     0     0   -0.68702    0   86    0.14339   -0.68702   579%     -    0s
     0     0   -0.68702    0   82    0.14339   -0.68702   579%     -    0s
     0     0   -0.68702    0   83    0.14339   -0.68702   579%     -    0s
     0     0   -0.68702    0   81    0.14339   -0.68702   579%     -    0s
     0     2   -0.68702    0   81    0.14339   -0.68702   579%     -    0s
   154   119   -0.62432   24  100    0.14339   -0.68702   579%   160    5s
   302   223   -0.67616   11   71    0.14339   -0.68360   577%   165   10s
   428   301   -0.55691   22   80    0.14339   -0.68340   577%   183   16s
   478   330   -0.46506   20   21    0.14339   -0.68340   577%   183   20s
   513   358   -0.68340   17   20    0.14339   -0.68340   577%   202   25s
H  577   379                       0.1433910   -0.68340   577%   189   28s
   686   466   -0.68340   22   20    0.14339   -0.68340   577%   170   30s
   933   557   -0.68305   33   40    0.14339   -0.68340   577%   161   36s
  1307   793   -0.68320   52   51    0.14339   -0.68340   577%   136   41s
  1523   864   -0.68330   53   51    0.14339   -0.68340   577%   128   45s
H 1816  1049                       0.1433909   -0.68340   577%   125   48s
  1878  1092   -0.30085   73   57    0.14339   -0.68340   577%   128   50s
  2022  1447 infeasible   80         0.14339   -0.68340   577%   125   56s
  2533  1647   -0.13125   84   16    0.14339   -0.68340   577%   119   63s
  2768  1765   -0.24364   52   99    0.14339   -0.68340   577%   122   67s
  2966  1812 infeasible   92         0.14339   -0.68340   577%   121   72s
  3086  1942   -0.34975   83   18    0.14339   -0.68340   577%   124   77s
H 3268  1942                       0.1432097   -0.68340   577%   124   77s
H 3314  2286                       0.1432093   -0.68340   577%   124   85s
  3914  2403   -0.42433   56   19    0.14321   -0.68340   577%   129   92s
H 4127  2403                       0.1432093   -0.68340   577%   127   92s
  4135  2657   -0.42433   57   18    0.14321   -0.68340   577%   127  100s
H 4404  2657                       0.1432084   -0.68340   577%   130  100s
H 4557  2752                       0.1432083   -0.68340   577%   132  108s
  4864  2849   -0.68340   93   21    0.14321   -0.68340   577%   131  116s
  5115  2938    0.07670   66   11    0.14321   -0.68340   577%   134  124s
  5364  3095    0.09042   70   36    0.14321   -0.68340   577%   137  131s
  5805  3099   -0.31333   63   17    0.14321   -0.68340   577%   135  139s
  5817  3253   -0.31333   64   18    0.14321   -0.68340   577%   135  147s
  6096  3307 infeasible   74         0.14321   -0.68340   577%   135  155s
  6228  3469   -0.30792   80   20    0.14321   -0.68340   577%   135  164s
H 6461  3467                       0.1424138   -0.68340   580%   136  164s
H 6656  3662                       0.1424136   -0.68340   580%   135  175s
H 6892  3662                       0.1424134   -0.68340   580%   136  175s
  7117  3718   -0.22166   65   39    0.14241   -0.68340   580%   136  180s

Cutting planes:
  Implied bound: 9
  Flow cover: 17
  RLT: 8
  Relax-and-lift: 3

Explored 7313 nodes (1010677 simplex iterations) in 180.20 seconds (75.17 work units)
Thread count was 8 (of 8 available processors)

Solution count 4: 0.142413 0.143208 0.14321 0.143391 

Time limit reached
Best objective 1.424138164968e-01, best bound -6.834033268459e-01, gap 579.8715%

User-callback calls 33561, time in user-callback 0.07 sec
alpha=0.8181818181818182  status=TIME_LIMIT
  agg total_shed = 2035.988   cost-wtd Gini(Υ^agg) (post-hoc) = 0.1176   model(−(n−1)/n+2σ·cumsum) = 0.1176   uncosted-agg-served-Gini (diag) = 0.3494
Gurobi Optimizer version 12.0.3 build v12.0.3rc0 (win64 - Windows 11+.0 (26200.2))

CPU model: 11th Gen Intel(R) Core(TM) i7-1165G7 @ 2.80GHz, instruction set [SSE2|AVX|AVX2|AVX512]
Thread count: 4 physical cores, 8 logical processors, using up to 8 threads

Non-default parameters:
TimeLimit  180
MIPGap  0.01
MIPFocus  1
GomoryPasses  0
NonConvex  2
NumericFocus  2

Optimize a model with 9357 rows, 5403 columns and 24215 nonzeros
Model fingerprint: 0x9686ac74
Model has 72 quadratic objective terms
Model has 265 quadratic constraints
Variable types: 5322 continuous, 81 integer (81 binary)
Coefficient statistics:
  Matrix range     [9e-09, 2e+03]
  QMatrix range    [1e+00, 5e+02]
  QLMatrix range   [1e+00, 1e+00]
  Objective range  [2e-04, 2e-04]
  QObjective range [4e+00, 3e+01]
  Bounds range     [1e-08, 2e+01]
  RHS range        [7e-01, 2e+03]
  QRHS range       [1e+00, 1e+00]

User MIP start did not produce a new incumbent solution
User MIP start violates constraint R122 by 4.345047439
Loaded MIP start from previous solve with objective 0.129998

Presolve removed 4384 rows and 2376 columns
Presolve time: 0.05s
Presolved: 5436 rows, 3222 columns, 17597 nonzeros
Presolved model has 216 quadratic constraint(s)
Presolved model has 145 bilinear constraint(s)
Warning: Model contains variables with very large bounds participating
         in product terms.
         Presolve was not able to compute smaller bounds for these variables.
         Consider bounding these variables or reformulating the model.


Solving non-convex MIQCP

Variable types: 3141 continuous, 81 integer (81 binary)

Root relaxation: objective -7.879532e-01, 1583 iterations, 0.04 seconds (0.02 work units)

    Nodes    |    Current Node    |     Objective Bounds      |     Work
 Expl Unexpl |  Obj  Depth IntInf | Incumbent    BestBd   Gap | It/Node Time

     0     0   -0.78795    0   89    0.13000   -0.78795   706%     -    0s
H    0     0                       0.1299040   -0.78795   707%     -    0s
     0     0   -0.78795    0   84    0.12990   -0.78795   707%     -    0s
     0     0   -0.78795    0   85    0.12990   -0.78795   707%     -    0s
     0     0   -0.78795    0   80    0.12990   -0.78795   707%     -    1s
     0     0   -0.78795    0   80    0.12990   -0.78795   707%     -    1s
     0     0   -0.78795    0   82    0.12990   -0.78795   707%     -    1s
     0     2   -0.78795    0   82    0.12990   -0.78795   707%     -    1s
H   65    62                       0.1299039   -0.78795   707%   199    3s
   101    93   -0.77286   17   95    0.12990   -0.78795   707%   208    5s
H  137   121                       0.1299036   -0.78795   707%   200    6s
H  311   219                       0.1299035   -0.78795   707%   177    9s
   332   231   -0.71348   19  101    0.12990   -0.78795   707%   180   10s
   461   334   -0.77171    9   30    0.12990   -0.78575   705%   197   15s
   470   341   -0.78400    6   26    0.12990   -0.78400   704%   205   22s
   486   360   -0.77219   24   65    0.12990   -0.77562   697%   212   25s
   623   454   -0.77118   29   66    0.12990   -0.77562   697%   194   30s
H  658   450                       0.1299034   -0.77562   697%   204   31s
   748   518   -0.76645   33   81    0.12990   -0.77562   697%   210   35s
H  817   533                       0.1299028   -0.77562   697%   217   36s
   878   587   -0.76644   38   83    0.12990   -0.77562   697%   215   41s
  1013   675   -0.76610   43   82    0.12990   -0.77562   697%   205   45s
  1303   865   -0.76610   47   84    0.12990   -0.77254   695%   181   50s
  1681  1137   -0.76608   50   82    0.12990   -0.77254   695%   173   55s
  1886  1286   -0.76575   53   79    0.12990   -0.77254   695%   169   60s
  2081  1433   -0.76575   55   85    0.12990   -0.77254   695%   168   65s
  2414  1699   -0.75427   57   68    0.12990   -0.77254   695%   160   70s
  2708  2007   -0.76346   58   76    0.12990   -0.77254   695%   157   76s
  3020  2212   -0.73506   60   61    0.12990   -0.77253   695%   151   81s
  3420  2514   -0.62253   61   47    0.12990   -0.77253   695%   146   86s
  3781  2803   -0.60007   64   59    0.12990   -0.77253   695%   141   91s
  3892  2838   -0.75473   74   61    0.12990   -0.77253   695%   142   95s
  3925  2878   -0.36846   80   46    0.12990   -0.77253   695%   143  100s
  4016  2966   -0.68371   48   42    0.12990   -0.77253   695%   142  105s
  4136  3041   -0.64681   59   33    0.12990   -0.77253   695%   142  111s
  4274  3122   -0.76923   54   72    0.12990   -0.77253   695%   140  116s
  4316  3323   -0.76923   56   72    0.12990   -0.77253   695%   140  123s
  4559  3396   -0.76923   57   70    0.12990   -0.77253   695%   137  127s
  4664  3524   -0.76923   58   70    0.12990   -0.77252   695%   140  131s
  4824  3625   -0.76921   59   67    0.12990   -0.77252   695%   140  135s
  4963  3726   -0.76921   60   67    0.12990   -0.77252   695%   139  140s
  5113  3839   -0.76921   62   66    0.12990   -0.77252   695%   139  148s
  5271  3921   -0.76921   63   67    0.12990   -0.77252   695%   139  153s
  5399  3988   -0.76921   64   66    0.12990   -0.77252   695%   139  157s
  5468  4072   -0.76921   65   65    0.12990   -0.77252   695%   138  161s
  5572  4102   -0.76857   66   55    0.12990   -0.77252   695%   136  166s
  5632  4225   -0.77211   41   60    0.12990   -0.77252   695%   136  171s
  5777  4303   -0.45182   42   54    0.12990   -0.77252   695%   134  177s
  5877  4352 infeasible   66         0.12990   -0.77252   695%   134  180s

Cutting planes:
  Implied bound: 9
  Flow cover: 2
  RLT: 5
  Relax-and-lift: 9

Explored 5938 nodes (794953 simplex iterations) in 180.12 seconds (83.17 work units)
Thread count was 8 (of 8 available processors)

Solution count 2: 0.129903 0.129998 

Time limit reached
Best objective 1.299039882562e-01, best bound -7.725195065285e-01, gap 694.6850%

User-callback calls 31892, time in user-callback 0.13 sec
alpha=0.9090909090909091  status=TIME_LIMIT
  agg total_shed = 2035.988   cost-wtd Gini(Υ^agg) (post-hoc) = 0.1172   model(−(n−1)/n+2σ·cumsum) = 0.1172   uncosted-agg-served-Gini (diag) = 0.3494
Gurobi Optimizer version 12.0.3 build v12.0.3rc0 (win64 - Windows 11+.0 (26200.2))

CPU model: 11th Gen Intel(R) Core(TM) i7-1165G7 @ 2.80GHz, instruction set [SSE2|AVX|AVX2|AVX512]
Thread count: 4 physical cores, 8 logical processors, using up to 8 threads

Non-default parameters:
TimeLimit  180
MIPGap  0.01
MIPFocus  1
GomoryPasses  0
NonConvex  2
NumericFocus  2

Optimize a model with 9357 rows, 5403 columns and 24215 nonzeros
Model fingerprint: 0xa476be0a
Model has 72 quadratic objective terms
Model has 265 quadratic constraints
Variable types: 5322 continuous, 81 integer (81 binary)
Coefficient statistics:
  Matrix range     [9e-09, 2e+03]
  QMatrix range    [1e+00, 5e+02]
  QLMatrix range   [1e+00, 1e+00]
  Objective range  [0e+00, 0e+00]
  QObjective range [4e+00, 3e+01]
  Bounds range     [1e-08, 2e+01]
  RHS range        [7e-01, 2e+03]
  QRHS range       [1e+00, 1e+00]

User MIP start did not produce a new incumbent solution
User MIP start violates constraint R122 by 4.345047439
Loaded MIP start from previous solve with objective 0.117235

Presolve removed 4384 rows and 2376 columns
Presolve time: 0.05s
Presolved: 5436 rows, 3222 columns, 17597 nonzeros
Presolved model has 216 quadratic constraint(s)
Presolved model has 145 bilinear constraint(s)
Warning: Model contains variables with very large bounds participating
         in product terms.
         Presolve was not able to compute smaller bounds for these variables.
         Consider bounding these variables or reformulating the model.


Solving non-convex MIQCP

Variable types: 3141 continuous, 81 integer (81 binary)

Root relaxation: objective -8.888889e-01, 1547 iterations, 0.04 seconds (0.03 work units)

    Nodes    |    Current Node    |     Objective Bounds      |     Work
 Expl Unexpl |  Obj  Depth IntInf | Incumbent    BestBd   Gap | It/Node Time

     0     0   -0.88889    0   86    0.11723   -0.88889   858%     -    0s
H    0     0                       0.1165889   -0.88889   862%     -    0s
     0     0   -0.88889    0   56    0.11659   -0.88889   862%     -    0s
     0     0   -0.88889    0   48    0.11659   -0.88889   862%     -    1s
     0     0   -0.88889    0   65    0.11659   -0.88889   862%     -    1s
     0     0   -0.88889    0   63    0.11659   -0.88889   862%     -    1s
     0     0   -0.88889    0   52    0.11659   -0.88889   862%     -    2s
H    0     0                       0.1163996   -0.88889   864%     -    3s
     0     2   -0.88889    0   52    0.11640   -0.88889   864%     -    4s
    11    36   -0.88889    4   38    0.11640   -0.88889   864%   491    5s
H   66    63                       0.1163996   -0.88889   864%   199    8s
H   80    88                       0.1159186   -0.88889   867%   191    9s
H   81    88                       0.1159186   -0.88889   867%   193    9s
   117   117   -0.88889    8   47    0.11592   -0.88889   867%   179   10s
H  127   117                       0.1157539   -0.88889   868%   185   10s
H  168   164                       0.1157539   -0.88889   868%   191   12s
   227   232   -0.88031   19   53    0.11575   -0.88889   868%   218   15s
H  250   232                       0.1157535   -0.88889   868%   217   15s
   525   344   -0.68460   31   17    0.11575   -0.88889   868%   230   21s
   540   355   -0.76824   19   28    0.11575   -0.88349   863%   239   25s
   543   360   -0.88313   26   74    0.11575   -0.88313   863%   260   31s
   565   407   -0.88313   30   76    0.11575   -0.88313   863%   266   35s
   638   429   -0.88313   33   76    0.11575   -0.88313   863%   245   40s
   670   454   -0.88313   35   78    0.11575   -0.88313   863%   246   45s
   708   517   -0.68099   47  118    0.11575   -0.88313   863%   253   50s
H  794   573                       0.1157535   -0.88313   863%   286   52s
H  870   643                       0.1157535   -0.88313   863%   290   54s
H  909   614                       0.1157534   -0.88313   863%   289   54s
   987   688   -0.88313   38   75    0.11575   -0.88313   863%   298   56s
  1152   705   -0.84667   44  101    0.11575   -0.88313   863%   309   60s
  1312   777   -0.84290   57  100    0.11575   -0.88313   863%   306   67s
H 1338   753                       0.1157531   -0.88313   863%   312   67s
  1348   835   -0.84284   58  102    0.11575   -0.88313   863%   314   70s
  1541  1012   -0.74087   60   87    0.11575   -0.88313   863%   307   76s
H 1678  1073                       0.1157531   -0.88313   863%   296   79s
  1764  1235   -0.74919   59   87    0.11575   -0.88313   863%   297   82s
  1952  1329   -0.74143   58   88    0.11575   -0.88313   863%   289   85s
  2214  1467   -0.74407   61   86    0.11575   -0.88313   863%   277   94s
  2240  1580   -0.73944   62   84    0.11575   -0.88313   863%   280   97s
  2367  1678   -0.70968   39   89    0.11575   -0.88313   863%   277  101s
  2501  1781   -0.66664   59   86    0.11575   -0.88313   863%   270  105s
H 2657  1833                       0.1157531   -0.88313   863%   259  109s
  2757  1905   -0.75731   50   87    0.11575   -0.88313   863%   255  113s
  2839  2004   -0.75731   51   87    0.11575   -0.88313   863%   250  116s
  2982  2056   -0.65331   52   77    0.11575   -0.88313   863%   243  120s
  3052  2151   -0.64092   54   83    0.11575   -0.88313   863%   242  128s
  3157  2252   -0.47647   55   81    0.11575   -0.88313   863%   238  133s
  3294  2260   -0.47635   56   81    0.11575   -0.88313   863%   234  137s
  3302  2274   -0.47635   57   81    0.11575   -0.88313   863%   234  141s
  3324  2348   -0.47635   58   80    0.11575   -0.88313   863%   234  145s
  3442  2490 infeasible   59         0.11575   -0.88313   863%   231  150s
H 3539  2490                       0.1157529   -0.88313   863%   229  150s
  3645  2653 infeasible   61         0.11575   -0.88313   863%   228  155s
  3924  2856   -0.46703   62   84    0.11575   -0.88313   863%   220  161s
  4167  2963   -0.78359   50   86    0.11575   -0.88313   863%   215  166s
  4340  2971   -0.39255   83   66    0.11575   -0.88313   863%   211  173s
  4348  2987   -0.13370   84   67    0.11575   -0.88313   863%   211  180s

Cutting planes:
  Implied bound: 9
  Flow cover: 9
  RLT: 9
  Relax-and-lift: 10

Explored 4380 nodes (925705 simplex iterations) in 180.09 seconds (82.03 work units)
Thread count was 8 (of 8 available processors)

Solution count 6: 0.115753 0.115754 0.115919 ... 0.117235

Time limit reached
Best objective 1.157532411632e-01, best bound -8.831258466818e-01, gap 862.9383%

User-callback calls 26447, time in user-callback 0.11 sec
alpha=1.0  status=TIME_LIMIT
  agg total_shed = 2086.667   cost-wtd Gini(Υ^agg) (post-hoc) = 0.1158   model(−(n−1)/n+2σ·cumsum) = 0.1158   uncosted-agg-served-Gini (diag) = 0.3511
[ PowerModelsDistribution | Info ] : Circuit has been reset with the 'clear' on line 1 in 'case6_unbalanced_switch_more_meshed_good4integer.dss'
[ PowerModelsDistribution | Info ] : Command 'calcvoltagebases' on line 56 in 'case6_unbalanced_switch_more_meshed_good4integer.dss' is not supported, skipping.
[ PowerModelsDistribution | Info ] : Command 'solve' on line 58 in 'case6_unbalanced_switch_more_meshed_good4integer.dss' is not supported, skipping.
[ PowerModelsDistribution | Info ] : basemva=100 is the default value, you may want to adjust sbase_default for better convergence
┌ PowerModelsDistribution | Warning ] : basefreq=60.0 on line.quadpb does not match circuit basefreq=50.0
└ @ PowerModelsDistribution C:\Users\awest\.julia\packages\PowerModelsDistribution\EOTxp\src\data_model\transformations\dss2eng.jl:422
┌ PowerModelsDistribution | Warning ] : basefreq=60.0 on line.quadad does not match circuit basefreq=50.0
└ @ PowerModelsDistribution C:\Users\awest\.julia\packages\PowerModelsDistribution\EOTxp\src\data_model\transformations\dss2eng.jl:422
┌ PowerModelsDistribution | Warning ] : basefreq=60.0 on line.quadac does not match circuit basefreq=50.0
└ @ PowerModelsDistribution C:\Users\awest\.julia\packages\PowerModelsDistribution\EOTxp\src\data_model\transformations\dss2eng.jl:422
┌ PowerModelsDistribution | Warning ] : basefreq=60.0 on line.quadpa does not match circuit basefreq=50.0
└ @ PowerModelsDistribution C:\Users\awest\.julia\packages\PowerModelsDistribution\EOTxp\src\data_model\transformations\dss2eng.jl:422
┌ PowerModelsDistribution | Warning ] : basefreq=60.0 on line.ohline does not match circuit basefreq=50.0
└ @ PowerModelsDistribution C:\Users\awest\.julia\packages\PowerModelsDistribution\EOTxp\src\data_model\transformations\dss2eng.jl:422
┌ PowerModelsDistribution | Warning ] : basefreq=60.0 on line.quadbc does not match circuit basefreq=50.0
└ @ PowerModelsDistribution C:\Users\awest\.julia\packages\PowerModelsDistribution\EOTxp\src\data_model\transformations\dss2eng.jl:422
┌ PowerModelsDistribution | Warning ] : basefreq=60.0 on line.quadec does not match circuit basefreq=50.0
└ @ PowerModelsDistribution C:\Users\awest\.julia\packages\PowerModelsDistribution\EOTxp\src\data_model\transformations\dss2eng.jl:422
┌ PowerModelsDistribution | Warning ] : basefreq=60.0 on line.quadpe does not match circuit basefreq=50.0
└ @ PowerModelsDistribution C:\Users\awest\.julia\packages\PowerModelsDistribution\EOTxp\src\data_model\transformations\dss2eng.jl:422
[ Main | Info ] : LOAD_SCALE_FACTORS (agg_scales per period): [0.839, 0.968, 1.076, 1.15, 1.112, 1.072, 0.984, 0.899]
Saved trade-off sweep data → C:\Users\awest\github\FairLoadDelivery\script\single_level\../../results/2026-06-15/gini_relaxed_trade_off_mn\gini_sweep_mn_more_meshed_6_bus_absolute.jld2
Done. Results written to: C:\Users\awest\github\FairLoadDelivery\script\single_level\../../results/2026-06-15/gini_relaxed_trade_off_mn
GKS: String is too long in routine TEXT
GKS: String is too long in routine TEXT
GKS: String is too long in routine TEXT
GKS: String is too long in routine TEXT
GKS: String is too long in routine TEXT
GKS: String is too long in routine TEXT
GKS: String is too long in routine TEXT
GKS: String is too long in routine TEXT
GKS: String is too long in routine TEXT
GKS: String is too long in routine TEXT
GKS: String is too long in routine TEXT
GKS: String is too long in routine TEXT
GKS: String is too long in routine TEXT
GKS: String is too long in routine TEXT
GKS: String is too long in routine TEXT
GKS: String is too long in routine TEXT
GKS: String is too long in routine TEXT
GKS: String is too long in routine TEXT
GKS: String is too long in routine TEXT
GKS: String is too long in routine TEXT
GKS: String is too long in routine TEXT
GKS: String is too long in routine TEXT
GKS: String is too long in routine TEXT
GKS: String is too long in routine TEXT
GKS: String is too long in routine TEXT
GKS: String is too long in routine TEXT
GKS: String is too long in routine TEXT
GKS: String is too long in routine TEXT
GKS: String is too long in routine TEXT
GKS: String is too long in routine TEXT
GKS: String is too long in routine TEXT
GKS: String is too long in routine TEXT
GKS: String is too long in routine TEXT
GKS: String is too long in routine TEXT
GKS: String is too long in routine TEXT
GKS: String is too long in routine TEXT
GKS: String is too long in routine TEXT
GKS: String is too long in routine TEXT
GKS: String is too long in routine TEXT
GKS: String is too long in routine TEXT
EXIT_REL=0
