
******************************************************************************
This program contains Ipopt, a library for large-scale nonlinear optimization.
 Ipopt is released as open source code under the Eclipse Public License (EPL).
         For more information visit https://github.com/coin-or/Ipopt
******************************************************************************

Set parameter Username
Set parameter LicenseID to value 2813843
Academic license - for non-commercial use only - expires 2027-04-27
[ Main | Info ] : Logging to results/2026-06-14/bilevel_validation_mn_relaxed/case6_unbalanced_switch_more_meshed_good4integer/gini_absolute\run_validation_mn_relaxed.log
[ PowerModelsDistribution | Info ] : Circuit has been reset with the 'clear' on line 1 in 'case6_unbalanced_switch_more_meshed_good4integer.dss'
[ PowerModelsDistribution | Info ] : Command 'calcvoltagebases' on line 56 in 'case6_unbalanced_switch_more_meshed_good4integer.dss' is not supported, skipping.
[ PowerModelsDistribution | Info ] : Command 'solve' on line 58 in 'case6_unbalanced_switch_more_meshed_good4integer.dss' is not supported, skipping.
[ PowerModelsDistribution | Info ] : basemva=100 is the default value, you may want to adjust sbase_default for better convergence
┌ PowerModelsDistribution | Warning ] : basefreq=60.0 on line.quadpb does not match circuit basefreq=50.0
└ @ PowerModelsDistribution C:\Users\awest\.julia\packages\PowerModelsDistribution\EOTxp\src\data_model\transformations\dss2eng.jl:422
┌ PowerModelsDistribution | Warning ] : basefreq=60.0 on line.quadad does not match circuit basefreq=50.0
└ @ PowerModelsDistribution C:\Users\awest\.julia\packages\PowerModelsDistribution\EOTxp\src\data_model\transformations\dss2eng.jl:422
┌ PowerModelsDistribution | Warning ] : basefreq=60.0 on line.quadac does not match circuit basefreq=50.0
└ @ PowerModelsDistribution C:\Users\awest\.julia\packages\PowerModelsDistribution\EOTxp\src\data_model\transformations\dss2eng.jl:422
┌ PowerModelsDistribution | Warning ] : basefreq=60.0 on line.quadpa does not match circuit basefreq=50.0
└ @ PowerModelsDistribution C:\Users\awest\.julia\packages\PowerModelsDistribution\EOTxp\src\data_model\transformations\dss2eng.jl:422
┌ PowerModelsDistribution | Warning ] : basefreq=60.0 on line.ohline does not match circuit basefreq=50.0
└ @ PowerModelsDistribution C:\Users\awest\.julia\packages\PowerModelsDistribution\EOTxp\src\data_model\transformations\dss2eng.jl:422
┌ PowerModelsDistribution | Warning ] : basefreq=60.0 on line.quadbc does not match circuit basefreq=50.0
└ @ PowerModelsDistribution C:\Users\awest\.julia\packages\PowerModelsDistribution\EOTxp\src\data_model\transformations\dss2eng.jl:422
┌ PowerModelsDistribution | Warning ] : basefreq=60.0 on line.quadec does not match circuit basefreq=50.0
└ @ PowerModelsDistribution C:\Users\awest\.julia\packages\PowerModelsDistribution\EOTxp\src\data_model\transformations\dss2eng.jl:422
┌ PowerModelsDistribution | Warning ] : basefreq=60.0 on line.quadpe does not match circuit basefreq=50.0
└ @ PowerModelsDistribution C:\Users\awest\.julia\packages\PowerModelsDistribution\EOTxp\src\data_model\transformations\dss2eng.jl:422
[ Main | Info ] : N_PERIODS=8, hours=[4, 6, 8, 12, 15, 18, 20, 22], agg_scales=[0.8387202438113252, 0.9676482934843788, 1.0757845717168208, 1.1501794143778719, 1.1118984910387417, 1.0722361959025872, 0.9842055523687825, 0.8989053063178417], peak_stress=1.0, λ=[5.0, 5.0, 5.01, 6.4, 17.17, 30.0, 23.15, 11.95]
[ Main | Info ] : Built multinetwork with 8 periods, 9 loads per period (profiled)
[ FairLoadDelivery | Info ] : Iteration 1: Solving multiperiod lower-level MLD with initial parameter values from ref
┌ DiffOpt.NonLinearProgram | Info ] : Inertia correction needed. 
│             Attempting correction by adding diagonal matrix with positive values for the Jacobian of the stationary equations
└             and negative values for the Jacobian of the constraints.
┌ DiffOpt.NonLinearProgram | Info ] : Inertia correction needed. 
│             Attempting correction by adding diagonal matrix with positive values for the Jacobian of the stationary equations
└             and negative values for the Jacobian of the constraints.
┌ DiffOpt.NonLinearProgram | Info ] : Inertia correction needed. 
│             Attempting correction by adding diagonal matrix with positive values for the Jacobian of the stationary equations
└             and negative values for the Jacobian of the constraints.
┌ DiffOpt.NonLinearProgram | Info ] : Inertia correction needed. 
│             Attempting correction by adding diagonal matrix with positive values for the Jacobian of the stationary equations
└             and negative values for the Jacobian of the constraints.
┌ DiffOpt.NonLinearProgram | Info ] : Inertia correction needed. 
│             Attempting correction by adding diagonal matrix with positive values for the Jacobian of the stationary equations
└             and negative values for the Jacobian of the constraints.
┌ DiffOpt.NonLinearProgram | Info ] : Inertia correction needed. 
│             Attempting correction by adding diagonal matrix with positive values for the Jacobian of the stationary equations
└             and negative values for the Jacobian of the constraints.
┌ DiffOpt.NonLinearProgram | Info ] : Inertia correction needed. 
│             Attempting correction by adding diagonal matrix with positive values for the Jacobian of the stationary equations
└             and negative values for the Jacobian of the constraints.
┌ DiffOpt.NonLinearProgram | Info ] : Inertia correction needed. 
│             Attempting correction by adding diagonal matrix with positive values for the Jacobian of the stationary equations
└             and negative values for the Jacobian of the constraints.
┌ DiffOpt.NonLinearProgram | Info ] : Inertia correction needed. 
│             Attempting correction by adding diagonal matrix with positive values for the Jacobian of the stationary equations
└             and negative values for the Jacobian of the constraints.
┌ DiffOpt.NonLinearProgram | Info ] : Inertia correction needed. 
│             Attempting correction by adding diagonal matrix with positive values for the Jacobian of the stationary equations
└             and negative values for the Jacobian of the constraints.
┌ DiffOpt.NonLinearProgram | Info ] : Inertia correction needed. 
│             Attempting correction by adding diagonal matrix with positive values for the Jacobian of the stationary equations
└             and negative values for the Jacobian of the constraints.
┌ DiffOpt.NonLinearProgram | Info ] : Inertia correction needed. 
│             Attempting correction by adding diagonal matrix with positive values for the Jacobian of the stationary equations
└             and negative values for the Jacobian of the constraints.
┌ DiffOpt.NonLinearProgram | Info ] : Inertia correction needed. 
│             Attempting correction by adding diagonal matrix with positive values for the Jacobian of the stationary equations
└             and negative values for the Jacobian of the constraints.
┌ DiffOpt.NonLinearProgram | Info ] : Inertia correction needed. 
│             Attempting correction by adding diagonal matrix with positive values for the Jacobian of the stationary equations
└             and negative values for the Jacobian of the constraints.
┌ DiffOpt.NonLinearProgram | Info ] : Inertia correction needed. 
│             Attempting correction by adding diagonal matrix with positive values for the Jacobian of the stationary equations
└             and negative values for the Jacobian of the constraints.
┌ DiffOpt.NonLinearProgram | Info ] : Inertia correction needed. 
│             Attempting correction by adding diagonal matrix with positive values for the Jacobian of the stationary equations
└             and negative values for the Jacobian of the constraints.
┌ DiffOpt.NonLinearProgram | Info ] : Inertia correction needed. 
│             Attempting correction by adding diagonal matrix with positive values for the Jacobian of the stationary equations
└             and negative values for the Jacobian of the constraints.
┌ DiffOpt.NonLinearProgram | Info ] : Inertia correction needed. 
│             Attempting correction by adding diagonal matrix with positive values for the Jacobian of the stationary equations
└             and negative values for the Jacobian of the constraints.
┌ DiffOpt.NonLinearProgram | Info ] : Inertia correction needed. 
│             Attempting correction by adding diagonal matrix with positive values for the Jacobian of the stationary equations
└             and negative values for the Jacobian of the constraints.
┌ DiffOpt.NonLinearProgram | Info ] : Inertia correction needed. 
│             Attempting correction by adding diagonal matrix with positive values for the Jacobian of the stationary equations
└             and negative values for the Jacobian of the constraints.
┌ DiffOpt.NonLinearProgram | Info ] : Inertia correction needed. 
│             Attempting correction by adding diagonal matrix with positive values for the Jacobian of the stationary equations
└             and negative values for the Jacobian of the constraints.
┌ DiffOpt.NonLinearProgram | Info ] : Inertia correction needed. 
│             Attempting correction by adding diagonal matrix with positive values for the Jacobian of the stationary equations
└             and negative values for the Jacobian of the constraints.
┌ DiffOpt.NonLinearProgram | Info ] : Inertia correction needed. 
│             Attempting correction by adding diagonal matrix with positive values for the Jacobian of the stationary equations
└             and negative values for the Jacobian of the constraints.
┌ DiffOpt.NonLinearProgram | Info ] : Inertia correction needed. 
│             Attempting correction by adding diagonal matrix with positive values for the Jacobian of the stationary equations
└             and negative values for the Jacobian of the constraints.
┌ DiffOpt.NonLinearProgram | Info ] : Inertia correction needed. 
│             Attempting correction by adding diagonal matrix with positive values for the Jacobian of the stationary equations
└             and negative values for the Jacobian of the constraints.
┌ DiffOpt.NonLinearProgram | Info ] : Inertia correction needed. 
│             Attempting correction by adding diagonal matrix with positive values for the Jacobian of the stationary equations
└             and negative values for the Jacobian of the constraints.
┌ DiffOpt.NonLinearProgram | Info ] : Inertia correction needed. 
│             Attempting correction by adding diagonal matrix with positive values for the Jacobian of the stationary equations
└             and negative values for the Jacobian of the constraints.
┌ DiffOpt.NonLinearProgram | Info ] : Inertia correction needed. 
│             Attempting correction by adding diagonal matrix with positive values for the Jacobian of the stationary equations
└             and negative values for the Jacobian of the constraints.
┌ DiffOpt.NonLinearProgram | Info ] : Inertia correction needed. 
│             Attempting correction by adding diagonal matrix with positive values for the Jacobian of the stationary equations
└             and negative values for the Jacobian of the constraints.
┌ DiffOpt.NonLinearProgram | Info ] : Inertia correction needed. 
│             Attempting correction by adding diagonal matrix with positive values for the Jacobian of the stationary equations
└             and negative values for the Jacobian of the constraints.
┌ DiffOpt.NonLinearProgram | Info ] : Inertia correction needed. 
│             Attempting correction by adding diagonal matrix with positive values for the Jacobian of the stationary equations
└             and negative values for the Jacobian of the constraints.
┌ DiffOpt.NonLinearProgram | Info ] : Inertia correction needed. 
│             Attempting correction by adding diagonal matrix with positive values for the Jacobian of the stationary equations
└             and negative values for the Jacobian of the constraints.
┌ DiffOpt.NonLinearProgram | Info ] : Inertia correction needed. 
│             Attempting correction by adding diagonal matrix with positive values for the Jacobian of the stationary equations
└             and negative values for the Jacobian of the constraints.
┌ DiffOpt.NonLinearProgram | Info ] : Inertia correction needed. 
│             Attempting correction by adding diagonal matrix with positive values for the Jacobian of the stationary equations
└             and negative values for the Jacobian of the constraints.
┌ DiffOpt.NonLinearProgram | Info ] : Inertia correction needed. 
│             Attempting correction by adding diagonal matrix with positive values for the Jacobian of the stationary equations
└             and negative values for the Jacobian of the constraints.
┌ DiffOpt.NonLinearProgram | Info ] : Inertia correction needed. 
│             Attempting correction by adding diagonal matrix with positive values for the Jacobian of the stationary equations
└             and negative values for the Jacobian of the constraints.
┌ DiffOpt.NonLinearProgram | Info ] : Inertia correction needed. 
│             Attempting correction by adding diagonal matrix with positive values for the Jacobian of the stationary equations
└             and negative values for the Jacobian of the constraints.
┌ DiffOpt.NonLinearProgram | Info ] : Inertia correction needed. 
│             Attempting correction by adding diagonal matrix with positive values for the Jacobian of the stationary equations
└             and negative values for the Jacobian of the constraints.
┌ DiffOpt.NonLinearProgram | Info ] : Inertia correction needed. 
│             Attempting correction by adding diagonal matrix with positive values for the Jacobian of the stationary equations
└             and negative values for the Jacobian of the constraints.
┌ DiffOpt.NonLinearProgram | Info ] : Inertia correction needed. 
│             Attempting correction by adding diagonal matrix with positive values for the Jacobian of the stationary equations
└             and negative values for the Jacobian of the constraints.
┌ DiffOpt.NonLinearProgram | Info ] : Inertia correction needed. 
│             Attempting correction by adding diagonal matrix with positive values for the Jacobian of the stationary equations
└             and negative values for the Jacobian of the constraints.
┌ DiffOpt.NonLinearProgram | Info ] : Inertia correction needed. 
│             Attempting correction by adding diagonal matrix with positive values for the Jacobian of the stationary equations
└             and negative values for the Jacobian of the constraints.
┌ DiffOpt.NonLinearProgram | Info ] : Inertia correction needed. 
│             Attempting correction by adding diagonal matrix with positive values for the Jacobian of the stationary equations
└             and negative values for the Jacobian of the constraints.
┌ DiffOpt.NonLinearProgram | Info ] : Inertia correction needed. 
│             Attempting correction by adding diagonal matrix with positive values for the Jacobian of the stationary equations
└             and negative values for the Jacobian of the constraints.
┌ DiffOpt.NonLinearProgram | Info ] : Inertia correction needed. 
│             Attempting correction by adding diagonal matrix with positive values for the Jacobian of the stationary equations
└             and negative values for the Jacobian of the constraints.
┌ DiffOpt.NonLinearProgram | Info ] : Inertia correction needed. 
│             Attempting correction by adding diagonal matrix with positive values for the Jacobian of the stationary equations
└             and negative values for the Jacobian of the constraints.
┌ DiffOpt.NonLinearProgram | Info ] : Inertia correction needed. 
│             Attempting correction by adding diagonal matrix with positive values for the Jacobian of the stationary equations
└             and negative values for the Jacobian of the constraints.
┌ DiffOpt.NonLinearProgram | Info ] : Inertia correction needed. 
│             Attempting correction by adding diagonal matrix with positive values for the Jacobian of the stationary equations
└             and negative values for the Jacobian of the constraints.
┌ DiffOpt.NonLinearProgram | Info ] : Inertia correction needed. 
│             Attempting correction by adding diagonal matrix with positive values for the Jacobian of the stationary equations
└             and negative values for the Jacobian of the constraints.
┌ DiffOpt.NonLinearProgram | Info ] : Inertia correction needed. 
│             Attempting correction by adding diagonal matrix with positive values for the Jacobian of the stationary equations
└             and negative values for the Jacobian of the constraints.
┌ DiffOpt.NonLinearProgram | Info ] : Inertia correction needed. 
│             Attempting correction by adding diagonal matrix with positive values for the Jacobian of the stationary equations
└             and negative values for the Jacobian of the constraints.
┌ DiffOpt.NonLinearProgram | Info ] : Inertia correction needed. 
│             Attempting correction by adding diagonal matrix with positive values for the Jacobian of the stationary equations
└             and negative values for the Jacobian of the constraints.
┌ DiffOpt.NonLinearProgram | Info ] : Inertia correction needed. 
│             Attempting correction by adding diagonal matrix with positive values for the Jacobian of the stationary equations
└             and negative values for the Jacobian of the constraints.
┌ DiffOpt.NonLinearProgram | Info ] : Inertia correction needed. 
│             Attempting correction by adding diagonal matrix with positive values for the Jacobian of the stationary equations
└             and negative values for the Jacobian of the constraints.
┌ DiffOpt.NonLinearProgram | Info ] : Inertia correction needed. 
│             Attempting correction by adding diagonal matrix with positive values for the Jacobian of the stationary equations
└             and negative values for the Jacobian of the constraints.
┌ DiffOpt.NonLinearProgram | Info ] : Inertia correction needed. 
│             Attempting correction by adding diagonal matrix with positive values for the Jacobian of the stationary equations
└             and negative values for the Jacobian of the constraints.
┌ DiffOpt.NonLinearProgram | Info ] : Inertia correction needed. 
│             Attempting correction by adding diagonal matrix with positive values for the Jacobian of the stationary equations
└             and negative values for the Jacobian of the constraints.
┌ DiffOpt.NonLinearProgram | Info ] : Inertia correction needed. 
│             Attempting correction by adding diagonal matrix with positive values for the Jacobian of the stationary equations
└             and negative values for the Jacobian of the constraints.
┌ DiffOpt.NonLinearProgram | Info ] : Inertia correction needed. 
│             Attempting correction by adding diagonal matrix with positive values for the Jacobian of the stationary equations
└             and negative values for the Jacobian of the constraints.
┌ DiffOpt.NonLinearProgram | Info ] : Inertia correction needed. 
│             Attempting correction by adding diagonal matrix with positive values for the Jacobian of the stationary equations
└             and negative values for the Jacobian of the constraints.
┌ DiffOpt.NonLinearProgram | Info ] : Inertia correction needed. 
│             Attempting correction by adding diagonal matrix with positive values for the Jacobian of the stationary equations
└             and negative values for the Jacobian of the constraints.
┌ DiffOpt.NonLinearProgram | Info ] : Inertia correction needed. 
│             Attempting correction by adding diagonal matrix with positive values for the Jacobian of the stationary equations
└             and negative values for the Jacobian of the constraints.
┌ DiffOpt.NonLinearProgram | Info ] : Inertia correction needed. 
│             Attempting correction by adding diagonal matrix with positive values for the Jacobian of the stationary equations
└             and negative values for the Jacobian of the constraints.
┌ DiffOpt.NonLinearProgram | Info ] : Inertia correction needed. 
│             Attempting correction by adding diagonal matrix with positive values for the Jacobian of the stationary equations
└             and negative values for the Jacobian of the constraints.
┌ DiffOpt.NonLinearProgram | Info ] : Inertia correction needed. 
│             Attempting correction by adding diagonal matrix with positive values for the Jacobian of the stationary equations
└             and negative values for the Jacobian of the constraints.
┌ DiffOpt.NonLinearProgram | Info ] : Inertia correction needed. 
│             Attempting correction by adding diagonal matrix with positive values for the Jacobian of the stationary equations
└             and negative values for the Jacobian of the constraints.
┌ DiffOpt.NonLinearProgram | Info ] : Inertia correction needed. 
│             Attempting correction by adding diagonal matrix with positive values for the Jacobian of the stationary equations
└             and negative values for the Jacobian of the constraints.
┌ DiffOpt.NonLinearProgram | Info ] : Inertia correction needed. 
│             Attempting correction by adding diagonal matrix with positive values for the Jacobian of the stationary equations
└             and negative values for the Jacobian of the constraints.
┌ DiffOpt.NonLinearProgram | Info ] : Inertia correction needed. 
│             Attempting correction by adding diagonal matrix with positive values for the Jacobian of the stationary equations
└             and negative values for the Jacobian of the constraints.
┌ DiffOpt.NonLinearProgram | Info ] : Inertia correction needed. 
│             Attempting correction by adding diagonal matrix with positive values for the Jacobian of the stationary equations
└             and negative values for the Jacobian of the constraints.
┌ DiffOpt.NonLinearProgram | Info ] : Inertia correction needed. 
│             Attempting correction by adding diagonal matrix with positive values for the Jacobian of the stationary equations
└             and negative values for the Jacobian of the constraints.
┌ DiffOpt.NonLinearProgram | Info ] : Inertia correction needed. 
│             Attempting correction by adding diagonal matrix with positive values for the Jacobian of the stationary equations
└             and negative values for the Jacobian of the constraints.
[ Main | Info ] : [Gini agg formal CC] Jacobian is block-diagonal (max off-block-diag = 0.0)
[ Main | Info ] : [Gini agg formal CC] T=8, N=9, m=72 (cost-weighted aggregate sort, single σ unbounded above, 81 binaries)
[ Main | Info ] : [Gini agg formal CC] Solver status: OPTIMAL (solve_time=10.84s)
[ Main | Info ] : [gini/absolute] iter 1 upper-level status = OPTIMAL
[ Main | Info ] : [gini/absolute] iter 1 timings: int=0.0s lower=164.3s (primal=21.9s jac=107.6s) upper=15.4s total=179.7s
[ FairLoadDelivery | Info ] : Iteration 2: Solving multiperiod lower-level MLD with 72 per-period weights
┌ DiffOpt.NonLinearProgram | Info ] : Inertia correction needed. 
│             Attempting correction by adding diagonal matrix with positive values for the Jacobian of the stationary equations
└             and negative values for the Jacobian of the constraints.
┌ DiffOpt.NonLinearProgram | Info ] : Inertia correction needed. 
│             Attempting correction by adding diagonal matrix with positive values for the Jacobian of the stationary equations
└             and negative values for the Jacobian of the constraints.
┌ DiffOpt.NonLinearProgram | Info ] : Inertia correction needed. 
│             Attempting correction by adding diagonal matrix with positive values for the Jacobian of the stationary equations
└             and negative values for the Jacobian of the constraints.
┌ DiffOpt.NonLinearProgram | Info ] : Inertia correction needed. 
│             Attempting correction by adding diagonal matrix with positive values for the Jacobian of the stationary equations
└             and negative values for the Jacobian of the constraints.
┌ DiffOpt.NonLinearProgram | Info ] : Inertia correction needed. 
│             Attempting correction by adding diagonal matrix with positive values for the Jacobian of the stationary equations
└             and negative values for the Jacobian of the constraints.
┌ DiffOpt.NonLinearProgram | Info ] : Inertia correction needed. 
│             Attempting correction by adding diagonal matrix with positive values for the Jacobian of the stationary equations
└             and negative values for the Jacobian of the constraints.
┌ DiffOpt.NonLinearProgram | Info ] : Inertia correction needed. 
│             Attempting correction by adding diagonal matrix with positive values for the Jacobian of the stationary equations
└             and negative values for the Jacobian of the constraints.
┌ DiffOpt.NonLinearProgram | Info ] : Inertia correction needed. 
│             Attempting correction by adding diagonal matrix with positive values for the Jacobian of the stationary equations
└             and negative values for the Jacobian of the constraints.
┌ DiffOpt.NonLinearProgram | Info ] : Inertia correction needed. 
│             Attempting correction by adding diagonal matrix with positive values for the Jacobian of the stationary equations
└             and negative values for the Jacobian of the constraints.
┌ DiffOpt.NonLinearProgram | Info ] : Inertia correction needed. 
│             Attempting correction by adding diagonal matrix with positive values for the Jacobian of the stationary equations
└             and negative values for the Jacobian of the constraints.
┌ DiffOpt.NonLinearProgram | Info ] : Inertia correction needed. 
│             Attempting correction by adding diagonal matrix with positive values for the Jacobian of the stationary equations
└             and negative values for the Jacobian of the constraints.
┌ DiffOpt.NonLinearProgram | Info ] : Inertia correction needed. 
│             Attempting correction by adding diagonal matrix with positive values for the Jacobian of the stationary equations
└             and negative values for the Jacobian of the constraints.
┌ DiffOpt.NonLinearProgram | Info ] : Inertia correction needed. 
│             Attempting correction by adding diagonal matrix with positive values for the Jacobian of the stationary equations
└             and negative values for the Jacobian of the constraints.
┌ DiffOpt.NonLinearProgram | Info ] : Inertia correction needed. 
│             Attempting correction by adding diagonal matrix with positive values for the Jacobian of the stationary equations
└             and negative values for the Jacobian of the constraints.
┌ DiffOpt.NonLinearProgram | Info ] : Inertia correction needed. 
│             Attempting correction by adding diagonal matrix with positive values for the Jacobian of the stationary equations
└             and negative values for the Jacobian of the constraints.
┌ DiffOpt.NonLinearProgram | Info ] : Inertia correction needed. 
│             Attempting correction by adding diagonal matrix with positive values for the Jacobian of the stationary equations
└             and negative values for the Jacobian of the constraints.
┌ DiffOpt.NonLinearProgram | Info ] : Inertia correction needed. 
│             Attempting correction by adding diagonal matrix with positive values for the Jacobian of the stationary equations
└             and negative values for the Jacobian of the constraints.
┌ DiffOpt.NonLinearProgram | Info ] : Inertia correction needed. 
│             Attempting correction by adding diagonal matrix with positive values for the Jacobian of the stationary equations
└             and negative values for the Jacobian of the constraints.
┌ DiffOpt.NonLinearProgram | Info ] : Inertia correction needed. 
│             Attempting correction by adding diagonal matrix with positive values for the Jacobian of the stationary equations
└             and negative values for the Jacobian of the constraints.
┌ DiffOpt.NonLinearProgram | Info ] : Inertia correction needed. 
│             Attempting correction by adding diagonal matrix with positive values for the Jacobian of the stationary equations
└             and negative values for the Jacobian of the constraints.
┌ DiffOpt.NonLinearProgram | Info ] : Inertia correction needed. 
│             Attempting correction by adding diagonal matrix with positive values for the Jacobian of the stationary equations
└             and negative values for the Jacobian of the constraints.
┌ DiffOpt.NonLinearProgram | Info ] : Inertia correction needed. 
│             Attempting correction by adding diagonal matrix with positive values for the Jacobian of the stationary equations
└             and negative values for the Jacobian of the constraints.
┌ DiffOpt.NonLinearProgram | Info ] : Inertia correction needed. 
│             Attempting correction by adding diagonal matrix with positive values for the Jacobian of the stationary equations
└             and negative values for the Jacobian of the constraints.
┌ DiffOpt.NonLinearProgram | Info ] : Inertia correction needed. 
│             Attempting correction by adding diagonal matrix with positive values for the Jacobian of the stationary equations
└             and negative values for the Jacobian of the constraints.
┌ DiffOpt.NonLinearProgram | Info ] : Inertia correction needed. 
│             Attempting correction by adding diagonal matrix with positive values for the Jacobian of the stationary equations
└             and negative values for the Jacobian of the constraints.
┌ DiffOpt.NonLinearProgram | Info ] : Inertia correction needed. 
│             Attempting correction by adding diagonal matrix with positive values for the Jacobian of the stationary equations
└             and negative values for the Jacobian of the constraints.
┌ DiffOpt.NonLinearProgram | Info ] : Inertia correction needed. 
│             Attempting correction by adding diagonal matrix with positive values for the Jacobian of the stationary equations
└             and negative values for the Jacobian of the constraints.
┌ DiffOpt.NonLinearProgram | Info ] : Inertia correction needed. 
│             Attempting correction by adding diagonal matrix with positive values for the Jacobian of the stationary equations
└             and negative values for the Jacobian of the constraints.
┌ DiffOpt.NonLinearProgram | Info ] : Inertia correction needed. 
│             Attempting correction by adding diagonal matrix with positive values for the Jacobian of the stationary equations
└             and negative values for the Jacobian of the constraints.
┌ DiffOpt.NonLinearProgram | Info ] : Inertia correction needed. 
│             Attempting correction by adding diagonal matrix with positive values for the Jacobian of the stationary equations
└             and negative values for the Jacobian of the constraints.
┌ DiffOpt.NonLinearProgram | Info ] : Inertia correction needed. 
│             Attempting correction by adding diagonal matrix with positive values for the Jacobian of the stationary equations
└             and negative values for the Jacobian of the constraints.
┌ DiffOpt.NonLinearProgram | Info ] : Inertia correction needed. 
│             Attempting correction by adding diagonal matrix with positive values for the Jacobian of the stationary equations
└             and negative values for the Jacobian of the constraints.
┌ DiffOpt.NonLinearProgram | Info ] : Inertia correction needed. 
│             Attempting correction by adding diagonal matrix with positive values for the Jacobian of the stationary equations
└             and negative values for the Jacobian of the constraints.
┌ DiffOpt.NonLinearProgram | Info ] : Inertia correction needed. 
│             Attempting correction by adding diagonal matrix with positive values for the Jacobian of the stationary equations
└             and negative values for the Jacobian of the constraints.
Set parameter Username
Set parameter LicenseID to value 2813843
Academic license - for non-commercial use only - expires 2027-04-27
Set parameter Username
Set parameter LicenseID to value 2813843
Academic license - for non-commercial use only - expires 2027-04-27
┌ DiffOpt.NonLinearProgram | Info ] : Inertia correction needed. 
│             Attempting correction by adding diagonal matrix with positive values for the Jacobian of the stationary equations
└             and negative values for the Jacobian of the constraints.
┌ DiffOpt.NonLinearProgram | Info ] : Inertia correction needed. 
│             Attempting correction by adding diagonal matrix with positive values for the Jacobian of the stationary equations
└             and negative values for the Jacobian of the constraints.
┌ DiffOpt.NonLinearProgram | Info ] : Inertia correction needed. 
│             Attempting correction by adding diagonal matrix with positive values for the Jacobian of the stationary equations
└             and negative values for the Jacobian of the constraints.
┌ DiffOpt.NonLinearProgram | Info ] : Inertia correction needed. 
│             Attempting correction by adding diagonal matrix with positive values for the Jacobian of the stationary equations
└             and negative values for the Jacobian of the constraints.
┌ DiffOpt.NonLinearProgram | Info ] : Inertia correction needed. 
│             Attempting correction by adding diagonal matrix with positive values for the Jacobian of the stationary equations
└             and negative values for the Jacobian of the constraints.
┌ DiffOpt.NonLinearProgram | Info ] : Inertia correction needed. 
│             Attempting correction by adding diagonal matrix with positive values for the Jacobian of the stationary equations
└             and negative values for the Jacobian of the constraints.
┌ DiffOpt.NonLinearProgram | Info ] : Inertia correction needed. 
│             Attempting correction by adding diagonal matrix with positive values for the Jacobian of the stationary equations
└             and negative values for the Jacobian of the constraints.
┌ DiffOpt.NonLinearProgram | Info ] : Inertia correction needed. 
│             Attempting correction by adding diagonal matrix with positive values for the Jacobian of the stationary equations
└             and negative values for the Jacobian of the constraints.
┌ DiffOpt.NonLinearProgram | Info ] : Inertia correction needed. 
│             Attempting correction by adding diagonal matrix with positive values for the Jacobian of the stationary equations
└             and negative values for the Jacobian of the constraints.
┌ DiffOpt.NonLinearProgram | Info ] : Inertia correction needed. 
│             Attempting correction by adding diagonal matrix with positive values for the Jacobian of the stationary equations
└             and negative values for the Jacobian of the constraints.
┌ DiffOpt.NonLinearProgram | Info ] : Inertia correction needed. 
│             Attempting correction by adding diagonal matrix with positive values for the Jacobian of the stationary equations
└             and negative values for the Jacobian of the constraints.
┌ DiffOpt.NonLinearProgram | Info ] : Inertia correction needed. 
│             Attempting correction by adding diagonal matrix with positive values for the Jacobian of the stationary equations
└             and negative values for the Jacobian of the constraints.
┌ DiffOpt.NonLinearProgram | Info ] : Inertia correction needed. 
│             Attempting correction by adding diagonal matrix with positive values for the Jacobian of the stationary equations
└             and negative values for the Jacobian of the constraints.
┌ DiffOpt.NonLinearProgram | Info ] : Inertia correction needed. 
│             Attempting correction by adding diagonal matrix with positive values for the Jacobian of the stationary equations
└             and negative values for the Jacobian of the constraints.
┌ DiffOpt.NonLinearProgram | Info ] : Inertia correction needed. 
│             Attempting correction by adding diagonal matrix with positive values for the Jacobian of the stationary equations
└             and negative values for the Jacobian of the constraints.
┌ DiffOpt.NonLinearProgram | Info ] : Inertia correction needed. 
│             Attempting correction by adding diagonal matrix with positive values for the Jacobian of the stationary equations
└             and negative values for the Jacobian of the constraints.
┌ DiffOpt.NonLinearProgram | Info ] : Inertia correction needed. 
│             Attempting correction by adding diagonal matrix with positive values for the Jacobian of the stationary equations
└             and negative values for the Jacobian of the constraints.
┌ DiffOpt.NonLinearProgram | Info ] : Inertia correction needed. 
│             Attempting correction by adding diagonal matrix with positive values for the Jacobian of the stationary equations
└             and negative values for the Jacobian of the constraints.
┌ DiffOpt.NonLinearProgram | Info ] : Inertia correction needed. 
│             Attempting correction by adding diagonal matrix with positive values for the Jacobian of the stationary equations
└             and negative values for the Jacobian of the constraints.
┌ DiffOpt.NonLinearProgram | Info ] : Inertia correction needed. 
│             Attempting correction by adding diagonal matrix with positive values for the Jacobian of the stationary equations
└             and negative values for the Jacobian of the constraints.
┌ DiffOpt.NonLinearProgram | Info ] : Inertia correction needed. 
│             Attempting correction by adding diagonal matrix with positive values for the Jacobian of the stationary equations
└             and negative values for the Jacobian of the constraints.
┌ DiffOpt.NonLinearProgram | Info ] : Inertia correction needed. 
│             Attempting correction by adding diagonal matrix with positive values for the Jacobian of the stationary equations
└             and negative values for the Jacobian of the constraints.
┌ DiffOpt.NonLinearProgram | Info ] : Inertia correction needed. 
│             Attempting correction by adding diagonal matrix with positive values for the Jacobian of the stationary equations
└             and negative values for the Jacobian of the constraints.
┌ DiffOpt.NonLinearProgram | Info ] : Inertia correction needed. 
│             Attempting correction by adding diagonal matrix with positive values for the Jacobian of the stationary equations
└             and negative values for the Jacobian of the constraints.
┌ DiffOpt.NonLinearProgram | Info ] : Inertia correction needed. 
│             Attempting correction by adding diagonal matrix with positive values for the Jacobian of the stationary equations
└             and negative values for the Jacobian of the constraints.
┌ DiffOpt.NonLinearProgram | Info ] : Inertia correction needed. 
│             Attempting correction by adding diagonal matrix with positive values for the Jacobian of the stationary equations
└             and negative values for the Jacobian of the constraints.
┌ DiffOpt.NonLinearProgram | Info ] : Inertia correction needed. 
│             Attempting correction by adding diagonal matrix with positive values for the Jacobian of the stationary equations
└             and negative values for the Jacobian of the constraints.
┌ DiffOpt.NonLinearProgram | Info ] : Inertia correction needed. 
│             Attempting correction by adding diagonal matrix with positive values for the Jacobian of the stationary equations
└             and negative values for the Jacobian of the constraints.
┌ DiffOpt.NonLinearProgram | Info ] : Inertia correction needed. 
│             Attempting correction by adding diagonal matrix with positive values for the Jacobian of the stationary equations
└             and negative values for the Jacobian of the constraints.
┌ DiffOpt.NonLinearProgram | Info ] : Inertia correction needed. 
│             Attempting correction by adding diagonal matrix with positive values for the Jacobian of the stationary equations
└             and negative values for the Jacobian of the constraints.
┌ DiffOpt.NonLinearProgram | Info ] : Inertia correction needed. 
│             Attempting correction by adding diagonal matrix with positive values for the Jacobian of the stationary equations
└             and negative values for the Jacobian of the constraints.
┌ DiffOpt.NonLinearProgram | Info ] : Inertia correction needed. 
│             Attempting correction by adding diagonal matrix with positive values for the Jacobian of the stationary equations
└             and negative values for the Jacobian of the constraints.
┌ DiffOpt.NonLinearProgram | Info ] : Inertia correction needed. 
│             Attempting correction by adding diagonal matrix with positive values for the Jacobian of the stationary equations
└             and negative values for the Jacobian of the constraints.
┌ DiffOpt.NonLinearProgram | Info ] : Inertia correction needed. 
│             Attempting correction by adding diagonal matrix with positive values for the Jacobian of the stationary equations
└             and negative values for the Jacobian of the constraints.
┌ DiffOpt.NonLinearProgram | Info ] : Inertia correction needed. 
│             Attempting correction by adding diagonal matrix with positive values for the Jacobian of the stationary equations
└             and negative values for the Jacobian of the constraints.
┌ DiffOpt.NonLinearProgram | Info ] : Inertia correction needed. 
│             Attempting correction by adding diagonal matrix with positive values for the Jacobian of the stationary equations
└             and negative values for the Jacobian of the constraints.
┌ DiffOpt.NonLinearProgram | Info ] : Inertia correction needed. 
│             Attempting correction by adding diagonal matrix with positive values for the Jacobian of the stationary equations
└             and negative values for the Jacobian of the constraints.
┌ DiffOpt.NonLinearProgram | Info ] : Inertia correction needed. 
│             Attempting correction by adding diagonal matrix with positive values for the Jacobian of the stationary equations
└             and negative values for the Jacobian of the constraints.
[ Main | Info ] : [Gini agg formal CC] Jacobian is block-diagonal (max off-block-diag = 0.0)
[ Main | Info ] : [Gini agg formal CC] T=8, N=9, m=72 (cost-weighted aggregate sort, single σ unbounded above, 81 binaries)
[ Main | Info ] : [Gini agg formal CC] Solver status: OPTIMAL (solve_time=39.38s)
[ Main | Info ] : [gini/absolute] iter 2 upper-level status = OPTIMAL
[ Main | Info ] : [gini/absolute] iter 2 timings: int=0.0s lower=46.8s (primal=5.5s jac=41.0s) upper=39.4s total=86.2s
[ FairLoadDelivery | Info ] : Iteration 3: Solving multiperiod lower-level MLD with 72 per-period weights
┌ DiffOpt.NonLinearProgram | Info ] : Inertia correction needed. 
│             Attempting correction by adding diagonal matrix with positive values for the Jacobian of the stationary equations
└             and negative values for the Jacobian of the constraints.
┌ DiffOpt.NonLinearProgram | Info ] : Inertia correction needed. 
│             Attempting correction by adding diagonal matrix with positive values for the Jacobian of the stationary equations
└             and negative values for the Jacobian of the constraints.
┌ DiffOpt.NonLinearProgram | Info ] : Inertia correction needed. 
│             Attempting correction by adding diagonal matrix with positive values for the Jacobian of the stationary equations
└             and negative values for the Jacobian of the constraints.
┌ DiffOpt.NonLinearProgram | Info ] : Inertia correction needed. 
│             Attempting correction by adding diagonal matrix with positive values for the Jacobian of the stationary equations
└             and negative values for the Jacobian of the constraints.
┌ DiffOpt.NonLinearProgram | Info ] : Inertia correction needed. 
│             Attempting correction by adding diagonal matrix with positive values for the Jacobian of the stationary equations
└             and negative values for the Jacobian of the constraints.
┌ DiffOpt.NonLinearProgram | Info ] : Inertia correction needed. 
│             Attempting correction by adding diagonal matrix with positive values for the Jacobian of the stationary equations
└             and negative values for the Jacobian of the constraints.
┌ DiffOpt.NonLinearProgram | Info ] : Inertia correction needed. 
│             Attempting correction by adding diagonal matrix with positive values for the Jacobian of the stationary equations
└             and negative values for the Jacobian of the constraints.
┌ DiffOpt.NonLinearProgram | Info ] : Inertia correction needed. 
│             Attempting correction by adding diagonal matrix with positive values for the Jacobian of the stationary equations
└             and negative values for the Jacobian of the constraints.
┌ DiffOpt.NonLinearProgram | Info ] : Inertia correction needed. 
│             Attempting correction by adding diagonal matrix with positive values for the Jacobian of the stationary equations
└             and negative values for the Jacobian of the constraints.
┌ DiffOpt.NonLinearProgram | Info ] : Inertia correction needed. 
│             Attempting correction by adding diagonal matrix with positive values for the Jacobian of the stationary equations
└             and negative values for the Jacobian of the constraints.
┌ DiffOpt.NonLinearProgram | Info ] : Inertia correction needed. 
│             Attempting correction by adding diagonal matrix with positive values for the Jacobian of the stationary equations
└             and negative values for the Jacobian of the constraints.
┌ DiffOpt.NonLinearProgram | Info ] : Inertia correction needed. 
│             Attempting correction by adding diagonal matrix with positive values for the Jacobian of the stationary equations
└             and negative values for the Jacobian of the constraints.
┌ DiffOpt.NonLinearProgram | Info ] : Inertia correction needed. 
│             Attempting correction by adding diagonal matrix with positive values for the Jacobian of the stationary equations
└             and negative values for the Jacobian of the constraints.
┌ DiffOpt.NonLinearProgram | Info ] : Inertia correction needed. 
│             Attempting correction by adding diagonal matrix with positive values for the Jacobian of the stationary equations
└             and negative values for the Jacobian of the constraints.
┌ DiffOpt.NonLinearProgram | Info ] : Inertia correction needed. 
│             Attempting correction by adding diagonal matrix with positive values for the Jacobian of the stationary equations
└             and negative values for the Jacobian of the constraints.
┌ DiffOpt.NonLinearProgram | Info ] : Inertia correction needed. 
│             Attempting correction by adding diagonal matrix with positive values for the Jacobian of the stationary equations
└             and negative values for the Jacobian of the constraints.
┌ DiffOpt.NonLinearProgram | Info ] : Inertia correction needed. 
│             Attempting correction by adding diagonal matrix with positive values for the Jacobian of the stationary equations
└             and negative values for the Jacobian of the constraints.
┌ DiffOpt.NonLinearProgram | Info ] : Inertia correction needed. 
│             Attempting correction by adding diagonal matrix with positive values for the Jacobian of the stationary equations
└             and negative values for the Jacobian of the constraints.
┌ DiffOpt.NonLinearProgram | Info ] : Inertia correction needed. 
│             Attempting correction by adding diagonal matrix with positive values for the Jacobian of the stationary equations
└             and negative values for the Jacobian of the constraints.
┌ DiffOpt.NonLinearProgram | Info ] : Inertia correction needed. 
│             Attempting correction by adding diagonal matrix with positive values for the Jacobian of the stationary equations
└             and negative values for the Jacobian of the constraints.
┌ DiffOpt.NonLinearProgram | Info ] : Inertia correction needed. 
│             Attempting correction by adding diagonal matrix with positive values for the Jacobian of the stationary equations
└             and negative values for the Jacobian of the constraints.
┌ DiffOpt.NonLinearProgram | Info ] : Inertia correction needed. 
│             Attempting correction by adding diagonal matrix with positive values for the Jacobian of the stationary equations
└             and negative values for the Jacobian of the constraints.
┌ DiffOpt.NonLinearProgram | Info ] : Inertia correction needed. 
│             Attempting correction by adding diagonal matrix with positive values for the Jacobian of the stationary equations
└             and negative values for the Jacobian of the constraints.
┌ DiffOpt.NonLinearProgram | Info ] : Inertia correction needed. 
│             Attempting correction by adding diagonal matrix with positive values for the Jacobian of the stationary equations
└             and negative values for the Jacobian of the constraints.
┌ DiffOpt.NonLinearProgram | Info ] : Inertia correction needed. 
│             Attempting correction by adding diagonal matrix with positive values for the Jacobian of the stationary equations
└             and negative values for the Jacobian of the constraints.
┌ DiffOpt.NonLinearProgram | Info ] : Inertia correction needed. 
│             Attempting correction by adding diagonal matrix with positive values for the Jacobian of the stationary equations
└             and negative values for the Jacobian of the constraints.
┌ DiffOpt.NonLinearProgram | Info ] : Inertia correction needed. 
│             Attempting correction by adding diagonal matrix with positive values for the Jacobian of the stationary equations
└             and negative values for the Jacobian of the constraints.
┌ DiffOpt.NonLinearProgram | Info ] : Inertia correction needed. 
│             Attempting correction by adding diagonal matrix with positive values for the Jacobian of the stationary equations
└             and negative values for the Jacobian of the constraints.
┌ DiffOpt.NonLinearProgram | Info ] : Inertia correction needed. 
│             Attempting correction by adding diagonal matrix with positive values for the Jacobian of the stationary equations
└             and negative values for the Jacobian of the constraints.
┌ DiffOpt.NonLinearProgram | Info ] : Inertia correction needed. 
│             Attempting correction by adding diagonal matrix with positive values for the Jacobian of the stationary equations
└             and negative values for the Jacobian of the constraints.
┌ DiffOpt.NonLinearProgram | Info ] : Inertia correction needed. 
│             Attempting correction by adding diagonal matrix with positive values for the Jacobian of the stationary equations
└             and negative values for the Jacobian of the constraints.
┌ DiffOpt.NonLinearProgram | Info ] : Inertia correction needed. 
│             Attempting correction by adding diagonal matrix with positive values for the Jacobian of the stationary equations
└             and negative values for the Jacobian of the constraints.
┌ DiffOpt.NonLinearProgram | Info ] : Inertia correction needed. 
│             Attempting correction by adding diagonal matrix with positive values for the Jacobian of the stationary equations
└             and negative values for the Jacobian of the constraints.
┌ DiffOpt.NonLinearProgram | Info ] : Inertia correction needed. 
│             Attempting correction by adding diagonal matrix with positive values for the Jacobian of the stationary equations
└             and negative values for the Jacobian of the constraints.
┌ DiffOpt.NonLinearProgram | Info ] : Inertia correction needed. 
│             Attempting correction by adding diagonal matrix with positive values for the Jacobian of the stationary equations
└             and negative values for the Jacobian of the constraints.
┌ DiffOpt.NonLinearProgram | Info ] : Inertia correction needed. 
│             Attempting correction by adding diagonal matrix with positive values for the Jacobian of the stationary equations
└             and negative values for the Jacobian of the constraints.
┌ DiffOpt.NonLinearProgram | Info ] : Inertia correction needed. 
│             Attempting correction by adding diagonal matrix with positive values for the Jacobian of the stationary equations
└             and negative values for the Jacobian of the constraints.
┌ DiffOpt.NonLinearProgram | Info ] : Inertia correction needed. 
│             Attempting correction by adding diagonal matrix with positive values for the Jacobian of the stationary equations
└             and negative values for the Jacobian of the constraints.
┌ DiffOpt.NonLinearProgram | Info ] : Inertia correction needed. 
│             Attempting correction by adding diagonal matrix with positive values for the Jacobian of the stationary equations
└             and negative values for the Jacobian of the constraints.
┌ DiffOpt.NonLinearProgram | Info ] : Inertia correction needed. 
│             Attempting correction by adding diagonal matrix with positive values for the Jacobian of the stationary equations
└             and negative values for the Jacobian of the constraints.
┌ DiffOpt.NonLinearProgram | Info ] : Inertia correction needed. 
│             Attempting correction by adding diagonal matrix with positive values for the Jacobian of the stationary equations
└             and negative values for the Jacobian of the constraints.
┌ DiffOpt.NonLinearProgram | Info ] : Inertia correction needed. 
│             Attempting correction by adding diagonal matrix with positive values for the Jacobian of the stationary equations
└             and negative values for the Jacobian of the constraints.
┌ DiffOpt.NonLinearProgram | Info ] : Inertia correction needed. 
│             Attempting correction by adding diagonal matrix with positive values for the Jacobian of the stationary equations
└             and negative values for the Jacobian of the constraints.
┌ DiffOpt.NonLinearProgram | Info ] : Inertia correction needed. 
│             Attempting correction by adding diagonal matrix with positive values for the Jacobian of the stationary equations
└             and negative values for the Jacobian of the constraints.
┌ DiffOpt.NonLinearProgram | Info ] : Inertia correction needed. 
│             Attempting correction by adding diagonal matrix with positive values for the Jacobian of the stationary equations
└             and negative values for the Jacobian of the constraints.
┌ DiffOpt.NonLinearProgram | Info ] : Inertia correction needed. 
│             Attempting correction by adding diagonal matrix with positive values for the Jacobian of the stationary equations
└             and negative values for the Jacobian of the constraints.
┌ DiffOpt.NonLinearProgram | Info ] : Inertia correction needed. 
│             Attempting correction by adding diagonal matrix with positive values for the Jacobian of the stationary equations
└             and negative values for the Jacobian of the constraints.
┌ DiffOpt.NonLinearProgram | Info ] : Inertia correction needed. 
│             Attempting correction by adding diagonal matrix with positive values for the Jacobian of the stationary equations
└             and negative values for the Jacobian of the constraints.
┌ DiffOpt.NonLinearProgram | Info ] : Inertia correction needed. 
│             Attempting correction by adding diagonal matrix with positive values for the Jacobian of the stationary equations
└             and negative values for the Jacobian of the constraints.
┌ DiffOpt.NonLinearProgram | Info ] : Inertia correction needed. 
│             Attempting correction by adding diagonal matrix with positive values for the Jacobian of the stationary equations
└             and negative values for the Jacobian of the constraints.
┌ DiffOpt.NonLinearProgram | Info ] : Inertia correction needed. 
│             Attempting correction by adding diagonal matrix with positive values for the Jacobian of the stationary equations
└             and negative values for the Jacobian of the constraints.
┌ DiffOpt.NonLinearProgram | Info ] : Inertia correction needed. 
│             Attempting correction by adding diagonal matrix with positive values for the Jacobian of the stationary equations
└             and negative values for the Jacobian of the constraints.
┌ DiffOpt.NonLinearProgram | Info ] : Inertia correction needed. 
│             Attempting correction by adding diagonal matrix with positive values for the Jacobian of the stationary equations
└             and negative values for the Jacobian of the constraints.
┌ DiffOpt.NonLinearProgram | Info ] : Inertia correction needed. 
│             Attempting correction by adding diagonal matrix with positive values for the Jacobian of the stationary equations
└             and negative values for the Jacobian of the constraints.
┌ DiffOpt.NonLinearProgram | Info ] : Inertia correction needed. 
│             Attempting correction by adding diagonal matrix with positive values for the Jacobian of the stationary equations
└             and negative values for the Jacobian of the constraints.
┌ DiffOpt.NonLinearProgram | Info ] : Inertia correction needed. 
│             Attempting correction by adding diagonal matrix with positive values for the Jacobian of the stationary equations
└             and negative values for the Jacobian of the constraints.
┌ DiffOpt.NonLinearProgram | Info ] : Inertia correction needed. 
│             Attempting correction by adding diagonal matrix with positive values for the Jacobian of the stationary equations
└             and negative values for the Jacobian of the constraints.
┌ DiffOpt.NonLinearProgram | Info ] : Inertia correction needed. 
│             Attempting correction by adding diagonal matrix with positive values for the Jacobian of the stationary equations
└             and negative values for the Jacobian of the constraints.
┌ DiffOpt.NonLinearProgram | Info ] : Inertia correction needed. 
│             Attempting correction by adding diagonal matrix with positive values for the Jacobian of the stationary equations
└             and negative values for the Jacobian of the constraints.
┌ DiffOpt.NonLinearProgram | Info ] : Inertia correction needed. 
│             Attempting correction by adding diagonal matrix with positive values for the Jacobian of the stationary equations
└             and negative values for the Jacobian of the constraints.
┌ DiffOpt.NonLinearProgram | Info ] : Inertia correction needed. 
│             Attempting correction by adding diagonal matrix with positive values for the Jacobian of the stationary equations
└             and negative values for the Jacobian of the constraints.
┌ DiffOpt.NonLinearProgram | Info ] : Inertia correction needed. 
│             Attempting correction by adding diagonal matrix with positive values for the Jacobian of the stationary equations
└             and negative values for the Jacobian of the constraints.
┌ DiffOpt.NonLinearProgram | Info ] : Inertia correction needed. 
│             Attempting correction by adding diagonal matrix with positive values for the Jacobian of the stationary equations
└             and negative values for the Jacobian of the constraints.
┌ DiffOpt.NonLinearProgram | Info ] : Inertia correction needed. 
│             Attempting correction by adding diagonal matrix with positive values for the Jacobian of the stationary equations
└             and negative values for the Jacobian of the constraints.
┌ DiffOpt.NonLinearProgram | Info ] : Inertia correction needed. 
│             Attempting correction by adding diagonal matrix with positive values for the Jacobian of the stationary equations
└             and negative values for the Jacobian of the constraints.
┌ DiffOpt.NonLinearProgram | Info ] : Inertia correction needed. 
│             Attempting correction by adding diagonal matrix with positive values for the Jacobian of the stationary equations
└             and negative values for the Jacobian of the constraints.
┌ DiffOpt.NonLinearProgram | Info ] : Inertia correction needed. 
│             Attempting correction by adding diagonal matrix with positive values for the Jacobian of the stationary equations
└             and negative values for the Jacobian of the constraints.
┌ DiffOpt.NonLinearProgram | Info ] : Inertia correction needed. 
│             Attempting correction by adding diagonal matrix with positive values for the Jacobian of the stationary equations
└             and negative values for the Jacobian of the constraints.
┌ DiffOpt.NonLinearProgram | Info ] : Inertia correction needed. 
│             Attempting correction by adding diagonal matrix with positive values for the Jacobian of the stationary equations
└             and negative values for the Jacobian of the constraints.
┌ DiffOpt.NonLinearProgram | Info ] : Inertia correction needed. 
│             Attempting correction by adding diagonal matrix with positive values for the Jacobian of the stationary equations
└             and negative values for the Jacobian of the constraints.
┌ DiffOpt.NonLinearProgram | Info ] : Inertia correction needed. 
│             Attempting correction by adding diagonal matrix with positive values for the Jacobian of the stationary equations
└             and negative values for the Jacobian of the constraints.
┌ DiffOpt.NonLinearProgram | Info ] : Inertia correction needed. 
│             Attempting correction by adding diagonal matrix with positive values for the Jacobian of the stationary equations
└             and negative values for the Jacobian of the constraints.
[ Main | Info ] : [Gini agg formal CC] Jacobian is block-diagonal (max off-block-diag = 0.0)
[ Main | Info ] : [Gini agg formal CC] T=8, N=9, m=72 (cost-weighted aggregate sort, single σ unbounded above, 81 binaries)
[ Main | Info ] : [Gini agg formal CC] Solver status: OPTIMAL (solve_time=26.67s)
[ Main | Info ] : [gini/absolute] iter 3 upper-level status = OPTIMAL
[ Main | Info ] : [gini/absolute] iter 3 timings: int=0.0s lower=54.1s (primal=12.7s jac=41.2s) upper=26.7s total=80.8s
[ FairLoadDelivery | Info ] : Iteration 4: Solving multiperiod lower-level MLD with 72 per-period weights
┌ DiffOpt.NonLinearProgram | Info ] : Inertia correction needed. 
│             Attempting correction by adding diagonal matrix with positive values for the Jacobian of the stationary equations
└             and negative values for the Jacobian of the constraints.
┌ DiffOpt.NonLinearProgram | Info ] : Inertia correction needed. 
│             Attempting correction by adding diagonal matrix with positive values for the Jacobian of the stationary equations
└             and negative values for the Jacobian of the constraints.
┌ DiffOpt.NonLinearProgram | Info ] : Inertia correction needed. 
│             Attempting correction by adding diagonal matrix with positive values for the Jacobian of the stationary equations
└             and negative values for the Jacobian of the constraints.
┌ DiffOpt.NonLinearProgram | Info ] : Inertia correction needed. 
│             Attempting correction by adding diagonal matrix with positive values for the Jacobian of the stationary equations
└             and negative values for the Jacobian of the constraints.
┌ DiffOpt.NonLinearProgram | Info ] : Inertia correction needed. 
│             Attempting correction by adding diagonal matrix with positive values for the Jacobian of the stationary equations
└             and negative values for the Jacobian of the constraints.
┌ DiffOpt.NonLinearProgram | Info ] : Inertia correction needed. 
│             Attempting correction by adding diagonal matrix with positive values for the Jacobian of the stationary equations
└             and negative values for the Jacobian of the constraints.
Set parameter Username
Set parameter LicenseID to value 2813843
Academic license - for non-commercial use only - expires 2027-04-27
┌ DiffOpt.NonLinearProgram | Info ] : Inertia correction needed. 
│             Attempting correction by adding diagonal matrix with positive values for the Jacobian of the stationary equations
└             and negative values for the Jacobian of the constraints.
┌ DiffOpt.NonLinearProgram | Info ] : Inertia correction needed. 
│             Attempting correction by adding diagonal matrix with positive values for the Jacobian of the stationary equations
└             and negative values for the Jacobian of the constraints.
┌ DiffOpt.NonLinearProgram | Info ] : Inertia correction needed. 
│             Attempting correction by adding diagonal matrix with positive values for the Jacobian of the stationary equations
└             and negative values for the Jacobian of the constraints.
┌ DiffOpt.NonLinearProgram | Info ] : Inertia correction needed. 
│             Attempting correction by adding diagonal matrix with positive values for the Jacobian of the stationary equations
└             and negative values for the Jacobian of the constraints.
┌ DiffOpt.NonLinearProgram | Info ] : Inertia correction needed. 
│             Attempting correction by adding diagonal matrix with positive values for the Jacobian of the stationary equations
└             and negative values for the Jacobian of the constraints.
┌ DiffOpt.NonLinearProgram | Info ] : Inertia correction needed. 
│             Attempting correction by adding diagonal matrix with positive values for the Jacobian of the stationary equations
└             and negative values for the Jacobian of the constraints.
┌ DiffOpt.NonLinearProgram | Info ] : Inertia correction needed. 
│             Attempting correction by adding diagonal matrix with positive values for the Jacobian of the stationary equations
└             and negative values for the Jacobian of the constraints.
┌ DiffOpt.NonLinearProgram | Info ] : Inertia correction needed. 
│             Attempting correction by adding diagonal matrix with positive values for the Jacobian of the stationary equations
└             and negative values for the Jacobian of the constraints.
┌ DiffOpt.NonLinearProgram | Info ] : Inertia correction needed. 
│             Attempting correction by adding diagonal matrix with positive values for the Jacobian of the stationary equations
└             and negative values for the Jacobian of the constraints.
┌ DiffOpt.NonLinearProgram | Info ] : Inertia correction needed. 
│             Attempting correction by adding diagonal matrix with positive values for the Jacobian of the stationary equations
└             and negative values for the Jacobian of the constraints.
┌ DiffOpt.NonLinearProgram | Info ] : Inertia correction needed. 
│             Attempting correction by adding diagonal matrix with positive values for the Jacobian of the stationary equations
└             and negative values for the Jacobian of the constraints.
┌ DiffOpt.NonLinearProgram | Info ] : Inertia correction needed. 
│             Attempting correction by adding diagonal matrix with positive values for the Jacobian of the stationary equations
└             and negative values for the Jacobian of the constraints.
┌ DiffOpt.NonLinearProgram | Info ] : Inertia correction needed. 
│             Attempting correction by adding diagonal matrix with positive values for the Jacobian of the stationary equations
└             and negative values for the Jacobian of the constraints.
┌ DiffOpt.NonLinearProgram | Info ] : Inertia correction needed. 
│             Attempting correction by adding diagonal matrix with positive values for the Jacobian of the stationary equations
└             and negative values for the Jacobian of the constraints.
┌ DiffOpt.NonLinearProgram | Info ] : Inertia correction needed. 
│             Attempting correction by adding diagonal matrix with positive values for the Jacobian of the stationary equations
└             and negative values for the Jacobian of the constraints.
┌ DiffOpt.NonLinearProgram | Info ] : Inertia correction needed. 
│             Attempting correction by adding diagonal matrix with positive values for the Jacobian of the stationary equations
└             and negative values for the Jacobian of the constraints.
┌ DiffOpt.NonLinearProgram | Info ] : Inertia correction needed. 
│             Attempting correction by adding diagonal matrix with positive values for the Jacobian of the stationary equations
└             and negative values for the Jacobian of the constraints.
┌ DiffOpt.NonLinearProgram | Info ] : Inertia correction needed. 
│             Attempting correction by adding diagonal matrix with positive values for the Jacobian of the stationary equations
└             and negative values for the Jacobian of the constraints.
┌ DiffOpt.NonLinearProgram | Info ] : Inertia correction needed. 
│             Attempting correction by adding diagonal matrix with positive values for the Jacobian of the stationary equations
└             and negative values for the Jacobian of the constraints.
┌ DiffOpt.NonLinearProgram | Info ] : Inertia correction needed. 
│             Attempting correction by adding diagonal matrix with positive values for the Jacobian of the stationary equations
└             and negative values for the Jacobian of the constraints.
┌ DiffOpt.NonLinearProgram | Info ] : Inertia correction needed. 
│             Attempting correction by adding diagonal matrix with positive values for the Jacobian of the stationary equations
└             and negative values for the Jacobian of the constraints.
┌ DiffOpt.NonLinearProgram | Info ] : Inertia correction needed. 
│             Attempting correction by adding diagonal matrix with positive values for the Jacobian of the stationary equations
└             and negative values for the Jacobian of the constraints.
┌ DiffOpt.NonLinearProgram | Info ] : Inertia correction needed. 
│             Attempting correction by adding diagonal matrix with positive values for the Jacobian of the stationary equations
└             and negative values for the Jacobian of the constraints.
┌ DiffOpt.NonLinearProgram | Info ] : Inertia correction needed. 
│             Attempting correction by adding diagonal matrix with positive values for the Jacobian of the stationary equations
└             and negative values for the Jacobian of the constraints.
┌ DiffOpt.NonLinearProgram | Info ] : Inertia correction needed. 
│             Attempting correction by adding diagonal matrix with positive values for the Jacobian of the stationary equations
└             and negative values for the Jacobian of the constraints.
┌ DiffOpt.NonLinearProgram | Info ] : Inertia correction needed. 
│             Attempting correction by adding diagonal matrix with positive values for the Jacobian of the stationary equations
└             and negative values for the Jacobian of the constraints.
┌ DiffOpt.NonLinearProgram | Info ] : Inertia correction needed. 
│             Attempting correction by adding diagonal matrix with positive values for the Jacobian of the stationary equations
└             and negative values for the Jacobian of the constraints.
┌ DiffOpt.NonLinearProgram | Info ] : Inertia correction needed. 
│             Attempting correction by adding diagonal matrix with positive values for the Jacobian of the stationary equations
└             and negative values for the Jacobian of the constraints.
┌ DiffOpt.NonLinearProgram | Info ] : Inertia correction needed. 
│             Attempting correction by adding diagonal matrix with positive values for the Jacobian of the stationary equations
└             and negative values for the Jacobian of the constraints.
┌ DiffOpt.NonLinearProgram | Info ] : Inertia correction needed. 
│             Attempting correction by adding diagonal matrix with positive values for the Jacobian of the stationary equations
└             and negative values for the Jacobian of the constraints.
┌ DiffOpt.NonLinearProgram | Info ] : Inertia correction needed. 
│             Attempting correction by adding diagonal matrix with positive values for the Jacobian of the stationary equations
└             and negative values for the Jacobian of the constraints.
┌ DiffOpt.NonLinearProgram | Info ] : Inertia correction needed. 
│             Attempting correction by adding diagonal matrix with positive values for the Jacobian of the stationary equations
└             and negative values for the Jacobian of the constraints.
┌ DiffOpt.NonLinearProgram | Info ] : Inertia correction needed. 
│             Attempting correction by adding diagonal matrix with positive values for the Jacobian of the stationary equations
└             and negative values for the Jacobian of the constraints.
┌ DiffOpt.NonLinearProgram | Info ] : Inertia correction needed. 
│             Attempting correction by adding diagonal matrix with positive values for the Jacobian of the stationary equations
└             and negative values for the Jacobian of the constraints.
┌ DiffOpt.NonLinearProgram | Info ] : Inertia correction needed. 
│             Attempting correction by adding diagonal matrix with positive values for the Jacobian of the stationary equations
└             and negative values for the Jacobian of the constraints.
┌ DiffOpt.NonLinearProgram | Info ] : Inertia correction needed. 
│             Attempting correction by adding diagonal matrix with positive values for the Jacobian of the stationary equations
└             and negative values for the Jacobian of the constraints.
┌ DiffOpt.NonLinearProgram | Info ] : Inertia correction needed. 
│             Attempting correction by adding diagonal matrix with positive values for the Jacobian of the stationary equations
└             and negative values for the Jacobian of the constraints.
┌ DiffOpt.NonLinearProgram | Info ] : Inertia correction needed. 
│             Attempting correction by adding diagonal matrix with positive values for the Jacobian of the stationary equations
└             and negative values for the Jacobian of the constraints.
┌ DiffOpt.NonLinearProgram | Info ] : Inertia correction needed. 
│             Attempting correction by adding diagonal matrix with positive values for the Jacobian of the stationary equations
└             and negative values for the Jacobian of the constraints.
┌ DiffOpt.NonLinearProgram | Info ] : Inertia correction needed. 
│             Attempting correction by adding diagonal matrix with positive values for the Jacobian of the stationary equations
└             and negative values for the Jacobian of the constraints.
┌ DiffOpt.NonLinearProgram | Info ] : Inertia correction needed. 
│             Attempting correction by adding diagonal matrix with positive values for the Jacobian of the stationary equations
└             and negative values for the Jacobian of the constraints.
┌ DiffOpt.NonLinearProgram | Info ] : Inertia correction needed. 
│             Attempting correction by adding diagonal matrix with positive values for the Jacobian of the stationary equations
└             and negative values for the Jacobian of the constraints.
┌ DiffOpt.NonLinearProgram | Info ] : Inertia correction needed. 
│             Attempting correction by adding diagonal matrix with positive values for the Jacobian of the stationary equations
└             and negative values for the Jacobian of the constraints.
┌ DiffOpt.NonLinearProgram | Info ] : Inertia correction needed. 
│             Attempting correction by adding diagonal matrix with positive values for the Jacobian of the stationary equations
└             and negative values for the Jacobian of the constraints.
┌ DiffOpt.NonLinearProgram | Info ] : Inertia correction needed. 
│             Attempting correction by adding diagonal matrix with positive values for the Jacobian of the stationary equations
└             and negative values for the Jacobian of the constraints.
┌ DiffOpt.NonLinearProgram | Info ] : Inertia correction needed. 
│             Attempting correction by adding diagonal matrix with positive values for the Jacobian of the stationary equations
└             and negative values for the Jacobian of the constraints.
┌ DiffOpt.NonLinearProgram | Info ] : Inertia correction needed. 
│             Attempting correction by adding diagonal matrix with positive values for the Jacobian of the stationary equations
└             and negative values for the Jacobian of the constraints.
┌ DiffOpt.NonLinearProgram | Info ] : Inertia correction needed. 
│             Attempting correction by adding diagonal matrix with positive values for the Jacobian of the stationary equations
└             and negative values for the Jacobian of the constraints.
┌ DiffOpt.NonLinearProgram | Info ] : Inertia correction needed. 
│             Attempting correction by adding diagonal matrix with positive values for the Jacobian of the stationary equations
└             and negative values for the Jacobian of the constraints.
┌ DiffOpt.NonLinearProgram | Info ] : Inertia correction needed. 
│             Attempting correction by adding diagonal matrix with positive values for the Jacobian of the stationary equations
└             and negative values for the Jacobian of the constraints.
┌ DiffOpt.NonLinearProgram | Info ] : Inertia correction needed. 
│             Attempting correction by adding diagonal matrix with positive values for the Jacobian of the stationary equations
└             and negative values for the Jacobian of the constraints.
┌ DiffOpt.NonLinearProgram | Info ] : Inertia correction needed. 
│             Attempting correction by adding diagonal matrix with positive values for the Jacobian of the stationary equations
└             and negative values for the Jacobian of the constraints.
┌ DiffOpt.NonLinearProgram | Info ] : Inertia correction needed. 
│             Attempting correction by adding diagonal matrix with positive values for the Jacobian of the stationary equations
└             and negative values for the Jacobian of the constraints.
┌ DiffOpt.NonLinearProgram | Info ] : Inertia correction needed. 
│             Attempting correction by adding diagonal matrix with positive values for the Jacobian of the stationary equations
└             and negative values for the Jacobian of the constraints.
┌ DiffOpt.NonLinearProgram | Info ] : Inertia correction needed. 
│             Attempting correction by adding diagonal matrix with positive values for the Jacobian of the stationary equations
└             and negative values for the Jacobian of the constraints.
┌ DiffOpt.NonLinearProgram | Info ] : Inertia correction needed. 
│             Attempting correction by adding diagonal matrix with positive values for the Jacobian of the stationary equations
└             and negative values for the Jacobian of the constraints.
┌ DiffOpt.NonLinearProgram | Info ] : Inertia correction needed. 
│             Attempting correction by adding diagonal matrix with positive values for the Jacobian of the stationary equations
└             and negative values for the Jacobian of the constraints.
┌ DiffOpt.NonLinearProgram | Info ] : Inertia correction needed. 
│             Attempting correction by adding diagonal matrix with positive values for the Jacobian of the stationary equations
└             and negative values for the Jacobian of the constraints.
┌ DiffOpt.NonLinearProgram | Info ] : Inertia correction needed. 
│             Attempting correction by adding diagonal matrix with positive values for the Jacobian of the stationary equations
└             and negative values for the Jacobian of the constraints.
┌ DiffOpt.NonLinearProgram | Info ] : Inertia correction needed. 
│             Attempting correction by adding diagonal matrix with positive values for the Jacobian of the stationary equations
└             and negative values for the Jacobian of the constraints.
┌ DiffOpt.NonLinearProgram | Info ] : Inertia correction needed. 
│             Attempting correction by adding diagonal matrix with positive values for the Jacobian of the stationary equations
└             and negative values for the Jacobian of the constraints.
┌ DiffOpt.NonLinearProgram | Info ] : Inertia correction needed. 
│             Attempting correction by adding diagonal matrix with positive values for the Jacobian of the stationary equations
└             and negative values for the Jacobian of the constraints.
┌ DiffOpt.NonLinearProgram | Info ] : Inertia correction needed. 
│             Attempting correction by adding diagonal matrix with positive values for the Jacobian of the stationary equations
└             and negative values for the Jacobian of the constraints.
┌ DiffOpt.NonLinearProgram | Info ] : Inertia correction needed. 
│             Attempting correction by adding diagonal matrix with positive values for the Jacobian of the stationary equations
└             and negative values for the Jacobian of the constraints.
┌ DiffOpt.NonLinearProgram | Info ] : Inertia correction needed. 
│             Attempting correction by adding diagonal matrix with positive values for the Jacobian of the stationary equations
└             and negative values for the Jacobian of the constraints.
┌ DiffOpt.NonLinearProgram | Info ] : Inertia correction needed. 
│             Attempting correction by adding diagonal matrix with positive values for the Jacobian of the stationary equations
└             and negative values for the Jacobian of the constraints.
[ Main | Info ] : [Gini agg formal CC] Jacobian is block-diagonal (max off-block-diag = 0.0)
[ Main | Info ] : [Gini agg formal CC] T=8, N=9, m=72 (cost-weighted aggregate sort, single σ unbounded above, 81 binaries)
[ Main | Info ] : [Gini agg formal CC] Solver status: OPTIMAL (solve_time=31.26s)
[ Main | Info ] : [gini/absolute] iter 4 upper-level status = OPTIMAL
[ Main | Info ] : [gini/absolute] iter 4 timings: int=0.0s lower=52.3s (primal=11.7s jac=40.4s) upper=31.3s total=83.5s
[ FairLoadDelivery | Info ] : Iteration 5: Solving multiperiod lower-level MLD with 72 per-period weights
┌ DiffOpt.NonLinearProgram | Info ] : Inertia correction needed. 
│             Attempting correction by adding diagonal matrix with positive values for the Jacobian of the stationary equations
└             and negative values for the Jacobian of the constraints.
┌ DiffOpt.NonLinearProgram | Info ] : Inertia correction needed. 
│             Attempting correction by adding diagonal matrix with positive values for the Jacobian of the stationary equations
└             and negative values for the Jacobian of the constraints.
┌ DiffOpt.NonLinearProgram | Info ] : Inertia correction needed. 
│             Attempting correction by adding diagonal matrix with positive values for the Jacobian of the stationary equations
└             and negative values for the Jacobian of the constraints.
┌ DiffOpt.NonLinearProgram | Info ] : Inertia correction needed. 
│             Attempting correction by adding diagonal matrix with positive values for the Jacobian of the stationary equations
└             and negative values for the Jacobian of the constraints.
┌ DiffOpt.NonLinearProgram | Info ] : Inertia correction needed. 
│             Attempting correction by adding diagonal matrix with positive values for the Jacobian of the stationary equations
└             and negative values for the Jacobian of the constraints.
┌ DiffOpt.NonLinearProgram | Info ] : Inertia correction needed. 
│             Attempting correction by adding diagonal matrix with positive values for the Jacobian of the stationary equations
└             and negative values for the Jacobian of the constraints.
┌ DiffOpt.NonLinearProgram | Info ] : Inertia correction needed. 
│             Attempting correction by adding diagonal matrix with positive values for the Jacobian of the stationary equations
└             and negative values for the Jacobian of the constraints.
┌ DiffOpt.NonLinearProgram | Info ] : Inertia correction needed. 
│             Attempting correction by adding diagonal matrix with positive values for the Jacobian of the stationary equations
└             and negative values for the Jacobian of the constraints.
┌ DiffOpt.NonLinearProgram | Info ] : Inertia correction needed. 
│             Attempting correction by adding diagonal matrix with positive values for the Jacobian of the stationary equations
└             and negative values for the Jacobian of the constraints.
┌ DiffOpt.NonLinearProgram | Info ] : Inertia correction needed. 
│             Attempting correction by adding diagonal matrix with positive values for the Jacobian of the stationary equations
└             and negative values for the Jacobian of the constraints.
┌ DiffOpt.NonLinearProgram | Info ] : Inertia correction needed. 
│             Attempting correction by adding diagonal matrix with positive values for the Jacobian of the stationary equations
└             and negative values for the Jacobian of the constraints.
┌ DiffOpt.NonLinearProgram | Info ] : Inertia correction needed. 
│             Attempting correction by adding diagonal matrix with positive values for the Jacobian of the stationary equations
└             and negative values for the Jacobian of the constraints.
┌ DiffOpt.NonLinearProgram | Info ] : Inertia correction needed. 
│             Attempting correction by adding diagonal matrix with positive values for the Jacobian of the stationary equations
└             and negative values for the Jacobian of the constraints.
┌ DiffOpt.NonLinearProgram | Info ] : Inertia correction needed. 
│             Attempting correction by adding diagonal matrix with positive values for the Jacobian of the stationary equations
└             and negative values for the Jacobian of the constraints.
┌ DiffOpt.NonLinearProgram | Info ] : Inertia correction needed. 
│             Attempting correction by adding diagonal matrix with positive values for the Jacobian of the stationary equations
└             and negative values for the Jacobian of the constraints.
┌ DiffOpt.NonLinearProgram | Info ] : Inertia correction needed. 
│             Attempting correction by adding diagonal matrix with positive values for the Jacobian of the stationary equations
└             and negative values for the Jacobian of the constraints.
┌ DiffOpt.NonLinearProgram | Info ] : Inertia correction needed. 
│             Attempting correction by adding diagonal matrix with positive values for the Jacobian of the stationary equations
└             and negative values for the Jacobian of the constraints.
┌ DiffOpt.NonLinearProgram | Info ] : Inertia correction needed. 
│             Attempting correction by adding diagonal matrix with positive values for the Jacobian of the stationary equations
└             and negative values for the Jacobian of the constraints.
┌ DiffOpt.NonLinearProgram | Info ] : Inertia correction needed. 
│             Attempting correction by adding diagonal matrix with positive values for the Jacobian of the stationary equations
└             and negative values for the Jacobian of the constraints.
┌ DiffOpt.NonLinearProgram | Info ] : Inertia correction needed. 
│             Attempting correction by adding diagonal matrix with positive values for the Jacobian of the stationary equations
└             and negative values for the Jacobian of the constraints.
┌ DiffOpt.NonLinearProgram | Info ] : Inertia correction needed. 
│             Attempting correction by adding diagonal matrix with positive values for the Jacobian of the stationary equations
└             and negative values for the Jacobian of the constraints.
┌ DiffOpt.NonLinearProgram | Info ] : Inertia correction needed. 
│             Attempting correction by adding diagonal matrix with positive values for the Jacobian of the stationary equations
└             and negative values for the Jacobian of the constraints.
┌ DiffOpt.NonLinearProgram | Info ] : Inertia correction needed. 
│             Attempting correction by adding diagonal matrix with positive values for the Jacobian of the stationary equations
└             and negative values for the Jacobian of the constraints.
┌ DiffOpt.NonLinearProgram | Info ] : Inertia correction needed. 
│             Attempting correction by adding diagonal matrix with positive values for the Jacobian of the stationary equations
└             and negative values for the Jacobian of the constraints.
┌ DiffOpt.NonLinearProgram | Info ] : Inertia correction needed. 
│             Attempting correction by adding diagonal matrix with positive values for the Jacobian of the stationary equations
└             and negative values for the Jacobian of the constraints.
┌ DiffOpt.NonLinearProgram | Info ] : Inertia correction needed. 
│             Attempting correction by adding diagonal matrix with positive values for the Jacobian of the stationary equations
└             and negative values for the Jacobian of the constraints.
┌ DiffOpt.NonLinearProgram | Info ] : Inertia correction needed. 
│             Attempting correction by adding diagonal matrix with positive values for the Jacobian of the stationary equations
└             and negative values for the Jacobian of the constraints.
┌ DiffOpt.NonLinearProgram | Info ] : Inertia correction needed. 
│             Attempting correction by adding diagonal matrix with positive values for the Jacobian of the stationary equations
└             and negative values for the Jacobian of the constraints.
┌ DiffOpt.NonLinearProgram | Info ] : Inertia correction needed. 
│             Attempting correction by adding diagonal matrix with positive values for the Jacobian of the stationary equations
└             and negative values for the Jacobian of the constraints.
┌ DiffOpt.NonLinearProgram | Info ] : Inertia correction needed. 
│             Attempting correction by adding diagonal matrix with positive values for the Jacobian of the stationary equations
└             and negative values for the Jacobian of the constraints.
┌ DiffOpt.NonLinearProgram | Info ] : Inertia correction needed. 
│             Attempting correction by adding diagonal matrix with positive values for the Jacobian of the stationary equations
└             and negative values for the Jacobian of the constraints.
┌ DiffOpt.NonLinearProgram | Info ] : Inertia correction needed. 
│             Attempting correction by adding diagonal matrix with positive values for the Jacobian of the stationary equations
└             and negative values for the Jacobian of the constraints.
┌ DiffOpt.NonLinearProgram | Info ] : Inertia correction needed. 
│             Attempting correction by adding diagonal matrix with positive values for the Jacobian of the stationary equations
└             and negative values for the Jacobian of the constraints.
┌ DiffOpt.NonLinearProgram | Info ] : Inertia correction needed. 
│             Attempting correction by adding diagonal matrix with positive values for the Jacobian of the stationary equations
└             and negative values for the Jacobian of the constraints.
┌ DiffOpt.NonLinearProgram | Info ] : Inertia correction needed. 
│             Attempting correction by adding diagonal matrix with positive values for the Jacobian of the stationary equations
└             and negative values for the Jacobian of the constraints.
┌ DiffOpt.NonLinearProgram | Info ] : Inertia correction needed. 
│             Attempting correction by adding diagonal matrix with positive values for the Jacobian of the stationary equations
└             and negative values for the Jacobian of the constraints.
┌ DiffOpt.NonLinearProgram | Info ] : Inertia correction needed. 
│             Attempting correction by adding diagonal matrix with positive values for the Jacobian of the stationary equations
└             and negative values for the Jacobian of the constraints.
┌ DiffOpt.NonLinearProgram | Info ] : Inertia correction needed. 
│             Attempting correction by adding diagonal matrix with positive values for the Jacobian of the stationary equations
└             and negative values for the Jacobian of the constraints.
┌ DiffOpt.NonLinearProgram | Info ] : Inertia correction needed. 
│             Attempting correction by adding diagonal matrix with positive values for the Jacobian of the stationary equations
└             and negative values for the Jacobian of the constraints.
┌ DiffOpt.NonLinearProgram | Info ] : Inertia correction needed. 
│             Attempting correction by adding diagonal matrix with positive values for the Jacobian of the stationary equations
└             and negative values for the Jacobian of the constraints.
┌ DiffOpt.NonLinearProgram | Info ] : Inertia correction needed. 
│             Attempting correction by adding diagonal matrix with positive values for the Jacobian of the stationary equations
└             and negative values for the Jacobian of the constraints.
┌ DiffOpt.NonLinearProgram | Info ] : Inertia correction needed. 
│             Attempting correction by adding diagonal matrix with positive values for the Jacobian of the stationary equations
└             and negative values for the Jacobian of the constraints.
┌ DiffOpt.NonLinearProgram | Info ] : Inertia correction needed. 
│             Attempting correction by adding diagonal matrix with positive values for the Jacobian of the stationary equations
└             and negative values for the Jacobian of the constraints.
┌ DiffOpt.NonLinearProgram | Info ] : Inertia correction needed. 
│             Attempting correction by adding diagonal matrix with positive values for the Jacobian of the stationary equations
└             and negative values for the Jacobian of the constraints.
┌ DiffOpt.NonLinearProgram | Info ] : Inertia correction needed. 
│             Attempting correction by adding diagonal matrix with positive values for the Jacobian of the stationary equations
└             and negative values for the Jacobian of the constraints.
┌ DiffOpt.NonLinearProgram | Info ] : Inertia correction needed. 
│             Attempting correction by adding diagonal matrix with positive values for the Jacobian of the stationary equations
└             and negative values for the Jacobian of the constraints.
┌ DiffOpt.NonLinearProgram | Info ] : Inertia correction needed. 
│             Attempting correction by adding diagonal matrix with positive values for the Jacobian of the stationary equations
└             and negative values for the Jacobian of the constraints.
┌ DiffOpt.NonLinearProgram | Info ] : Inertia correction needed. 
│             Attempting correction by adding diagonal matrix with positive values for the Jacobian of the stationary equations
└             and negative values for the Jacobian of the constraints.
┌ DiffOpt.NonLinearProgram | Info ] : Inertia correction needed. 
│             Attempting correction by adding diagonal matrix with positive values for the Jacobian of the stationary equations
└             and negative values for the Jacobian of the constraints.
┌ DiffOpt.NonLinearProgram | Info ] : Inertia correction needed. 
│             Attempting correction by adding diagonal matrix with positive values for the Jacobian of the stationary equations
└             and negative values for the Jacobian of the constraints.
┌ DiffOpt.NonLinearProgram | Info ] : Inertia correction needed. 
│             Attempting correction by adding diagonal matrix with positive values for the Jacobian of the stationary equations
└             and negative values for the Jacobian of the constraints.
┌ DiffOpt.NonLinearProgram | Info ] : Inertia correction needed. 
│             Attempting correction by adding diagonal matrix with positive values for the Jacobian of the stationary equations
└             and negative values for the Jacobian of the constraints.
Set parameter Username
Set parameter LicenseID to value 2813843
Academic license - for non-commercial use only - expires 2027-04-27
Set parameter Username
Set parameter LicenseID to value 2813843
Academic license - for non-commercial use only - expires 2027-04-27
┌ DiffOpt.NonLinearProgram | Info ] : Inertia correction needed. 
│             Attempting correction by adding diagonal matrix with positive values for the Jacobian of the stationary equations
└             and negative values for the Jacobian of the constraints.
┌ DiffOpt.NonLinearProgram | Info ] : Inertia correction needed. 
│             Attempting correction by adding diagonal matrix with positive values for the Jacobian of the stationary equations
└             and negative values for the Jacobian of the constraints.
┌ DiffOpt.NonLinearProgram | Info ] : Inertia correction needed. 
│             Attempting correction by adding diagonal matrix with positive values for the Jacobian of the stationary equations
└             and negative values for the Jacobian of the constraints.
┌ DiffOpt.NonLinearProgram | Info ] : Inertia correction needed. 
│             Attempting correction by adding diagonal matrix with positive values for the Jacobian of the stationary equations
└             and negative values for the Jacobian of the constraints.
┌ DiffOpt.NonLinearProgram | Info ] : Inertia correction needed. 
│             Attempting correction by adding diagonal matrix with positive values for the Jacobian of the stationary equations
└             and negative values for the Jacobian of the constraints.
┌ DiffOpt.NonLinearProgram | Info ] : Inertia correction needed. 
│             Attempting correction by adding diagonal matrix with positive values for the Jacobian of the stationary equations
└             and negative values for the Jacobian of the constraints.
┌ DiffOpt.NonLinearProgram | Info ] : Inertia correction needed. 
│             Attempting correction by adding diagonal matrix with positive values for the Jacobian of the stationary equations
└             and negative values for the Jacobian of the constraints.
┌ DiffOpt.NonLinearProgram | Info ] : Inertia correction needed. 
│             Attempting correction by adding diagonal matrix with positive values for the Jacobian of the stationary equations
└             and negative values for the Jacobian of the constraints.
┌ DiffOpt.NonLinearProgram | Info ] : Inertia correction needed. 
│             Attempting correction by adding diagonal matrix with positive values for the Jacobian of the stationary equations
└             and negative values for the Jacobian of the constraints.
┌ DiffOpt.NonLinearProgram | Info ] : Inertia correction needed. 
│             Attempting correction by adding diagonal matrix with positive values for the Jacobian of the stationary equations
└             and negative values for the Jacobian of the constraints.
┌ DiffOpt.NonLinearProgram | Info ] : Inertia correction needed. 
│             Attempting correction by adding diagonal matrix with positive values for the Jacobian of the stationary equations
└             and negative values for the Jacobian of the constraints.
┌ DiffOpt.NonLinearProgram | Info ] : Inertia correction needed. 
│             Attempting correction by adding diagonal matrix with positive values for the Jacobian of the stationary equations
└             and negative values for the Jacobian of the constraints.
┌ DiffOpt.NonLinearProgram | Info ] : Inertia correction needed. 
│             Attempting correction by adding diagonal matrix with positive values for the Jacobian of the stationary equations
└             and negative values for the Jacobian of the constraints.
┌ DiffOpt.NonLinearProgram | Info ] : Inertia correction needed. 
│             Attempting correction by adding diagonal matrix with positive values for the Jacobian of the stationary equations
└             and negative values for the Jacobian of the constraints.
┌ DiffOpt.NonLinearProgram | Info ] : Inertia correction needed. 
│             Attempting correction by adding diagonal matrix with positive values for the Jacobian of the stationary equations
└             and negative values for the Jacobian of the constraints.
┌ DiffOpt.NonLinearProgram | Info ] : Inertia correction needed. 
│             Attempting correction by adding diagonal matrix with positive values for the Jacobian of the stationary equations
└             and negative values for the Jacobian of the constraints.
┌ DiffOpt.NonLinearProgram | Info ] : Inertia correction needed. 
│             Attempting correction by adding diagonal matrix with positive values for the Jacobian of the stationary equations
└             and negative values for the Jacobian of the constraints.
┌ DiffOpt.NonLinearProgram | Info ] : Inertia correction needed. 
│             Attempting correction by adding diagonal matrix with positive values for the Jacobian of the stationary equations
└             and negative values for the Jacobian of the constraints.
┌ DiffOpt.NonLinearProgram | Info ] : Inertia correction needed. 
│             Attempting correction by adding diagonal matrix with positive values for the Jacobian of the stationary equations
└             and negative values for the Jacobian of the constraints.
┌ DiffOpt.NonLinearProgram | Info ] : Inertia correction needed. 
│             Attempting correction by adding diagonal matrix with positive values for the Jacobian of the stationary equations
└             and negative values for the Jacobian of the constraints.
[ Main | Info ] : [Gini agg formal CC] Jacobian is block-diagonal (max off-block-diag = 0.0)
[ Main | Info ] : [Gini agg formal CC] T=8, N=9, m=72 (cost-weighted aggregate sort, single σ unbounded above, 81 binaries)
[ Main | Info ] : [Gini agg formal CC] Solver status: OPTIMAL (solve_time=15.43s)
[ Main | Info ] : [gini/absolute] iter 5 upper-level status = OPTIMAL
[ Main | Info ] : [gini/absolute] iter 5 timings: int=0.0s lower=51.8s (primal=12.5s jac=39.1s) upper=15.5s total=67.2s
[ FairLoadDelivery | Info ] : Iteration 6: Solving multiperiod lower-level MLD with 72 per-period weights
┌ DiffOpt.NonLinearProgram | Info ] : Inertia correction needed. 
│             Attempting correction by adding diagonal matrix with positive values for the Jacobian of the stationary equations
└             and negative values for the Jacobian of the constraints.
┌ DiffOpt.NonLinearProgram | Info ] : Inertia correction needed. 
│             Attempting correction by adding diagonal matrix with positive values for the Jacobian of the stationary equations
└             and negative values for the Jacobian of the constraints.
┌ DiffOpt.NonLinearProgram | Info ] : Inertia correction needed. 
│             Attempting correction by adding diagonal matrix with positive values for the Jacobian of the stationary equations
└             and negative values for the Jacobian of the constraints.
┌ DiffOpt.NonLinearProgram | Info ] : Inertia correction needed. 
│             Attempting correction by adding diagonal matrix with positive values for the Jacobian of the stationary equations
└             and negative values for the Jacobian of the constraints.
┌ DiffOpt.NonLinearProgram | Info ] : Inertia correction needed. 
│             Attempting correction by adding diagonal matrix with positive values for the Jacobian of the stationary equations
└             and negative values for the Jacobian of the constraints.
┌ DiffOpt.NonLinearProgram | Info ] : Inertia correction needed. 
│             Attempting correction by adding diagonal matrix with positive values for the Jacobian of the stationary equations
└             and negative values for the Jacobian of the constraints.
┌ DiffOpt.NonLinearProgram | Info ] : Inertia correction needed. 
│             Attempting correction by adding diagonal matrix with positive values for the Jacobian of the stationary equations
└             and negative values for the Jacobian of the constraints.
┌ DiffOpt.NonLinearProgram | Info ] : Inertia correction needed. 
│             Attempting correction by adding diagonal matrix with positive values for the Jacobian of the stationary equations
└             and negative values for the Jacobian of the constraints.
┌ DiffOpt.NonLinearProgram | Info ] : Inertia correction needed. 
│             Attempting correction by adding diagonal matrix with positive values for the Jacobian of the stationary equations
└             and negative values for the Jacobian of the constraints.
┌ DiffOpt.NonLinearProgram | Info ] : Inertia correction needed. 
│             Attempting correction by adding diagonal matrix with positive values for the Jacobian of the stationary equations
└             and negative values for the Jacobian of the constraints.
┌ DiffOpt.NonLinearProgram | Info ] : Inertia correction needed. 
│             Attempting correction by adding diagonal matrix with positive values for the Jacobian of the stationary equations
└             and negative values for the Jacobian of the constraints.
┌ DiffOpt.NonLinearProgram | Info ] : Inertia correction needed. 
│             Attempting correction by adding diagonal matrix with positive values for the Jacobian of the stationary equations
└             and negative values for the Jacobian of the constraints.
┌ DiffOpt.NonLinearProgram | Info ] : Inertia correction needed. 
│             Attempting correction by adding diagonal matrix with positive values for the Jacobian of the stationary equations
└             and negative values for the Jacobian of the constraints.
┌ DiffOpt.NonLinearProgram | Info ] : Inertia correction needed. 
│             Attempting correction by adding diagonal matrix with positive values for the Jacobian of the stationary equations
└             and negative values for the Jacobian of the constraints.
┌ DiffOpt.NonLinearProgram | Info ] : Inertia correction needed. 
│             Attempting correction by adding diagonal matrix with positive values for the Jacobian of the stationary equations
└             and negative values for the Jacobian of the constraints.
┌ DiffOpt.NonLinearProgram | Info ] : Inertia correction needed. 
│             Attempting correction by adding diagonal matrix with positive values for the Jacobian of the stationary equations
└             and negative values for the Jacobian of the constraints.
┌ DiffOpt.NonLinearProgram | Info ] : Inertia correction needed. 
│             Attempting correction by adding diagonal matrix with positive values for the Jacobian of the stationary equations
└             and negative values for the Jacobian of the constraints.
┌ DiffOpt.NonLinearProgram | Info ] : Inertia correction needed. 
│             Attempting correction by adding diagonal matrix with positive values for the Jacobian of the stationary equations
└             and negative values for the Jacobian of the constraints.
┌ DiffOpt.NonLinearProgram | Info ] : Inertia correction needed. 
│             Attempting correction by adding diagonal matrix with positive values for the Jacobian of the stationary equations
└             and negative values for the Jacobian of the constraints.
┌ DiffOpt.NonLinearProgram | Info ] : Inertia correction needed. 
│             Attempting correction by adding diagonal matrix with positive values for the Jacobian of the stationary equations
└             and negative values for the Jacobian of the constraints.
┌ DiffOpt.NonLinearProgram | Info ] : Inertia correction needed. 
│             Attempting correction by adding diagonal matrix with positive values for the Jacobian of the stationary equations
└             and negative values for the Jacobian of the constraints.
┌ DiffOpt.NonLinearProgram | Info ] : Inertia correction needed. 
│             Attempting correction by adding diagonal matrix with positive values for the Jacobian of the stationary equations
└             and negative values for the Jacobian of the constraints.
┌ DiffOpt.NonLinearProgram | Info ] : Inertia correction needed. 
│             Attempting correction by adding diagonal matrix with positive values for the Jacobian of the stationary equations
└             and negative values for the Jacobian of the constraints.
┌ DiffOpt.NonLinearProgram | Info ] : Inertia correction needed. 
│             Attempting correction by adding diagonal matrix with positive values for the Jacobian of the stationary equations
└             and negative values for the Jacobian of the constraints.
┌ DiffOpt.NonLinearProgram | Info ] : Inertia correction needed. 
│             Attempting correction by adding diagonal matrix with positive values for the Jacobian of the stationary equations
└             and negative values for the Jacobian of the constraints.
┌ DiffOpt.NonLinearProgram | Info ] : Inertia correction needed. 
│             Attempting correction by adding diagonal matrix with positive values for the Jacobian of the stationary equations
└             and negative values for the Jacobian of the constraints.
┌ DiffOpt.NonLinearProgram | Info ] : Inertia correction needed. 
│             Attempting correction by adding diagonal matrix with positive values for the Jacobian of the stationary equations
└             and negative values for the Jacobian of the constraints.
┌ DiffOpt.NonLinearProgram | Info ] : Inertia correction needed. 
│             Attempting correction by adding diagonal matrix with positive values for the Jacobian of the stationary equations
└             and negative values for the Jacobian of the constraints.
┌ DiffOpt.NonLinearProgram | Info ] : Inertia correction needed. 
│             Attempting correction by adding diagonal matrix with positive values for the Jacobian of the stationary equations
└             and negative values for the Jacobian of the constraints.
┌ DiffOpt.NonLinearProgram | Info ] : Inertia correction needed. 
│             Attempting correction by adding diagonal matrix with positive values for the Jacobian of the stationary equations
└             and negative values for the Jacobian of the constraints.
┌ DiffOpt.NonLinearProgram | Info ] : Inertia correction needed. 
│             Attempting correction by adding diagonal matrix with positive values for the Jacobian of the stationary equations
└             and negative values for the Jacobian of the constraints.
┌ DiffOpt.NonLinearProgram | Info ] : Inertia correction needed. 
│             Attempting correction by adding diagonal matrix with positive values for the Jacobian of the stationary equations
└             and negative values for the Jacobian of the constraints.
┌ DiffOpt.NonLinearProgram | Info ] : Inertia correction needed. 
│             Attempting correction by adding diagonal matrix with positive values for the Jacobian of the stationary equations
└             and negative values for the Jacobian of the constraints.
┌ DiffOpt.NonLinearProgram | Info ] : Inertia correction needed. 
│             Attempting correction by adding diagonal matrix with positive values for the Jacobian of the stationary equations
└             and negative values for the Jacobian of the constraints.
┌ DiffOpt.NonLinearProgram | Info ] : Inertia correction needed. 
│             Attempting correction by adding diagonal matrix with positive values for the Jacobian of the stationary equations
└             and negative values for the Jacobian of the constraints.
┌ DiffOpt.NonLinearProgram | Info ] : Inertia correction needed. 
│             Attempting correction by adding diagonal matrix with positive values for the Jacobian of the stationary equations
└             and negative values for the Jacobian of the constraints.
┌ DiffOpt.NonLinearProgram | Info ] : Inertia correction needed. 
│             Attempting correction by adding diagonal matrix with positive values for the Jacobian of the stationary equations
└             and negative values for the Jacobian of the constraints.
┌ DiffOpt.NonLinearProgram | Info ] : Inertia correction needed. 
│             Attempting correction by adding diagonal matrix with positive values for the Jacobian of the stationary equations
└             and negative values for the Jacobian of the constraints.
┌ DiffOpt.NonLinearProgram | Info ] : Inertia correction needed. 
│             Attempting correction by adding diagonal matrix with positive values for the Jacobian of the stationary equations
└             and negative values for the Jacobian of the constraints.
┌ DiffOpt.NonLinearProgram | Info ] : Inertia correction needed. 
│             Attempting correction by adding diagonal matrix with positive values for the Jacobian of the stationary equations
└             and negative values for the Jacobian of the constraints.
┌ DiffOpt.NonLinearProgram | Info ] : Inertia correction needed. 
│             Attempting correction by adding diagonal matrix with positive values for the Jacobian of the stationary equations
└             and negative values for the Jacobian of the constraints.
┌ DiffOpt.NonLinearProgram | Info ] : Inertia correction needed. 
│             Attempting correction by adding diagonal matrix with positive values for the Jacobian of the stationary equations
└             and negative values for the Jacobian of the constraints.
┌ DiffOpt.NonLinearProgram | Info ] : Inertia correction needed. 
│             Attempting correction by adding diagonal matrix with positive values for the Jacobian of the stationary equations
└             and negative values for the Jacobian of the constraints.
┌ DiffOpt.NonLinearProgram | Info ] : Inertia correction needed. 
│             Attempting correction by adding diagonal matrix with positive values for the Jacobian of the stationary equations
└             and negative values for the Jacobian of the constraints.
┌ DiffOpt.NonLinearProgram | Info ] : Inertia correction needed. 
│             Attempting correction by adding diagonal matrix with positive values for the Jacobian of the stationary equations
└             and negative values for the Jacobian of the constraints.
┌ DiffOpt.NonLinearProgram | Info ] : Inertia correction needed. 
│             Attempting correction by adding diagonal matrix with positive values for the Jacobian of the stationary equations
└             and negative values for the Jacobian of the constraints.
┌ DiffOpt.NonLinearProgram | Info ] : Inertia correction needed. 
│             Attempting correction by adding diagonal matrix with positive values for the Jacobian of the stationary equations
└             and negative values for the Jacobian of the constraints.
┌ DiffOpt.NonLinearProgram | Info ] : Inertia correction needed. 
│             Attempting correction by adding diagonal matrix with positive values for the Jacobian of the stationary equations
└             and negative values for the Jacobian of the constraints.
┌ DiffOpt.NonLinearProgram | Info ] : Inertia correction needed. 
│             Attempting correction by adding diagonal matrix with positive values for the Jacobian of the stationary equations
└             and negative values for the Jacobian of the constraints.
┌ DiffOpt.NonLinearProgram | Info ] : Inertia correction needed. 
│             Attempting correction by adding diagonal matrix with positive values for the Jacobian of the stationary equations
└             and negative values for the Jacobian of the constraints.
┌ DiffOpt.NonLinearProgram | Info ] : Inertia correction needed. 
│             Attempting correction by adding diagonal matrix with positive values for the Jacobian of the stationary equations
└             and negative values for the Jacobian of the constraints.
┌ DiffOpt.NonLinearProgram | Info ] : Inertia correction needed. 
│             Attempting correction by adding diagonal matrix with positive values for the Jacobian of the stationary equations
└             and negative values for the Jacobian of the constraints.
┌ DiffOpt.NonLinearProgram | Info ] : Inertia correction needed. 
│             Attempting correction by adding diagonal matrix with positive values for the Jacobian of the stationary equations
└             and negative values for the Jacobian of the constraints.
┌ DiffOpt.NonLinearProgram | Info ] : Inertia correction needed. 
│             Attempting correction by adding diagonal matrix with positive values for the Jacobian of the stationary equations
└             and negative values for the Jacobian of the constraints.
┌ DiffOpt.NonLinearProgram | Info ] : Inertia correction needed. 
│             Attempting correction by adding diagonal matrix with positive values for the Jacobian of the stationary equations
└             and negative values for the Jacobian of the constraints.
┌ DiffOpt.NonLinearProgram | Info ] : Inertia correction needed. 
│             Attempting correction by adding diagonal matrix with positive values for the Jacobian of the stationary equations
└             and negative values for the Jacobian of the constraints.
┌ DiffOpt.NonLinearProgram | Info ] : Inertia correction needed. 
│             Attempting correction by adding diagonal matrix with positive values for the Jacobian of the stationary equations
└             and negative values for the Jacobian of the constraints.
┌ DiffOpt.NonLinearProgram | Info ] : Inertia correction needed. 
│             Attempting correction by adding diagonal matrix with positive values for the Jacobian of the stationary equations
└             and negative values for the Jacobian of the constraints.
┌ DiffOpt.NonLinearProgram | Info ] : Inertia correction needed. 
│             Attempting correction by adding diagonal matrix with positive values for the Jacobian of the stationary equations
└             and negative values for the Jacobian of the constraints.
┌ DiffOpt.NonLinearProgram | Info ] : Inertia correction needed. 
│             Attempting correction by adding diagonal matrix with positive values for the Jacobian of the stationary equations
└             and negative values for the Jacobian of the constraints.
┌ DiffOpt.NonLinearProgram | Info ] : Inertia correction needed. 
│             Attempting correction by adding diagonal matrix with positive values for the Jacobian of the stationary equations
└             and negative values for the Jacobian of the constraints.
┌ DiffOpt.NonLinearProgram | Info ] : Inertia correction needed. 
│             Attempting correction by adding diagonal matrix with positive values for the Jacobian of the stationary equations
└             and negative values for the Jacobian of the constraints.
┌ DiffOpt.NonLinearProgram | Info ] : Inertia correction needed. 
│             Attempting correction by adding diagonal matrix with positive values for the Jacobian of the stationary equations
└             and negative values for the Jacobian of the constraints.
┌ DiffOpt.NonLinearProgram | Info ] : Inertia correction needed. 
│             Attempting correction by adding diagonal matrix with positive values for the Jacobian of the stationary equations
└             and negative values for the Jacobian of the constraints.
┌ DiffOpt.NonLinearProgram | Info ] : Inertia correction needed. 
│             Attempting correction by adding diagonal matrix with positive values for the Jacobian of the stationary equations
└             and negative values for the Jacobian of the constraints.
┌ DiffOpt.NonLinearProgram | Info ] : Inertia correction needed. 
│             Attempting correction by adding diagonal matrix with positive values for the Jacobian of the stationary equations
└             and negative values for the Jacobian of the constraints.
┌ DiffOpt.NonLinearProgram | Info ] : Inertia correction needed. 
│             Attempting correction by adding diagonal matrix with positive values for the Jacobian of the stationary equations
└             and negative values for the Jacobian of the constraints.
┌ DiffOpt.NonLinearProgram | Info ] : Inertia correction needed. 
│             Attempting correction by adding diagonal matrix with positive values for the Jacobian of the stationary equations
└             and negative values for the Jacobian of the constraints.
┌ DiffOpt.NonLinearProgram | Info ] : Inertia correction needed. 
│             Attempting correction by adding diagonal matrix with positive values for the Jacobian of the stationary equations
└             and negative values for the Jacobian of the constraints.
┌ DiffOpt.NonLinearProgram | Info ] : Inertia correction needed. 
│             Attempting correction by adding diagonal matrix with positive values for the Jacobian of the stationary equations
└             and negative values for the Jacobian of the constraints.
┌ DiffOpt.NonLinearProgram | Info ] : Inertia correction needed. 
│             Attempting correction by adding diagonal matrix with positive values for the Jacobian of the stationary equations
└             and negative values for the Jacobian of the constraints.
┌ DiffOpt.NonLinearProgram | Info ] : Inertia correction needed. 
│             Attempting correction by adding diagonal matrix with positive values for the Jacobian of the stationary equations
└             and negative values for the Jacobian of the constraints.
[ Main | Info ] : [Gini agg formal CC] Jacobian is block-diagonal (max off-block-diag = 0.0)
[ Main | Info ] : [Gini agg formal CC] T=8, N=9, m=72 (cost-weighted aggregate sort, single σ unbounded above, 81 binaries)
[ Main | Info ] : [Gini agg formal CC] Solver status: OPTIMAL (solve_time=60.69s)
[ Main | Info ] : [gini/absolute] iter 6 upper-level status = OPTIMAL
[ Main | Info ] : [gini/absolute] iter 6 timings: int=0.0s lower=51.2s (primal=10.3s jac=40.7s) upper=60.7s total=111.9s
[ FairLoadDelivery | Info ] : Iteration 7: Solving multiperiod lower-level MLD with 72 per-period weights
┌ DiffOpt.NonLinearProgram | Info ] : Inertia correction needed. 
│             Attempting correction by adding diagonal matrix with positive values for the Jacobian of the stationary equations
└             and negative values for the Jacobian of the constraints.
┌ DiffOpt.NonLinearProgram | Info ] : Inertia correction needed. 
│             Attempting correction by adding diagonal matrix with positive values for the Jacobian of the stationary equations
└             and negative values for the Jacobian of the constraints.
┌ DiffOpt.NonLinearProgram | Info ] : Inertia correction needed. 
│             Attempting correction by adding diagonal matrix with positive values for the Jacobian of the stationary equations
└             and negative values for the Jacobian of the constraints.
┌ DiffOpt.NonLinearProgram | Info ] : Inertia correction needed. 
│             Attempting correction by adding diagonal matrix with positive values for the Jacobian of the stationary equations
└             and negative values for the Jacobian of the constraints.
┌ DiffOpt.NonLinearProgram | Info ] : Inertia correction needed. 
│             Attempting correction by adding diagonal matrix with positive values for the Jacobian of the stationary equations
└             and negative values for the Jacobian of the constraints.
┌ DiffOpt.NonLinearProgram | Info ] : Inertia correction needed. 
│             Attempting correction by adding diagonal matrix with positive values for the Jacobian of the stationary equations
└             and negative values for the Jacobian of the constraints.
┌ DiffOpt.NonLinearProgram | Info ] : Inertia correction needed. 
│             Attempting correction by adding diagonal matrix with positive values for the Jacobian of the stationary equations
└             and negative values for the Jacobian of the constraints.
┌ DiffOpt.NonLinearProgram | Info ] : Inertia correction needed. 
│             Attempting correction by adding diagonal matrix with positive values for the Jacobian of the stationary equations
└             and negative values for the Jacobian of the constraints.
┌ DiffOpt.NonLinearProgram | Info ] : Inertia correction needed. 
│             Attempting correction by adding diagonal matrix with positive values for the Jacobian of the stationary equations
└             and negative values for the Jacobian of the constraints.
┌ DiffOpt.NonLinearProgram | Info ] : Inertia correction needed. 
│             Attempting correction by adding diagonal matrix with positive values for the Jacobian of the stationary equations
└             and negative values for the Jacobian of the constraints.
┌ DiffOpt.NonLinearProgram | Info ] : Inertia correction needed. 
│             Attempting correction by adding diagonal matrix with positive values for the Jacobian of the stationary equations
└             and negative values for the Jacobian of the constraints.
┌ DiffOpt.NonLinearProgram | Info ] : Inertia correction needed. 
│             Attempting correction by adding diagonal matrix with positive values for the Jacobian of the stationary equations
└             and negative values for the Jacobian of the constraints.
┌ DiffOpt.NonLinearProgram | Info ] : Inertia correction needed. 
│             Attempting correction by adding diagonal matrix with positive values for the Jacobian of the stationary equations
└             and negative values for the Jacobian of the constraints.
┌ DiffOpt.NonLinearProgram | Info ] : Inertia correction needed. 
│             Attempting correction by adding diagonal matrix with positive values for the Jacobian of the stationary equations
└             and negative values for the Jacobian of the constraints.
┌ DiffOpt.NonLinearProgram | Info ] : Inertia correction needed. 
│             Attempting correction by adding diagonal matrix with positive values for the Jacobian of the stationary equations
└             and negative values for the Jacobian of the constraints.
┌ DiffOpt.NonLinearProgram | Info ] : Inertia correction needed. 
│             Attempting correction by adding diagonal matrix with positive values for the Jacobian of the stationary equations
└             and negative values for the Jacobian of the constraints.
┌ DiffOpt.NonLinearProgram | Info ] : Inertia correction needed. 
│             Attempting correction by adding diagonal matrix with positive values for the Jacobian of the stationary equations
└             and negative values for the Jacobian of the constraints.
┌ DiffOpt.NonLinearProgram | Info ] : Inertia correction needed. 
│             Attempting correction by adding diagonal matrix with positive values for the Jacobian of the stationary equations
└             and negative values for the Jacobian of the constraints.
┌ DiffOpt.NonLinearProgram | Info ] : Inertia correction needed. 
│             Attempting correction by adding diagonal matrix with positive values for the Jacobian of the stationary equations
└             and negative values for the Jacobian of the constraints.
┌ DiffOpt.NonLinearProgram | Info ] : Inertia correction needed. 
│             Attempting correction by adding diagonal matrix with positive values for the Jacobian of the stationary equations
└             and negative values for the Jacobian of the constraints.
┌ DiffOpt.NonLinearProgram | Info ] : Inertia correction needed. 
│             Attempting correction by adding diagonal matrix with positive values for the Jacobian of the stationary equations
└             and negative values for the Jacobian of the constraints.
┌ DiffOpt.NonLinearProgram | Info ] : Inertia correction needed. 
│             Attempting correction by adding diagonal matrix with positive values for the Jacobian of the stationary equations
└             and negative values for the Jacobian of the constraints.
┌ DiffOpt.NonLinearProgram | Info ] : Inertia correction needed. 
│             Attempting correction by adding diagonal matrix with positive values for the Jacobian of the stationary equations
└             and negative values for the Jacobian of the constraints.
┌ DiffOpt.NonLinearProgram | Info ] : Inertia correction needed. 
│             Attempting correction by adding diagonal matrix with positive values for the Jacobian of the stationary equations
└             and negative values for the Jacobian of the constraints.
Set parameter Username
Set parameter LicenseID to value 2813843
Academic license - for non-commercial use only - expires 2027-04-27
┌ DiffOpt.NonLinearProgram | Info ] : Inertia correction needed. 
│             Attempting correction by adding diagonal matrix with positive values for the Jacobian of the stationary equations
└             and negative values for the Jacobian of the constraints.
┌ DiffOpt.NonLinearProgram | Info ] : Inertia correction needed. 
│             Attempting correction by adding diagonal matrix with positive values for the Jacobian of the stationary equations
└             and negative values for the Jacobian of the constraints.
┌ DiffOpt.NonLinearProgram | Info ] : Inertia correction needed. 
│             Attempting correction by adding diagonal matrix with positive values for the Jacobian of the stationary equations
└             and negative values for the Jacobian of the constraints.
┌ DiffOpt.NonLinearProgram | Info ] : Inertia correction needed. 
│             Attempting correction by adding diagonal matrix with positive values for the Jacobian of the stationary equations
└             and negative values for the Jacobian of the constraints.
┌ DiffOpt.NonLinearProgram | Info ] : Inertia correction needed. 
│             Attempting correction by adding diagonal matrix with positive values for the Jacobian of the stationary equations
└             and negative values for the Jacobian of the constraints.
┌ DiffOpt.NonLinearProgram | Info ] : Inertia correction needed. 
│             Attempting correction by adding diagonal matrix with positive values for the Jacobian of the stationary equations
└             and negative values for the Jacobian of the constraints.
┌ DiffOpt.NonLinearProgram | Info ] : Inertia correction needed. 
│             Attempting correction by adding diagonal matrix with positive values for the Jacobian of the stationary equations
└             and negative values for the Jacobian of the constraints.
┌ DiffOpt.NonLinearProgram | Info ] : Inertia correction needed. 
│             Attempting correction by adding diagonal matrix with positive values for the Jacobian of the stationary equations
└             and negative values for the Jacobian of the constraints.
┌ DiffOpt.NonLinearProgram | Info ] : Inertia correction needed. 
│             Attempting correction by adding diagonal matrix with positive values for the Jacobian of the stationary equations
└             and negative values for the Jacobian of the constraints.
┌ DiffOpt.NonLinearProgram | Info ] : Inertia correction needed. 
│             Attempting correction by adding diagonal matrix with positive values for the Jacobian of the stationary equations
└             and negative values for the Jacobian of the constraints.
┌ DiffOpt.NonLinearProgram | Info ] : Inertia correction needed. 
│             Attempting correction by adding diagonal matrix with positive values for the Jacobian of the stationary equations
└             and negative values for the Jacobian of the constraints.
┌ DiffOpt.NonLinearProgram | Info ] : Inertia correction needed. 
│             Attempting correction by adding diagonal matrix with positive values for the Jacobian of the stationary equations
└             and negative values for the Jacobian of the constraints.
┌ DiffOpt.NonLinearProgram | Info ] : Inertia correction needed. 
│             Attempting correction by adding diagonal matrix with positive values for the Jacobian of the stationary equations
└             and negative values for the Jacobian of the constraints.
┌ DiffOpt.NonLinearProgram | Info ] : Inertia correction needed. 
│             Attempting correction by adding diagonal matrix with positive values for the Jacobian of the stationary equations
└             and negative values for the Jacobian of the constraints.
┌ DiffOpt.NonLinearProgram | Info ] : Inertia correction needed. 
│             Attempting correction by adding diagonal matrix with positive values for the Jacobian of the stationary equations
└             and negative values for the Jacobian of the constraints.
┌ DiffOpt.NonLinearProgram | Info ] : Inertia correction needed. 
│             Attempting correction by adding diagonal matrix with positive values for the Jacobian of the stationary equations
└             and negative values for the Jacobian of the constraints.
┌ DiffOpt.NonLinearProgram | Info ] : Inertia correction needed. 
│             Attempting correction by adding diagonal matrix with positive values for the Jacobian of the stationary equations
└             and negative values for the Jacobian of the constraints.
┌ DiffOpt.NonLinearProgram | Info ] : Inertia correction needed. 
│             Attempting correction by adding diagonal matrix with positive values for the Jacobian of the stationary equations
└             and negative values for the Jacobian of the constraints.
┌ DiffOpt.NonLinearProgram | Info ] : Inertia correction needed. 
│             Attempting correction by adding diagonal matrix with positive values for the Jacobian of the stationary equations
└             and negative values for the Jacobian of the constraints.
┌ DiffOpt.NonLinearProgram | Info ] : Inertia correction needed. 
│             Attempting correction by adding diagonal matrix with positive values for the Jacobian of the stationary equations
└             and negative values for the Jacobian of the constraints.
┌ DiffOpt.NonLinearProgram | Info ] : Inertia correction needed. 
│             Attempting correction by adding diagonal matrix with positive values for the Jacobian of the stationary equations
└             and negative values for the Jacobian of the constraints.
┌ DiffOpt.NonLinearProgram | Info ] : Inertia correction needed. 
│             Attempting correction by adding diagonal matrix with positive values for the Jacobian of the stationary equations
└             and negative values for the Jacobian of the constraints.
┌ DiffOpt.NonLinearProgram | Info ] : Inertia correction needed. 
│             Attempting correction by adding diagonal matrix with positive values for the Jacobian of the stationary equations
└             and negative values for the Jacobian of the constraints.
┌ DiffOpt.NonLinearProgram | Info ] : Inertia correction needed. 
│             Attempting correction by adding diagonal matrix with positive values for the Jacobian of the stationary equations
└             and negative values for the Jacobian of the constraints.
┌ DiffOpt.NonLinearProgram | Info ] : Inertia correction needed. 
│             Attempting correction by adding diagonal matrix with positive values for the Jacobian of the stationary equations
└             and negative values for the Jacobian of the constraints.
┌ DiffOpt.NonLinearProgram | Info ] : Inertia correction needed. 
│             Attempting correction by adding diagonal matrix with positive values for the Jacobian of the stationary equations
└             and negative values for the Jacobian of the constraints.
┌ DiffOpt.NonLinearProgram | Info ] : Inertia correction needed. 
│             Attempting correction by adding diagonal matrix with positive values for the Jacobian of the stationary equations
└             and negative values for the Jacobian of the constraints.
┌ DiffOpt.NonLinearProgram | Info ] : Inertia correction needed. 
│             Attempting correction by adding diagonal matrix with positive values for the Jacobian of the stationary equations
└             and negative values for the Jacobian of the constraints.
┌ DiffOpt.NonLinearProgram | Info ] : Inertia correction needed. 
│             Attempting correction by adding diagonal matrix with positive values for the Jacobian of the stationary equations
└             and negative values for the Jacobian of the constraints.
┌ DiffOpt.NonLinearProgram | Info ] : Inertia correction needed. 
│             Attempting correction by adding diagonal matrix with positive values for the Jacobian of the stationary equations
└             and negative values for the Jacobian of the constraints.
┌ DiffOpt.NonLinearProgram | Info ] : Inertia correction needed. 
│             Attempting correction by adding diagonal matrix with positive values for the Jacobian of the stationary equations
└             and negative values for the Jacobian of the constraints.
┌ DiffOpt.NonLinearProgram | Info ] : Inertia correction needed. 
│             Attempting correction by adding diagonal matrix with positive values for the Jacobian of the stationary equations
└             and negative values for the Jacobian of the constraints.
┌ DiffOpt.NonLinearProgram | Info ] : Inertia correction needed. 
│             Attempting correction by adding diagonal matrix with positive values for the Jacobian of the stationary equations
└             and negative values for the Jacobian of the constraints.
┌ DiffOpt.NonLinearProgram | Info ] : Inertia correction needed. 
│             Attempting correction by adding diagonal matrix with positive values for the Jacobian of the stationary equations
└             and negative values for the Jacobian of the constraints.
┌ DiffOpt.NonLinearProgram | Info ] : Inertia correction needed. 
│             Attempting correction by adding diagonal matrix with positive values for the Jacobian of the stationary equations
└             and negative values for the Jacobian of the constraints.
┌ DiffOpt.NonLinearProgram | Info ] : Inertia correction needed. 
│             Attempting correction by adding diagonal matrix with positive values for the Jacobian of the stationary equations
└             and negative values for the Jacobian of the constraints.
┌ DiffOpt.NonLinearProgram | Info ] : Inertia correction needed. 
│             Attempting correction by adding diagonal matrix with positive values for the Jacobian of the stationary equations
└             and negative values for the Jacobian of the constraints.
┌ DiffOpt.NonLinearProgram | Info ] : Inertia correction needed. 
│             Attempting correction by adding diagonal matrix with positive values for the Jacobian of the stationary equations
└             and negative values for the Jacobian of the constraints.
┌ DiffOpt.NonLinearProgram | Info ] : Inertia correction needed. 
│             Attempting correction by adding diagonal matrix with positive values for the Jacobian of the stationary equations
└             and negative values for the Jacobian of the constraints.
┌ DiffOpt.NonLinearProgram | Info ] : Inertia correction needed. 
│             Attempting correction by adding diagonal matrix with positive values for the Jacobian of the stationary equations
└             and negative values for the Jacobian of the constraints.
┌ DiffOpt.NonLinearProgram | Info ] : Inertia correction needed. 
│             Attempting correction by adding diagonal matrix with positive values for the Jacobian of the stationary equations
└             and negative values for the Jacobian of the constraints.
┌ DiffOpt.NonLinearProgram | Info ] : Inertia correction needed. 
│             Attempting correction by adding diagonal matrix with positive values for the Jacobian of the stationary equations
└             and negative values for the Jacobian of the constraints.
┌ DiffOpt.NonLinearProgram | Info ] : Inertia correction needed. 
│             Attempting correction by adding diagonal matrix with positive values for the Jacobian of the stationary equations
└             and negative values for the Jacobian of the constraints.
┌ DiffOpt.NonLinearProgram | Info ] : Inertia correction needed. 
│             Attempting correction by adding diagonal matrix with positive values for the Jacobian of the stationary equations
└             and negative values for the Jacobian of the constraints.
┌ DiffOpt.NonLinearProgram | Info ] : Inertia correction needed. 
│             Attempting correction by adding diagonal matrix with positive values for the Jacobian of the stationary equations
└             and negative values for the Jacobian of the constraints.
┌ DiffOpt.NonLinearProgram | Info ] : Inertia correction needed. 
│             Attempting correction by adding diagonal matrix with positive values for the Jacobian of the stationary equations
└             and negative values for the Jacobian of the constraints.
┌ DiffOpt.NonLinearProgram | Info ] : Inertia correction needed. 
│             Attempting correction by adding diagonal matrix with positive values for the Jacobian of the stationary equations
└             and negative values for the Jacobian of the constraints.
┌ DiffOpt.NonLinearProgram | Info ] : Inertia correction needed. 
│             Attempting correction by adding diagonal matrix with positive values for the Jacobian of the stationary equations
└             and negative values for the Jacobian of the constraints.
[ Main | Info ] : [Gini agg formal CC] Jacobian is block-diagonal (max off-block-diag = 0.0)
[ Main | Info ] : [Gini agg formal CC] T=8, N=9, m=72 (cost-weighted aggregate sort, single σ unbounded above, 81 binaries)
[ Main | Info ] : [Gini agg formal CC] Solver status: OPTIMAL (solve_time=24.91s)
[ Main | Info ] : [gini/absolute] iter 7 upper-level status = OPTIMAL
[ Main | Info ] : [gini/absolute] iter 7 timings: int=0.0s lower=53.1s (primal=13.2s jac=39.8s) upper=24.9s total=78.1s
[ FairLoadDelivery | Info ] : Iteration 8: Solving multiperiod lower-level MLD with 72 per-period weights
┌ DiffOpt.NonLinearProgram | Info ] : Inertia correction needed. 
│             Attempting correction by adding diagonal matrix with positive values for the Jacobian of the stationary equations
└             and negative values for the Jacobian of the constraints.
┌ DiffOpt.NonLinearProgram | Info ] : Inertia correction needed. 
│             Attempting correction by adding diagonal matrix with positive values for the Jacobian of the stationary equations
└             and negative values for the Jacobian of the constraints.
┌ DiffOpt.NonLinearProgram | Info ] : Inertia correction needed. 
│             Attempting correction by adding diagonal matrix with positive values for the Jacobian of the stationary equations
└             and negative values for the Jacobian of the constraints.
┌ DiffOpt.NonLinearProgram | Info ] : Inertia correction needed. 
│             Attempting correction by adding diagonal matrix with positive values for the Jacobian of the stationary equations
└             and negative values for the Jacobian of the constraints.
┌ DiffOpt.NonLinearProgram | Info ] : Inertia correction needed. 
│             Attempting correction by adding diagonal matrix with positive values for the Jacobian of the stationary equations
└             and negative values for the Jacobian of the constraints.
┌ DiffOpt.NonLinearProgram | Info ] : Inertia correction needed. 
│             Attempting correction by adding diagonal matrix with positive values for the Jacobian of the stationary equations
└             and negative values for the Jacobian of the constraints.
┌ DiffOpt.NonLinearProgram | Info ] : Inertia correction needed. 
│             Attempting correction by adding diagonal matrix with positive values for the Jacobian of the stationary equations
└             and negative values for the Jacobian of the constraints.
┌ DiffOpt.NonLinearProgram | Info ] : Inertia correction needed. 
│             Attempting correction by adding diagonal matrix with positive values for the Jacobian of the stationary equations
└             and negative values for the Jacobian of the constraints.
┌ DiffOpt.NonLinearProgram | Info ] : Inertia correction needed. 
│             Attempting correction by adding diagonal matrix with positive values for the Jacobian of the stationary equations
└             and negative values for the Jacobian of the constraints.
┌ DiffOpt.NonLinearProgram | Info ] : Inertia correction needed. 
│             Attempting correction by adding diagonal matrix with positive values for the Jacobian of the stationary equations
└             and negative values for the Jacobian of the constraints.
┌ DiffOpt.NonLinearProgram | Info ] : Inertia correction needed. 
│             Attempting correction by adding diagonal matrix with positive values for the Jacobian of the stationary equations
└             and negative values for the Jacobian of the constraints.
┌ DiffOpt.NonLinearProgram | Info ] : Inertia correction needed. 
│             Attempting correction by adding diagonal matrix with positive values for the Jacobian of the stationary equations
└             and negative values for the Jacobian of the constraints.
┌ DiffOpt.NonLinearProgram | Info ] : Inertia correction needed. 
│             Attempting correction by adding diagonal matrix with positive values for the Jacobian of the stationary equations
└             and negative values for the Jacobian of the constraints.
┌ DiffOpt.NonLinearProgram | Info ] : Inertia correction needed. 
│             Attempting correction by adding diagonal matrix with positive values for the Jacobian of the stationary equations
└             and negative values for the Jacobian of the constraints.
┌ DiffOpt.NonLinearProgram | Info ] : Inertia correction needed. 
│             Attempting correction by adding diagonal matrix with positive values for the Jacobian of the stationary equations
└             and negative values for the Jacobian of the constraints.
┌ DiffOpt.NonLinearProgram | Info ] : Inertia correction needed. 
│             Attempting correction by adding diagonal matrix with positive values for the Jacobian of the stationary equations
└             and negative values for the Jacobian of the constraints.
┌ DiffOpt.NonLinearProgram | Info ] : Inertia correction needed. 
│             Attempting correction by adding diagonal matrix with positive values for the Jacobian of the stationary equations
└             and negative values for the Jacobian of the constraints.
┌ DiffOpt.NonLinearProgram | Info ] : Inertia correction needed. 
│             Attempting correction by adding diagonal matrix with positive values for the Jacobian of the stationary equations
└             and negative values for the Jacobian of the constraints.
┌ DiffOpt.NonLinearProgram | Info ] : Inertia correction needed. 
│             Attempting correction by adding diagonal matrix with positive values for the Jacobian of the stationary equations
└             and negative values for the Jacobian of the constraints.
┌ DiffOpt.NonLinearProgram | Info ] : Inertia correction needed. 
│             Attempting correction by adding diagonal matrix with positive values for the Jacobian of the stationary equations
└             and negative values for the Jacobian of the constraints.
┌ DiffOpt.NonLinearProgram | Info ] : Inertia correction needed. 
│             Attempting correction by adding diagonal matrix with positive values for the Jacobian of the stationary equations
└             and negative values for the Jacobian of the constraints.
┌ DiffOpt.NonLinearProgram | Info ] : Inertia correction needed. 
│             Attempting correction by adding diagonal matrix with positive values for the Jacobian of the stationary equations
└             and negative values for the Jacobian of the constraints.
┌ DiffOpt.NonLinearProgram | Info ] : Inertia correction needed. 
│             Attempting correction by adding diagonal matrix with positive values for the Jacobian of the stationary equations
└             and negative values for the Jacobian of the constraints.
┌ DiffOpt.NonLinearProgram | Info ] : Inertia correction needed. 
│             Attempting correction by adding diagonal matrix with positive values for the Jacobian of the stationary equations
└             and negative values for the Jacobian of the constraints.
┌ DiffOpt.NonLinearProgram | Info ] : Inertia correction needed. 
│             Attempting correction by adding diagonal matrix with positive values for the Jacobian of the stationary equations
└             and negative values for the Jacobian of the constraints.
┌ DiffOpt.NonLinearProgram | Info ] : Inertia correction needed. 
│             Attempting correction by adding diagonal matrix with positive values for the Jacobian of the stationary equations
└             and negative values for the Jacobian of the constraints.
┌ DiffOpt.NonLinearProgram | Info ] : Inertia correction needed. 
│             Attempting correction by adding diagonal matrix with positive values for the Jacobian of the stationary equations
└             and negative values for the Jacobian of the constraints.
┌ DiffOpt.NonLinearProgram | Info ] : Inertia correction needed. 
│             Attempting correction by adding diagonal matrix with positive values for the Jacobian of the stationary equations
└             and negative values for the Jacobian of the constraints.
┌ DiffOpt.NonLinearProgram | Info ] : Inertia correction needed. 
│             Attempting correction by adding diagonal matrix with positive values for the Jacobian of the stationary equations
└             and negative values for the Jacobian of the constraints.
┌ DiffOpt.NonLinearProgram | Info ] : Inertia correction needed. 
│             Attempting correction by adding diagonal matrix with positive values for the Jacobian of the stationary equations
└             and negative values for the Jacobian of the constraints.
┌ DiffOpt.NonLinearProgram | Info ] : Inertia correction needed. 
│             Attempting correction by adding diagonal matrix with positive values for the Jacobian of the stationary equations
└             and negative values for the Jacobian of the constraints.
┌ DiffOpt.NonLinearProgram | Info ] : Inertia correction needed. 
│             Attempting correction by adding diagonal matrix with positive values for the Jacobian of the stationary equations
└             and negative values for the Jacobian of the constraints.
┌ DiffOpt.NonLinearProgram | Info ] : Inertia correction needed. 
│             Attempting correction by adding diagonal matrix with positive values for the Jacobian of the stationary equations
└             and negative values for the Jacobian of the constraints.
┌ DiffOpt.NonLinearProgram | Info ] : Inertia correction needed. 
│             Attempting correction by adding diagonal matrix with positive values for the Jacobian of the stationary equations
└             and negative values for the Jacobian of the constraints.
┌ DiffOpt.NonLinearProgram | Info ] : Inertia correction needed. 
│             Attempting correction by adding diagonal matrix with positive values for the Jacobian of the stationary equations
└             and negative values for the Jacobian of the constraints.
┌ DiffOpt.NonLinearProgram | Info ] : Inertia correction needed. 
│             Attempting correction by adding diagonal matrix with positive values for the Jacobian of the stationary equations
└             and negative values for the Jacobian of the constraints.
┌ DiffOpt.NonLinearProgram | Info ] : Inertia correction needed. 
│             Attempting correction by adding diagonal matrix with positive values for the Jacobian of the stationary equations
└             and negative values for the Jacobian of the constraints.
┌ DiffOpt.NonLinearProgram | Info ] : Inertia correction needed. 
│             Attempting correction by adding diagonal matrix with positive values for the Jacobian of the stationary equations
└             and negative values for the Jacobian of the constraints.
┌ DiffOpt.NonLinearProgram | Info ] : Inertia correction needed. 
│             Attempting correction by adding diagonal matrix with positive values for the Jacobian of the stationary equations
└             and negative values for the Jacobian of the constraints.
┌ DiffOpt.NonLinearProgram | Info ] : Inertia correction needed. 
│             Attempting correction by adding diagonal matrix with positive values for the Jacobian of the stationary equations
└             and negative values for the Jacobian of the constraints.
┌ DiffOpt.NonLinearProgram | Info ] : Inertia correction needed. 
│             Attempting correction by adding diagonal matrix with positive values for the Jacobian of the stationary equations
└             and negative values for the Jacobian of the constraints.
┌ DiffOpt.NonLinearProgram | Info ] : Inertia correction needed. 
│             Attempting correction by adding diagonal matrix with positive values for the Jacobian of the stationary equations
└             and negative values for the Jacobian of the constraints.
┌ DiffOpt.NonLinearProgram | Info ] : Inertia correction needed. 
│             Attempting correction by adding diagonal matrix with positive values for the Jacobian of the stationary equations
└             and negative values for the Jacobian of the constraints.
┌ DiffOpt.NonLinearProgram | Info ] : Inertia correction needed. 
│             Attempting correction by adding diagonal matrix with positive values for the Jacobian of the stationary equations
└             and negative values for the Jacobian of the constraints.
┌ DiffOpt.NonLinearProgram | Info ] : Inertia correction needed. 
│             Attempting correction by adding diagonal matrix with positive values for the Jacobian of the stationary equations
└             and negative values for the Jacobian of the constraints.
┌ DiffOpt.NonLinearProgram | Info ] : Inertia correction needed. 
│             Attempting correction by adding diagonal matrix with positive values for the Jacobian of the stationary equations
└             and negative values for the Jacobian of the constraints.
┌ DiffOpt.NonLinearProgram | Info ] : Inertia correction needed. 
│             Attempting correction by adding diagonal matrix with positive values for the Jacobian of the stationary equations
└             and negative values for the Jacobian of the constraints.
┌ DiffOpt.NonLinearProgram | Info ] : Inertia correction needed. 
│             Attempting correction by adding diagonal matrix with positive values for the Jacobian of the stationary equations
└             and negative values for the Jacobian of the constraints.
┌ DiffOpt.NonLinearProgram | Info ] : Inertia correction needed. 
│             Attempting correction by adding diagonal matrix with positive values for the Jacobian of the stationary equations
└             and negative values for the Jacobian of the constraints.
┌ DiffOpt.NonLinearProgram | Info ] : Inertia correction needed. 
│             Attempting correction by adding diagonal matrix with positive values for the Jacobian of the stationary equations
└             and negative values for the Jacobian of the constraints.
┌ DiffOpt.NonLinearProgram | Info ] : Inertia correction needed. 
│             Attempting correction by adding diagonal matrix with positive values for the Jacobian of the stationary equations
└             and negative values for the Jacobian of the constraints.
┌ DiffOpt.NonLinearProgram | Info ] : Inertia correction needed. 
│             Attempting correction by adding diagonal matrix with positive values for the Jacobian of the stationary equations
└             and negative values for the Jacobian of the constraints.
┌ DiffOpt.NonLinearProgram | Info ] : Inertia correction needed. 
│             Attempting correction by adding diagonal matrix with positive values for the Jacobian of the stationary equations
└             and negative values for the Jacobian of the constraints.
┌ DiffOpt.NonLinearProgram | Info ] : Inertia correction needed. 
│             Attempting correction by adding diagonal matrix with positive values for the Jacobian of the stationary equations
└             and negative values for the Jacobian of the constraints.
┌ DiffOpt.NonLinearProgram | Info ] : Inertia correction needed. 
│             Attempting correction by adding diagonal matrix with positive values for the Jacobian of the stationary equations
└             and negative values for the Jacobian of the constraints.
┌ DiffOpt.NonLinearProgram | Info ] : Inertia correction needed. 
│             Attempting correction by adding diagonal matrix with positive values for the Jacobian of the stationary equations
└             and negative values for the Jacobian of the constraints.
┌ DiffOpt.NonLinearProgram | Info ] : Inertia correction needed. 
│             Attempting correction by adding diagonal matrix with positive values for the Jacobian of the stationary equations
└             and negative values for the Jacobian of the constraints.
┌ DiffOpt.NonLinearProgram | Info ] : Inertia correction needed. 
│             Attempting correction by adding diagonal matrix with positive values for the Jacobian of the stationary equations
└             and negative values for the Jacobian of the constraints.
┌ DiffOpt.NonLinearProgram | Info ] : Inertia correction needed. 
│             Attempting correction by adding diagonal matrix with positive values for the Jacobian of the stationary equations
└             and negative values for the Jacobian of the constraints.
┌ DiffOpt.NonLinearProgram | Info ] : Inertia correction needed. 
│             Attempting correction by adding diagonal matrix with positive values for the Jacobian of the stationary equations
└             and negative values for the Jacobian of the constraints.
┌ DiffOpt.NonLinearProgram | Info ] : Inertia correction needed. 
│             Attempting correction by adding diagonal matrix with positive values for the Jacobian of the stationary equations
└             and negative values for the Jacobian of the constraints.
┌ DiffOpt.NonLinearProgram | Info ] : Inertia correction needed. 
│             Attempting correction by adding diagonal matrix with positive values for the Jacobian of the stationary equations
└             and negative values for the Jacobian of the constraints.
┌ DiffOpt.NonLinearProgram | Info ] : Inertia correction needed. 
│             Attempting correction by adding diagonal matrix with positive values for the Jacobian of the stationary equations
└             and negative values for the Jacobian of the constraints.
┌ DiffOpt.NonLinearProgram | Info ] : Inertia correction needed. 
│             Attempting correction by adding diagonal matrix with positive values for the Jacobian of the stationary equations
└             and negative values for the Jacobian of the constraints.
┌ DiffOpt.NonLinearProgram | Info ] : Inertia correction needed. 
│             Attempting correction by adding diagonal matrix with positive values for the Jacobian of the stationary equations
└             and negative values for the Jacobian of the constraints.
┌ DiffOpt.NonLinearProgram | Info ] : Inertia correction needed. 
│             Attempting correction by adding diagonal matrix with positive values for the Jacobian of the stationary equations
└             and negative values for the Jacobian of the constraints.
┌ DiffOpt.NonLinearProgram | Info ] : Inertia correction needed. 
│             Attempting correction by adding diagonal matrix with positive values for the Jacobian of the stationary equations
└             and negative values for the Jacobian of the constraints.
┌ DiffOpt.NonLinearProgram | Info ] : Inertia correction needed. 
│             Attempting correction by adding diagonal matrix with positive values for the Jacobian of the stationary equations
└             and negative values for the Jacobian of the constraints.
┌ DiffOpt.NonLinearProgram | Info ] : Inertia correction needed. 
│             Attempting correction by adding diagonal matrix with positive values for the Jacobian of the stationary equations
└             and negative values for the Jacobian of the constraints.
┌ DiffOpt.NonLinearProgram | Info ] : Inertia correction needed. 
│             Attempting correction by adding diagonal matrix with positive values for the Jacobian of the stationary equations
└             and negative values for the Jacobian of the constraints.
Set parameter Username
Set parameter LicenseID to value 2813843
Academic license - for non-commercial use only - expires 2027-04-27
Set parameter Username
Set parameter LicenseID to value 2813843
Academic license - for non-commercial use only - expires 2027-04-27
┌ DiffOpt.NonLinearProgram | Info ] : Inertia correction needed. 
│             Attempting correction by adding diagonal matrix with positive values for the Jacobian of the stationary equations
└             and negative values for the Jacobian of the constraints.
┌ DiffOpt.NonLinearProgram | Info ] : Inertia correction needed. 
│             Attempting correction by adding diagonal matrix with positive values for the Jacobian of the stationary equations
└             and negative values for the Jacobian of the constraints.
[ Main | Info ] : [Gini agg formal CC] Jacobian is block-diagonal (max off-block-diag = 0.0)
[ Main | Info ] : [Gini agg formal CC] T=8, N=9, m=72 (cost-weighted aggregate sort, single σ unbounded above, 81 binaries)
[ Main | Info ] : [Gini agg formal CC] Solver status: OPTIMAL (solve_time=60.33s)
[ Main | Info ] : [gini/absolute] iter 8 upper-level status = OPTIMAL
[ Main | Info ] : [gini/absolute] iter 8 timings: int=0.0s lower=56.1s (primal=15.3s jac=40.6s) upper=60.3s total=116.4s
[ FairLoadDelivery | Info ] : Iteration 9: Solving multiperiod lower-level MLD with 72 per-period weights
┌ DiffOpt.NonLinearProgram | Info ] : Inertia correction needed. 
│             Attempting correction by adding diagonal matrix with positive values for the Jacobian of the stationary equations
└             and negative values for the Jacobian of the constraints.
┌ DiffOpt.NonLinearProgram | Info ] : Inertia correction needed. 
│             Attempting correction by adding diagonal matrix with positive values for the Jacobian of the stationary equations
└             and negative values for the Jacobian of the constraints.
┌ DiffOpt.NonLinearProgram | Info ] : Inertia correction needed. 
│             Attempting correction by adding diagonal matrix with positive values for the Jacobian of the stationary equations
└             and negative values for the Jacobian of the constraints.
┌ DiffOpt.NonLinearProgram | Info ] : Inertia correction needed. 
│             Attempting correction by adding diagonal matrix with positive values for the Jacobian of the stationary equations
└             and negative values for the Jacobian of the constraints.
┌ DiffOpt.NonLinearProgram | Info ] : Inertia correction needed. 
│             Attempting correction by adding diagonal matrix with positive values for the Jacobian of the stationary equations
└             and negative values for the Jacobian of the constraints.
┌ DiffOpt.NonLinearProgram | Info ] : Inertia correction needed. 
│             Attempting correction by adding diagonal matrix with positive values for the Jacobian of the stationary equations
└             and negative values for the Jacobian of the constraints.
┌ DiffOpt.NonLinearProgram | Info ] : Inertia correction needed. 
│             Attempting correction by adding diagonal matrix with positive values for the Jacobian of the stationary equations
└             and negative values for the Jacobian of the constraints.
┌ DiffOpt.NonLinearProgram | Info ] : Inertia correction needed. 
│             Attempting correction by adding diagonal matrix with positive values for the Jacobian of the stationary equations
└             and negative values for the Jacobian of the constraints.
┌ DiffOpt.NonLinearProgram | Info ] : Inertia correction needed. 
│             Attempting correction by adding diagonal matrix with positive values for the Jacobian of the stationary equations
└             and negative values for the Jacobian of the constraints.
┌ DiffOpt.NonLinearProgram | Info ] : Inertia correction needed. 
│             Attempting correction by adding diagonal matrix with positive values for the Jacobian of the stationary equations
└             and negative values for the Jacobian of the constraints.
┌ DiffOpt.NonLinearProgram | Info ] : Inertia correction needed. 
│             Attempting correction by adding diagonal matrix with positive values for the Jacobian of the stationary equations
└             and negative values for the Jacobian of the constraints.
┌ DiffOpt.NonLinearProgram | Info ] : Inertia correction needed. 
│             Attempting correction by adding diagonal matrix with positive values for the Jacobian of the stationary equations
└             and negative values for the Jacobian of the constraints.
┌ DiffOpt.NonLinearProgram | Info ] : Inertia correction needed. 
│             Attempting correction by adding diagonal matrix with positive values for the Jacobian of the stationary equations
└             and negative values for the Jacobian of the constraints.
┌ DiffOpt.NonLinearProgram | Info ] : Inertia correction needed. 
│             Attempting correction by adding diagonal matrix with positive values for the Jacobian of the stationary equations
└             and negative values for the Jacobian of the constraints.
┌ DiffOpt.NonLinearProgram | Info ] : Inertia correction needed. 
│             Attempting correction by adding diagonal matrix with positive values for the Jacobian of the stationary equations
└             and negative values for the Jacobian of the constraints.
┌ DiffOpt.NonLinearProgram | Info ] : Inertia correction needed. 
│             Attempting correction by adding diagonal matrix with positive values for the Jacobian of the stationary equations
└             and negative values for the Jacobian of the constraints.
┌ DiffOpt.NonLinearProgram | Info ] : Inertia correction needed. 
│             Attempting correction by adding diagonal matrix with positive values for the Jacobian of the stationary equations
└             and negative values for the Jacobian of the constraints.
┌ DiffOpt.NonLinearProgram | Info ] : Inertia correction needed. 
│             Attempting correction by adding diagonal matrix with positive values for the Jacobian of the stationary equations
└             and negative values for the Jacobian of the constraints.
┌ DiffOpt.NonLinearProgram | Info ] : Inertia correction needed. 
│             Attempting correction by adding diagonal matrix with positive values for the Jacobian of the stationary equations
└             and negative values for the Jacobian of the constraints.
┌ DiffOpt.NonLinearProgram | Info ] : Inertia correction needed. 
│             Attempting correction by adding diagonal matrix with positive values for the Jacobian of the stationary equations
└             and negative values for the Jacobian of the constraints.
┌ DiffOpt.NonLinearProgram | Info ] : Inertia correction needed. 
│             Attempting correction by adding diagonal matrix with positive values for the Jacobian of the stationary equations
└             and negative values for the Jacobian of the constraints.
┌ DiffOpt.NonLinearProgram | Info ] : Inertia correction needed. 
│             Attempting correction by adding diagonal matrix with positive values for the Jacobian of the stationary equations
└             and negative values for the Jacobian of the constraints.
┌ DiffOpt.NonLinearProgram | Info ] : Inertia correction needed. 
│             Attempting correction by adding diagonal matrix with positive values for the Jacobian of the stationary equations
└             and negative values for the Jacobian of the constraints.
┌ DiffOpt.NonLinearProgram | Info ] : Inertia correction needed. 
│             Attempting correction by adding diagonal matrix with positive values for the Jacobian of the stationary equations
└             and negative values for the Jacobian of the constraints.
┌ DiffOpt.NonLinearProgram | Info ] : Inertia correction needed. 
│             Attempting correction by adding diagonal matrix with positive values for the Jacobian of the stationary equations
└             and negative values for the Jacobian of the constraints.
┌ DiffOpt.NonLinearProgram | Info ] : Inertia correction needed. 
│             Attempting correction by adding diagonal matrix with positive values for the Jacobian of the stationary equations
└             and negative values for the Jacobian of the constraints.
┌ DiffOpt.NonLinearProgram | Info ] : Inertia correction needed. 
│             Attempting correction by adding diagonal matrix with positive values for the Jacobian of the stationary equations
└             and negative values for the Jacobian of the constraints.
┌ DiffOpt.NonLinearProgram | Info ] : Inertia correction needed. 
│             Attempting correction by adding diagonal matrix with positive values for the Jacobian of the stationary equations
└             and negative values for the Jacobian of the constraints.
┌ DiffOpt.NonLinearProgram | Info ] : Inertia correction needed. 
│             Attempting correction by adding diagonal matrix with positive values for the Jacobian of the stationary equations
└             and negative values for the Jacobian of the constraints.
┌ DiffOpt.NonLinearProgram | Info ] : Inertia correction needed. 
│             Attempting correction by adding diagonal matrix with positive values for the Jacobian of the stationary equations
└             and negative values for the Jacobian of the constraints.
┌ DiffOpt.NonLinearProgram | Info ] : Inertia correction needed. 
│             Attempting correction by adding diagonal matrix with positive values for the Jacobian of the stationary equations
└             and negative values for the Jacobian of the constraints.
┌ DiffOpt.NonLinearProgram | Info ] : Inertia correction needed. 
│             Attempting correction by adding diagonal matrix with positive values for the Jacobian of the stationary equations
└             and negative values for the Jacobian of the constraints.
┌ DiffOpt.NonLinearProgram | Info ] : Inertia correction needed. 
│             Attempting correction by adding diagonal matrix with positive values for the Jacobian of the stationary equations
└             and negative values for the Jacobian of the constraints.
┌ DiffOpt.NonLinearProgram | Info ] : Inertia correction needed. 
│             Attempting correction by adding diagonal matrix with positive values for the Jacobian of the stationary equations
└             and negative values for the Jacobian of the constraints.
┌ DiffOpt.NonLinearProgram | Info ] : Inertia correction needed. 
│             Attempting correction by adding diagonal matrix with positive values for the Jacobian of the stationary equations
└             and negative values for the Jacobian of the constraints.
┌ DiffOpt.NonLinearProgram | Info ] : Inertia correction needed. 
│             Attempting correction by adding diagonal matrix with positive values for the Jacobian of the stationary equations
└             and negative values for the Jacobian of the constraints.
┌ DiffOpt.NonLinearProgram | Info ] : Inertia correction needed. 
│             Attempting correction by adding diagonal matrix with positive values for the Jacobian of the stationary equations
└             and negative values for the Jacobian of the constraints.
┌ DiffOpt.NonLinearProgram | Info ] : Inertia correction needed. 
│             Attempting correction by adding diagonal matrix with positive values for the Jacobian of the stationary equations
└             and negative values for the Jacobian of the constraints.
┌ DiffOpt.NonLinearProgram | Info ] : Inertia correction needed. 
│             Attempting correction by adding diagonal matrix with positive values for the Jacobian of the stationary equations
└             and negative values for the Jacobian of the constraints.
┌ DiffOpt.NonLinearProgram | Info ] : Inertia correction needed. 
│             Attempting correction by adding diagonal matrix with positive values for the Jacobian of the stationary equations
└             and negative values for the Jacobian of the constraints.
┌ DiffOpt.NonLinearProgram | Info ] : Inertia correction needed. 
│             Attempting correction by adding diagonal matrix with positive values for the Jacobian of the stationary equations
└             and negative values for the Jacobian of the constraints.
┌ DiffOpt.NonLinearProgram | Info ] : Inertia correction needed. 
│             Attempting correction by adding diagonal matrix with positive values for the Jacobian of the stationary equations
└             and negative values for the Jacobian of the constraints.
┌ DiffOpt.NonLinearProgram | Info ] : Inertia correction needed. 
│             Attempting correction by adding diagonal matrix with positive values for the Jacobian of the stationary equations
└             and negative values for the Jacobian of the constraints.
┌ DiffOpt.NonLinearProgram | Info ] : Inertia correction needed. 
│             Attempting correction by adding diagonal matrix with positive values for the Jacobian of the stationary equations
└             and negative values for the Jacobian of the constraints.
┌ DiffOpt.NonLinearProgram | Info ] : Inertia correction needed. 
│             Attempting correction by adding diagonal matrix with positive values for the Jacobian of the stationary equations
└             and negative values for the Jacobian of the constraints.
┌ DiffOpt.NonLinearProgram | Info ] : Inertia correction needed. 
│             Attempting correction by adding diagonal matrix with positive values for the Jacobian of the stationary equations
└             and negative values for the Jacobian of the constraints.
┌ DiffOpt.NonLinearProgram | Info ] : Inertia correction needed. 
│             Attempting correction by adding diagonal matrix with positive values for the Jacobian of the stationary equations
└             and negative values for the Jacobian of the constraints.
┌ DiffOpt.NonLinearProgram | Info ] : Inertia correction needed. 
│             Attempting correction by adding diagonal matrix with positive values for the Jacobian of the stationary equations
└             and negative values for the Jacobian of the constraints.
┌ DiffOpt.NonLinearProgram | Info ] : Inertia correction needed. 
│             Attempting correction by adding diagonal matrix with positive values for the Jacobian of the stationary equations
└             and negative values for the Jacobian of the constraints.
┌ DiffOpt.NonLinearProgram | Info ] : Inertia correction needed. 
│             Attempting correction by adding diagonal matrix with positive values for the Jacobian of the stationary equations
└             and negative values for the Jacobian of the constraints.
┌ DiffOpt.NonLinearProgram | Info ] : Inertia correction needed. 
│             Attempting correction by adding diagonal matrix with positive values for the Jacobian of the stationary equations
└             and negative values for the Jacobian of the constraints.
┌ DiffOpt.NonLinearProgram | Info ] : Inertia correction needed. 
│             Attempting correction by adding diagonal matrix with positive values for the Jacobian of the stationary equations
└             and negative values for the Jacobian of the constraints.
┌ DiffOpt.NonLinearProgram | Info ] : Inertia correction needed. 
│             Attempting correction by adding diagonal matrix with positive values for the Jacobian of the stationary equations
└             and negative values for the Jacobian of the constraints.
┌ DiffOpt.NonLinearProgram | Info ] : Inertia correction needed. 
│             Attempting correction by adding diagonal matrix with positive values for the Jacobian of the stationary equations
└             and negative values for the Jacobian of the constraints.
┌ DiffOpt.NonLinearProgram | Info ] : Inertia correction needed. 
│             Attempting correction by adding diagonal matrix with positive values for the Jacobian of the stationary equations
└             and negative values for the Jacobian of the constraints.
┌ DiffOpt.NonLinearProgram | Info ] : Inertia correction needed. 
│             Attempting correction by adding diagonal matrix with positive values for the Jacobian of the stationary equations
└             and negative values for the Jacobian of the constraints.
┌ DiffOpt.NonLinearProgram | Info ] : Inertia correction needed. 
│             Attempting correction by adding diagonal matrix with positive values for the Jacobian of the stationary equations
└             and negative values for the Jacobian of the constraints.
┌ DiffOpt.NonLinearProgram | Info ] : Inertia correction needed. 
│             Attempting correction by adding diagonal matrix with positive values for the Jacobian of the stationary equations
└             and negative values for the Jacobian of the constraints.
┌ DiffOpt.NonLinearProgram | Info ] : Inertia correction needed. 
│             Attempting correction by adding diagonal matrix with positive values for the Jacobian of the stationary equations
└             and negative values for the Jacobian of the constraints.
┌ DiffOpt.NonLinearProgram | Info ] : Inertia correction needed. 
│             Attempting correction by adding diagonal matrix with positive values for the Jacobian of the stationary equations
└             and negative values for the Jacobian of the constraints.
┌ DiffOpt.NonLinearProgram | Info ] : Inertia correction needed. 
│             Attempting correction by adding diagonal matrix with positive values for the Jacobian of the stationary equations
└             and negative values for the Jacobian of the constraints.
┌ DiffOpt.NonLinearProgram | Info ] : Inertia correction needed. 
│             Attempting correction by adding diagonal matrix with positive values for the Jacobian of the stationary equations
└             and negative values for the Jacobian of the constraints.
┌ DiffOpt.NonLinearProgram | Info ] : Inertia correction needed. 
│             Attempting correction by adding diagonal matrix with positive values for the Jacobian of the stationary equations
└             and negative values for the Jacobian of the constraints.
┌ DiffOpt.NonLinearProgram | Info ] : Inertia correction needed. 
│             Attempting correction by adding diagonal matrix with positive values for the Jacobian of the stationary equations
└             and negative values for the Jacobian of the constraints.
┌ DiffOpt.NonLinearProgram | Info ] : Inertia correction needed. 
│             Attempting correction by adding diagonal matrix with positive values for the Jacobian of the stationary equations
└             and negative values for the Jacobian of the constraints.
┌ DiffOpt.NonLinearProgram | Info ] : Inertia correction needed. 
│             Attempting correction by adding diagonal matrix with positive values for the Jacobian of the stationary equations
└             and negative values for the Jacobian of the constraints.
┌ DiffOpt.NonLinearProgram | Info ] : Inertia correction needed. 
│             Attempting correction by adding diagonal matrix with positive values for the Jacobian of the stationary equations
└             and negative values for the Jacobian of the constraints.
┌ DiffOpt.NonLinearProgram | Info ] : Inertia correction needed. 
│             Attempting correction by adding diagonal matrix with positive values for the Jacobian of the stationary equations
└             and negative values for the Jacobian of the constraints.
┌ DiffOpt.NonLinearProgram | Info ] : Inertia correction needed. 
│             Attempting correction by adding diagonal matrix with positive values for the Jacobian of the stationary equations
└             and negative values for the Jacobian of the constraints.
┌ DiffOpt.NonLinearProgram | Info ] : Inertia correction needed. 
│             Attempting correction by adding diagonal matrix with positive values for the Jacobian of the stationary equations
└             and negative values for the Jacobian of the constraints.
┌ DiffOpt.NonLinearProgram | Info ] : Inertia correction needed. 
│             Attempting correction by adding diagonal matrix with positive values for the Jacobian of the stationary equations
└             and negative values for the Jacobian of the constraints.
┌ DiffOpt.NonLinearProgram | Info ] : Inertia correction needed. 
│             Attempting correction by adding diagonal matrix with positive values for the Jacobian of the stationary equations
└             and negative values for the Jacobian of the constraints.
[ Main | Info ] : [Gini agg formal CC] Jacobian is block-diagonal (max off-block-diag = 0.0)
[ Main | Info ] : [Gini agg formal CC] T=8, N=9, m=72 (cost-weighted aggregate sort, single σ unbounded above, 81 binaries)
[ Main | Info ] : [Gini agg formal CC] Solver status: OPTIMAL (solve_time=68.85s)
[ Main | Info ] : [gini/absolute] iter 9 upper-level status = OPTIMAL
[ Main | Info ] : [gini/absolute] iter 9 timings: int=0.0s lower=56.4s (primal=13.9s jac=42.3s) upper=68.9s total=125.2s
[ FairLoadDelivery | Info ] : Iteration 10: Solving multiperiod lower-level MLD with 72 per-period weights
┌ DiffOpt.NonLinearProgram | Info ] : Inertia correction needed. 
│             Attempting correction by adding diagonal matrix with positive values for the Jacobian of the stationary equations
└             and negative values for the Jacobian of the constraints.
┌ DiffOpt.NonLinearProgram | Info ] : Inertia correction needed. 
│             Attempting correction by adding diagonal matrix with positive values for the Jacobian of the stationary equations
└             and negative values for the Jacobian of the constraints.
┌ DiffOpt.NonLinearProgram | Info ] : Inertia correction needed. 
│             Attempting correction by adding diagonal matrix with positive values for the Jacobian of the stationary equations
└             and negative values for the Jacobian of the constraints.
┌ DiffOpt.NonLinearProgram | Info ] : Inertia correction needed. 
│             Attempting correction by adding diagonal matrix with positive values for the Jacobian of the stationary equations
└             and negative values for the Jacobian of the constraints.
┌ DiffOpt.NonLinearProgram | Info ] : Inertia correction needed. 
│             Attempting correction by adding diagonal matrix with positive values for the Jacobian of the stationary equations
└             and negative values for the Jacobian of the constraints.
┌ DiffOpt.NonLinearProgram | Info ] : Inertia correction needed. 
│             Attempting correction by adding diagonal matrix with positive values for the Jacobian of the stationary equations
└             and negative values for the Jacobian of the constraints.
┌ DiffOpt.NonLinearProgram | Info ] : Inertia correction needed. 
│             Attempting correction by adding diagonal matrix with positive values for the Jacobian of the stationary equations
└             and negative values for the Jacobian of the constraints.
┌ DiffOpt.NonLinearProgram | Info ] : Inertia correction needed. 
│             Attempting correction by adding diagonal matrix with positive values for the Jacobian of the stationary equations
└             and negative values for the Jacobian of the constraints.
┌ DiffOpt.NonLinearProgram | Info ] : Inertia correction needed. 
│             Attempting correction by adding diagonal matrix with positive values for the Jacobian of the stationary equations
└             and negative values for the Jacobian of the constraints.
┌ DiffOpt.NonLinearProgram | Info ] : Inertia correction needed. 
│             Attempting correction by adding diagonal matrix with positive values for the Jacobian of the stationary equations
└             and negative values for the Jacobian of the constraints.
┌ DiffOpt.NonLinearProgram | Info ] : Inertia correction needed. 
│             Attempting correction by adding diagonal matrix with positive values for the Jacobian of the stationary equations
└             and negative values for the Jacobian of the constraints.
┌ DiffOpt.NonLinearProgram | Info ] : Inertia correction needed. 
│             Attempting correction by adding diagonal matrix with positive values for the Jacobian of the stationary equations
└             and negative values for the Jacobian of the constraints.
┌ DiffOpt.NonLinearProgram | Info ] : Inertia correction needed. 
│             Attempting correction by adding diagonal matrix with positive values for the Jacobian of the stationary equations
└             and negative values for the Jacobian of the constraints.
┌ DiffOpt.NonLinearProgram | Info ] : Inertia correction needed. 
│             Attempting correction by adding diagonal matrix with positive values for the Jacobian of the stationary equations
└             and negative values for the Jacobian of the constraints.
┌ DiffOpt.NonLinearProgram | Info ] : Inertia correction needed. 
│             Attempting correction by adding diagonal matrix with positive values for the Jacobian of the stationary equations
└             and negative values for the Jacobian of the constraints.
┌ DiffOpt.NonLinearProgram | Info ] : Inertia correction needed. 
│             Attempting correction by adding diagonal matrix with positive values for the Jacobian of the stationary equations
└             and negative values for the Jacobian of the constraints.
┌ DiffOpt.NonLinearProgram | Info ] : Inertia correction needed. 
│             Attempting correction by adding diagonal matrix with positive values for the Jacobian of the stationary equations
└             and negative values for the Jacobian of the constraints.
┌ DiffOpt.NonLinearProgram | Info ] : Inertia correction needed. 
│             Attempting correction by adding diagonal matrix with positive values for the Jacobian of the stationary equations
└             and negative values for the Jacobian of the constraints.
┌ DiffOpt.NonLinearProgram | Info ] : Inertia correction needed. 
│             Attempting correction by adding diagonal matrix with positive values for the Jacobian of the stationary equations
└             and negative values for the Jacobian of the constraints.
┌ DiffOpt.NonLinearProgram | Info ] : Inertia correction needed. 
│             Attempting correction by adding diagonal matrix with positive values for the Jacobian of the stationary equations
└             and negative values for the Jacobian of the constraints.
┌ DiffOpt.NonLinearProgram | Info ] : Inertia correction needed. 
│             Attempting correction by adding diagonal matrix with positive values for the Jacobian of the stationary equations
└             and negative values for the Jacobian of the constraints.
┌ DiffOpt.NonLinearProgram | Info ] : Inertia correction needed. 
│             Attempting correction by adding diagonal matrix with positive values for the Jacobian of the stationary equations
└             and negative values for the Jacobian of the constraints.
┌ DiffOpt.NonLinearProgram | Info ] : Inertia correction needed. 
│             Attempting correction by adding diagonal matrix with positive values for the Jacobian of the stationary equations
└             and negative values for the Jacobian of the constraints.
┌ DiffOpt.NonLinearProgram | Info ] : Inertia correction needed. 
│             Attempting correction by adding diagonal matrix with positive values for the Jacobian of the stationary equations
└             and negative values for the Jacobian of the constraints.
┌ DiffOpt.NonLinearProgram | Info ] : Inertia correction needed. 
│             Attempting correction by adding diagonal matrix with positive values for the Jacobian of the stationary equations
└             and negative values for the Jacobian of the constraints.
┌ DiffOpt.NonLinearProgram | Info ] : Inertia correction needed. 
│             Attempting correction by adding diagonal matrix with positive values for the Jacobian of the stationary equations
└             and negative values for the Jacobian of the constraints.
┌ DiffOpt.NonLinearProgram | Info ] : Inertia correction needed. 
│             Attempting correction by adding diagonal matrix with positive values for the Jacobian of the stationary equations
└             and negative values for the Jacobian of the constraints.
┌ DiffOpt.NonLinearProgram | Info ] : Inertia correction needed. 
│             Attempting correction by adding diagonal matrix with positive values for the Jacobian of the stationary equations
└             and negative values for the Jacobian of the constraints.
┌ DiffOpt.NonLinearProgram | Info ] : Inertia correction needed. 
│             Attempting correction by adding diagonal matrix with positive values for the Jacobian of the stationary equations
└             and negative values for the Jacobian of the constraints.
┌ DiffOpt.NonLinearProgram | Info ] : Inertia correction needed. 
│             Attempting correction by adding diagonal matrix with positive values for the Jacobian of the stationary equations
└             and negative values for the Jacobian of the constraints.
┌ DiffOpt.NonLinearProgram | Info ] : Inertia correction needed. 
│             Attempting correction by adding diagonal matrix with positive values for the Jacobian of the stationary equations
└             and negative values for the Jacobian of the constraints.
┌ DiffOpt.NonLinearProgram | Info ] : Inertia correction needed. 
│             Attempting correction by adding diagonal matrix with positive values for the Jacobian of the stationary equations
└             and negative values for the Jacobian of the constraints.
┌ DiffOpt.NonLinearProgram | Info ] : Inertia correction needed. 
│             Attempting correction by adding diagonal matrix with positive values for the Jacobian of the stationary equations
└             and negative values for the Jacobian of the constraints.
┌ DiffOpt.NonLinearProgram | Info ] : Inertia correction needed. 
│             Attempting correction by adding diagonal matrix with positive values for the Jacobian of the stationary equations
└             and negative values for the Jacobian of the constraints.
┌ DiffOpt.NonLinearProgram | Info ] : Inertia correction needed. 
│             Attempting correction by adding diagonal matrix with positive values for the Jacobian of the stationary equations
└             and negative values for the Jacobian of the constraints.
┌ DiffOpt.NonLinearProgram | Info ] : Inertia correction needed. 
│             Attempting correction by adding diagonal matrix with positive values for the Jacobian of the stationary equations
└             and negative values for the Jacobian of the constraints.
┌ DiffOpt.NonLinearProgram | Info ] : Inertia correction needed. 
│             Attempting correction by adding diagonal matrix with positive values for the Jacobian of the stationary equations
└             and negative values for the Jacobian of the constraints.
┌ DiffOpt.NonLinearProgram | Info ] : Inertia correction needed. 
│             Attempting correction by adding diagonal matrix with positive values for the Jacobian of the stationary equations
└             and negative values for the Jacobian of the constraints.
┌ DiffOpt.NonLinearProgram | Info ] : Inertia correction needed. 
│             Attempting correction by adding diagonal matrix with positive values for the Jacobian of the stationary equations
└             and negative values for the Jacobian of the constraints.
┌ DiffOpt.NonLinearProgram | Info ] : Inertia correction needed. 
│             Attempting correction by adding diagonal matrix with positive values for the Jacobian of the stationary equations
└             and negative values for the Jacobian of the constraints.
┌ DiffOpt.NonLinearProgram | Info ] : Inertia correction needed. 
│             Attempting correction by adding diagonal matrix with positive values for the Jacobian of the stationary equations
└             and negative values for the Jacobian of the constraints.
┌ DiffOpt.NonLinearProgram | Info ] : Inertia correction needed. 
│             Attempting correction by adding diagonal matrix with positive values for the Jacobian of the stationary equations
└             and negative values for the Jacobian of the constraints.
Set parameter Username
Set parameter LicenseID to value 2813843
Academic license - for non-commercial use only - expires 2027-04-27
Set parameter Username
Set parameter LicenseID to value 2813843
Academic license - for non-commercial use only - expires 2027-04-27
┌ DiffOpt.NonLinearProgram | Info ] : Inertia correction needed. 
│             Attempting correction by adding diagonal matrix with positive values for the Jacobian of the stationary equations
└             and negative values for the Jacobian of the constraints.
┌ DiffOpt.NonLinearProgram | Info ] : Inertia correction needed. 
│             Attempting correction by adding diagonal matrix with positive values for the Jacobian of the stationary equations
└             and negative values for the Jacobian of the constraints.
┌ DiffOpt.NonLinearProgram | Info ] : Inertia correction needed. 
│             Attempting correction by adding diagonal matrix with positive values for the Jacobian of the stationary equations
└             and negative values for the Jacobian of the constraints.
┌ DiffOpt.NonLinearProgram | Info ] : Inertia correction needed. 
│             Attempting correction by adding diagonal matrix with positive values for the Jacobian of the stationary equations
└             and negative values for the Jacobian of the constraints.
┌ DiffOpt.NonLinearProgram | Info ] : Inertia correction needed. 
│             Attempting correction by adding diagonal matrix with positive values for the Jacobian of the stationary equations
└             and negative values for the Jacobian of the constraints.
┌ DiffOpt.NonLinearProgram | Info ] : Inertia correction needed. 
│             Attempting correction by adding diagonal matrix with positive values for the Jacobian of the stationary equations
└             and negative values for the Jacobian of the constraints.
┌ DiffOpt.NonLinearProgram | Info ] : Inertia correction needed. 
│             Attempting correction by adding diagonal matrix with positive values for the Jacobian of the stationary equations
└             and negative values for the Jacobian of the constraints.
┌ DiffOpt.NonLinearProgram | Info ] : Inertia correction needed. 
│             Attempting correction by adding diagonal matrix with positive values for the Jacobian of the stationary equations
└             and negative values for the Jacobian of the constraints.
┌ DiffOpt.NonLinearProgram | Info ] : Inertia correction needed. 
│             Attempting correction by adding diagonal matrix with positive values for the Jacobian of the stationary equations
└             and negative values for the Jacobian of the constraints.
┌ DiffOpt.NonLinearProgram | Info ] : Inertia correction needed. 
│             Attempting correction by adding diagonal matrix with positive values for the Jacobian of the stationary equations
└             and negative values for the Jacobian of the constraints.
┌ DiffOpt.NonLinearProgram | Info ] : Inertia correction needed. 
│             Attempting correction by adding diagonal matrix with positive values for the Jacobian of the stationary equations
└             and negative values for the Jacobian of the constraints.
┌ DiffOpt.NonLinearProgram | Info ] : Inertia correction needed. 
│             Attempting correction by adding diagonal matrix with positive values for the Jacobian of the stationary equations
└             and negative values for the Jacobian of the constraints.
┌ DiffOpt.NonLinearProgram | Info ] : Inertia correction needed. 
│             Attempting correction by adding diagonal matrix with positive values for the Jacobian of the stationary equations
└             and negative values for the Jacobian of the constraints.
┌ DiffOpt.NonLinearProgram | Info ] : Inertia correction needed. 
│             Attempting correction by adding diagonal matrix with positive values for the Jacobian of the stationary equations
└             and negative values for the Jacobian of the constraints.
┌ DiffOpt.NonLinearProgram | Info ] : Inertia correction needed. 
│             Attempting correction by adding diagonal matrix with positive values for the Jacobian of the stationary equations
└             and negative values for the Jacobian of the constraints.
┌ DiffOpt.NonLinearProgram | Info ] : Inertia correction needed. 
│             Attempting correction by adding diagonal matrix with positive values for the Jacobian of the stationary equations
└             and negative values for the Jacobian of the constraints.
┌ DiffOpt.NonLinearProgram | Info ] : Inertia correction needed. 
│             Attempting correction by adding diagonal matrix with positive values for the Jacobian of the stationary equations
└             and negative values for the Jacobian of the constraints.
┌ DiffOpt.NonLinearProgram | Info ] : Inertia correction needed. 
│             Attempting correction by adding diagonal matrix with positive values for the Jacobian of the stationary equations
└             and negative values for the Jacobian of the constraints.
┌ DiffOpt.NonLinearProgram | Info ] : Inertia correction needed. 
│             Attempting correction by adding diagonal matrix with positive values for the Jacobian of the stationary equations
└             and negative values for the Jacobian of the constraints.
┌ DiffOpt.NonLinearProgram | Info ] : Inertia correction needed. 
│             Attempting correction by adding diagonal matrix with positive values for the Jacobian of the stationary equations
└             and negative values for the Jacobian of the constraints.
┌ DiffOpt.NonLinearProgram | Info ] : Inertia correction needed. 
│             Attempting correction by adding diagonal matrix with positive values for the Jacobian of the stationary equations
└             and negative values for the Jacobian of the constraints.
┌ DiffOpt.NonLinearProgram | Info ] : Inertia correction needed. 
│             Attempting correction by adding diagonal matrix with positive values for the Jacobian of the stationary equations
└             and negative values for the Jacobian of the constraints.
┌ DiffOpt.NonLinearProgram | Info ] : Inertia correction needed. 
│             Attempting correction by adding diagonal matrix with positive values for the Jacobian of the stationary equations
└             and negative values for the Jacobian of the constraints.
┌ DiffOpt.NonLinearProgram | Info ] : Inertia correction needed. 
│             Attempting correction by adding diagonal matrix with positive values for the Jacobian of the stationary equations
└             and negative values for the Jacobian of the constraints.
┌ DiffOpt.NonLinearProgram | Info ] : Inertia correction needed. 
│             Attempting correction by adding diagonal matrix with positive values for the Jacobian of the stationary equations
└             and negative values for the Jacobian of the constraints.
┌ DiffOpt.NonLinearProgram | Info ] : Inertia correction needed. 
│             Attempting correction by adding diagonal matrix with positive values for the Jacobian of the stationary equations
└             and negative values for the Jacobian of the constraints.
┌ DiffOpt.NonLinearProgram | Info ] : Inertia correction needed. 
│             Attempting correction by adding diagonal matrix with positive values for the Jacobian of the stationary equations
└             and negative values for the Jacobian of the constraints.
┌ DiffOpt.NonLinearProgram | Info ] : Inertia correction needed. 
│             Attempting correction by adding diagonal matrix with positive values for the Jacobian of the stationary equations
└             and negative values for the Jacobian of the constraints.
┌ DiffOpt.NonLinearProgram | Info ] : Inertia correction needed. 
│             Attempting correction by adding diagonal matrix with positive values for the Jacobian of the stationary equations
└             and negative values for the Jacobian of the constraints.
┌ DiffOpt.NonLinearProgram | Info ] : Inertia correction needed. 
│             Attempting correction by adding diagonal matrix with positive values for the Jacobian of the stationary equations
└             and negative values for the Jacobian of the constraints.
[ Main | Info ] : [Gini agg formal CC] Jacobian is block-diagonal (max off-block-diag = 0.0)
[ Main | Info ] : [Gini agg formal CC] T=8, N=9, m=72 (cost-weighted aggregate sort, single σ unbounded above, 81 binaries)
[ Main | Info ] : [Gini agg formal CC] Solver status: OPTIMAL (solve_time=90.89s)
[ Main | Info ] : [gini/absolute] iter 10 upper-level status = OPTIMAL
[ Main | Info ] : [gini/absolute] iter 10 timings: int=0.0s lower=56.0s (primal=14.3s jac=41.5s) upper=90.9s total=146.9s
[ FairLoadDelivery | Info ] : Iteration 11: Solving multiperiod lower-level MLD with 72 per-period weights
┌ DiffOpt.NonLinearProgram | Info ] : Inertia correction needed. 
│             Attempting correction by adding diagonal matrix with positive values for the Jacobian of the stationary equations
└             and negative values for the Jacobian of the constraints.
┌ DiffOpt.NonLinearProgram | Info ] : Inertia correction needed. 
│             Attempting correction by adding diagonal matrix with positive values for the Jacobian of the stationary equations
└             and negative values for the Jacobian of the constraints.
┌ DiffOpt.NonLinearProgram | Info ] : Inertia correction needed. 
│             Attempting correction by adding diagonal matrix with positive values for the Jacobian of the stationary equations
└             and negative values for the Jacobian of the constraints.
┌ DiffOpt.NonLinearProgram | Info ] : Inertia correction needed. 
│             Attempting correction by adding diagonal matrix with positive values for the Jacobian of the stationary equations
└             and negative values for the Jacobian of the constraints.
┌ DiffOpt.NonLinearProgram | Info ] : Inertia correction needed. 
│             Attempting correction by adding diagonal matrix with positive values for the Jacobian of the stationary equations
└             and negative values for the Jacobian of the constraints.
┌ DiffOpt.NonLinearProgram | Info ] : Inertia correction needed. 
│             Attempting correction by adding diagonal matrix with positive values for the Jacobian of the stationary equations
└             and negative values for the Jacobian of the constraints.
┌ DiffOpt.NonLinearProgram | Info ] : Inertia correction needed. 
│             Attempting correction by adding diagonal matrix with positive values for the Jacobian of the stationary equations
└             and negative values for the Jacobian of the constraints.
┌ DiffOpt.NonLinearProgram | Info ] : Inertia correction needed. 
│             Attempting correction by adding diagonal matrix with positive values for the Jacobian of the stationary equations
└             and negative values for the Jacobian of the constraints.
┌ DiffOpt.NonLinearProgram | Info ] : Inertia correction needed. 
│             Attempting correction by adding diagonal matrix with positive values for the Jacobian of the stationary equations
└             and negative values for the Jacobian of the constraints.
┌ DiffOpt.NonLinearProgram | Info ] : Inertia correction needed. 
│             Attempting correction by adding diagonal matrix with positive values for the Jacobian of the stationary equations
└             and negative values for the Jacobian of the constraints.
┌ DiffOpt.NonLinearProgram | Info ] : Inertia correction needed. 
│             Attempting correction by adding diagonal matrix with positive values for the Jacobian of the stationary equations
└             and negative values for the Jacobian of the constraints.
┌ DiffOpt.NonLinearProgram | Info ] : Inertia correction needed. 
│             Attempting correction by adding diagonal matrix with positive values for the Jacobian of the stationary equations
└             and negative values for the Jacobian of the constraints.
┌ DiffOpt.NonLinearProgram | Info ] : Inertia correction needed. 
│             Attempting correction by adding diagonal matrix with positive values for the Jacobian of the stationary equations
└             and negative values for the Jacobian of the constraints.
┌ DiffOpt.NonLinearProgram | Info ] : Inertia correction needed. 
│             Attempting correction by adding diagonal matrix with positive values for the Jacobian of the stationary equations
└             and negative values for the Jacobian of the constraints.
┌ DiffOpt.NonLinearProgram | Info ] : Inertia correction needed. 
│             Attempting correction by adding diagonal matrix with positive values for the Jacobian of the stationary equations
└             and negative values for the Jacobian of the constraints.
┌ DiffOpt.NonLinearProgram | Info ] : Inertia correction needed. 
│             Attempting correction by adding diagonal matrix with positive values for the Jacobian of the stationary equations
└             and negative values for the Jacobian of the constraints.
┌ DiffOpt.NonLinearProgram | Info ] : Inertia correction needed. 
│             Attempting correction by adding diagonal matrix with positive values for the Jacobian of the stationary equations
└             and negative values for the Jacobian of the constraints.
┌ DiffOpt.NonLinearProgram | Info ] : Inertia correction needed. 
│             Attempting correction by adding diagonal matrix with positive values for the Jacobian of the stationary equations
└             and negative values for the Jacobian of the constraints.
┌ DiffOpt.NonLinearProgram | Info ] : Inertia correction needed. 
│             Attempting correction by adding diagonal matrix with positive values for the Jacobian of the stationary equations
└             and negative values for the Jacobian of the constraints.
┌ DiffOpt.NonLinearProgram | Info ] : Inertia correction needed. 
│             Attempting correction by adding diagonal matrix with positive values for the Jacobian of the stationary equations
└             and negative values for the Jacobian of the constraints.
┌ DiffOpt.NonLinearProgram | Info ] : Inertia correction needed. 
│             Attempting correction by adding diagonal matrix with positive values for the Jacobian of the stationary equations
└             and negative values for the Jacobian of the constraints.
┌ DiffOpt.NonLinearProgram | Info ] : Inertia correction needed. 
│             Attempting correction by adding diagonal matrix with positive values for the Jacobian of the stationary equations
└             and negative values for the Jacobian of the constraints.
┌ DiffOpt.NonLinearProgram | Info ] : Inertia correction needed. 
│             Attempting correction by adding diagonal matrix with positive values for the Jacobian of the stationary equations
└             and negative values for the Jacobian of the constraints.
┌ DiffOpt.NonLinearProgram | Info ] : Inertia correction needed. 
│             Attempting correction by adding diagonal matrix with positive values for the Jacobian of the stationary equations
└             and negative values for the Jacobian of the constraints.
┌ DiffOpt.NonLinearProgram | Info ] : Inertia correction needed. 
│             Attempting correction by adding diagonal matrix with positive values for the Jacobian of the stationary equations
└             and negative values for the Jacobian of the constraints.
┌ DiffOpt.NonLinearProgram | Info ] : Inertia correction needed. 
│             Attempting correction by adding diagonal matrix with positive values for the Jacobian of the stationary equations
└             and negative values for the Jacobian of the constraints.
┌ DiffOpt.NonLinearProgram | Info ] : Inertia correction needed. 
│             Attempting correction by adding diagonal matrix with positive values for the Jacobian of the stationary equations
└             and negative values for the Jacobian of the constraints.
┌ DiffOpt.NonLinearProgram | Info ] : Inertia correction needed. 
│             Attempting correction by adding diagonal matrix with positive values for the Jacobian of the stationary equations
└             and negative values for the Jacobian of the constraints.
┌ DiffOpt.NonLinearProgram | Info ] : Inertia correction needed. 
│             Attempting correction by adding diagonal matrix with positive values for the Jacobian of the stationary equations
└             and negative values for the Jacobian of the constraints.
┌ DiffOpt.NonLinearProgram | Info ] : Inertia correction needed. 
│             Attempting correction by adding diagonal matrix with positive values for the Jacobian of the stationary equations
└             and negative values for the Jacobian of the constraints.
┌ DiffOpt.NonLinearProgram | Info ] : Inertia correction needed. 
│             Attempting correction by adding diagonal matrix with positive values for the Jacobian of the stationary equations
└             and negative values for the Jacobian of the constraints.
┌ DiffOpt.NonLinearProgram | Info ] : Inertia correction needed. 
│             Attempting correction by adding diagonal matrix with positive values for the Jacobian of the stationary equations
└             and negative values for the Jacobian of the constraints.
┌ DiffOpt.NonLinearProgram | Info ] : Inertia correction needed. 
│             Attempting correction by adding diagonal matrix with positive values for the Jacobian of the stationary equations
└             and negative values for the Jacobian of the constraints.
┌ DiffOpt.NonLinearProgram | Info ] : Inertia correction needed. 
│             Attempting correction by adding diagonal matrix with positive values for the Jacobian of the stationary equations
└             and negative values for the Jacobian of the constraints.
┌ DiffOpt.NonLinearProgram | Info ] : Inertia correction needed. 
│             Attempting correction by adding diagonal matrix with positive values for the Jacobian of the stationary equations
└             and negative values for the Jacobian of the constraints.
┌ DiffOpt.NonLinearProgram | Info ] : Inertia correction needed. 
│             Attempting correction by adding diagonal matrix with positive values for the Jacobian of the stationary equations
└             and negative values for the Jacobian of the constraints.
┌ DiffOpt.NonLinearProgram | Info ] : Inertia correction needed. 
│             Attempting correction by adding diagonal matrix with positive values for the Jacobian of the stationary equations
└             and negative values for the Jacobian of the constraints.
┌ DiffOpt.NonLinearProgram | Info ] : Inertia correction needed. 
│             Attempting correction by adding diagonal matrix with positive values for the Jacobian of the stationary equations
└             and negative values for the Jacobian of the constraints.
┌ DiffOpt.NonLinearProgram | Info ] : Inertia correction needed. 
│             Attempting correction by adding diagonal matrix with positive values for the Jacobian of the stationary equations
└             and negative values for the Jacobian of the constraints.
┌ DiffOpt.NonLinearProgram | Info ] : Inertia correction needed. 
│             Attempting correction by adding diagonal matrix with positive values for the Jacobian of the stationary equations
└             and negative values for the Jacobian of the constraints.
┌ DiffOpt.NonLinearProgram | Info ] : Inertia correction needed. 
│             Attempting correction by adding diagonal matrix with positive values for the Jacobian of the stationary equations
└             and negative values for the Jacobian of the constraints.
┌ DiffOpt.NonLinearProgram | Info ] : Inertia correction needed. 
│             Attempting correction by adding diagonal matrix with positive values for the Jacobian of the stationary equations
└             and negative values for the Jacobian of the constraints.
┌ DiffOpt.NonLinearProgram | Info ] : Inertia correction needed. 
│             Attempting correction by adding diagonal matrix with positive values for the Jacobian of the stationary equations
└             and negative values for the Jacobian of the constraints.
┌ DiffOpt.NonLinearProgram | Info ] : Inertia correction needed. 
│             Attempting correction by adding diagonal matrix with positive values for the Jacobian of the stationary equations
└             and negative values for the Jacobian of the constraints.
┌ DiffOpt.NonLinearProgram | Info ] : Inertia correction needed. 
│             Attempting correction by adding diagonal matrix with positive values for the Jacobian of the stationary equations
└             and negative values for the Jacobian of the constraints.
┌ DiffOpt.NonLinearProgram | Info ] : Inertia correction needed. 
│             Attempting correction by adding diagonal matrix with positive values for the Jacobian of the stationary equations
└             and negative values for the Jacobian of the constraints.
┌ DiffOpt.NonLinearProgram | Info ] : Inertia correction needed. 
│             Attempting correction by adding diagonal matrix with positive values for the Jacobian of the stationary equations
└             and negative values for the Jacobian of the constraints.
┌ DiffOpt.NonLinearProgram | Info ] : Inertia correction needed. 
│             Attempting correction by adding diagonal matrix with positive values for the Jacobian of the stationary equations
└             and negative values for the Jacobian of the constraints.
┌ DiffOpt.NonLinearProgram | Info ] : Inertia correction needed. 
│             Attempting correction by adding diagonal matrix with positive values for the Jacobian of the stationary equations
└             and negative values for the Jacobian of the constraints.
┌ DiffOpt.NonLinearProgram | Info ] : Inertia correction needed. 
│             Attempting correction by adding diagonal matrix with positive values for the Jacobian of the stationary equations
└             and negative values for the Jacobian of the constraints.
┌ DiffOpt.NonLinearProgram | Info ] : Inertia correction needed. 
│             Attempting correction by adding diagonal matrix with positive values for the Jacobian of the stationary equations
└             and negative values for the Jacobian of the constraints.
┌ DiffOpt.NonLinearProgram | Info ] : Inertia correction needed. 
│             Attempting correction by adding diagonal matrix with positive values for the Jacobian of the stationary equations
└             and negative values for the Jacobian of the constraints.
┌ DiffOpt.NonLinearProgram | Info ] : Inertia correction needed. 
│             Attempting correction by adding diagonal matrix with positive values for the Jacobian of the stationary equations
└             and negative values for the Jacobian of the constraints.
┌ DiffOpt.NonLinearProgram | Info ] : Inertia correction needed. 
│             Attempting correction by adding diagonal matrix with positive values for the Jacobian of the stationary equations
└             and negative values for the Jacobian of the constraints.
┌ DiffOpt.NonLinearProgram | Info ] : Inertia correction needed. 
│             Attempting correction by adding diagonal matrix with positive values for the Jacobian of the stationary equations
└             and negative values for the Jacobian of the constraints.
┌ DiffOpt.NonLinearProgram | Info ] : Inertia correction needed. 
│             Attempting correction by adding diagonal matrix with positive values for the Jacobian of the stationary equations
└             and negative values for the Jacobian of the constraints.
┌ DiffOpt.NonLinearProgram | Info ] : Inertia correction needed. 
│             Attempting correction by adding diagonal matrix with positive values for the Jacobian of the stationary equations
└             and negative values for the Jacobian of the constraints.
┌ DiffOpt.NonLinearProgram | Info ] : Inertia correction needed. 
│             Attempting correction by adding diagonal matrix with positive values for the Jacobian of the stationary equations
└             and negative values for the Jacobian of the constraints.
┌ DiffOpt.NonLinearProgram | Info ] : Inertia correction needed. 
│             Attempting correction by adding diagonal matrix with positive values for the Jacobian of the stationary equations
└             and negative values for the Jacobian of the constraints.
┌ DiffOpt.NonLinearProgram | Info ] : Inertia correction needed. 
│             Attempting correction by adding diagonal matrix with positive values for the Jacobian of the stationary equations
└             and negative values for the Jacobian of the constraints.
┌ DiffOpt.NonLinearProgram | Info ] : Inertia correction needed. 
│             Attempting correction by adding diagonal matrix with positive values for the Jacobian of the stationary equations
└             and negative values for the Jacobian of the constraints.
┌ DiffOpt.NonLinearProgram | Info ] : Inertia correction needed. 
│             Attempting correction by adding diagonal matrix with positive values for the Jacobian of the stationary equations
└             and negative values for the Jacobian of the constraints.
┌ DiffOpt.NonLinearProgram | Info ] : Inertia correction needed. 
│             Attempting correction by adding diagonal matrix with positive values for the Jacobian of the stationary equations
└             and negative values for the Jacobian of the constraints.
┌ DiffOpt.NonLinearProgram | Info ] : Inertia correction needed. 
│             Attempting correction by adding diagonal matrix with positive values for the Jacobian of the stationary equations
└             and negative values for the Jacobian of the constraints.
┌ DiffOpt.NonLinearProgram | Info ] : Inertia correction needed. 
│             Attempting correction by adding diagonal matrix with positive values for the Jacobian of the stationary equations
└             and negative values for the Jacobian of the constraints.
┌ DiffOpt.NonLinearProgram | Info ] : Inertia correction needed. 
│             Attempting correction by adding diagonal matrix with positive values for the Jacobian of the stationary equations
└             and negative values for the Jacobian of the constraints.
┌ DiffOpt.NonLinearProgram | Info ] : Inertia correction needed. 
│             Attempting correction by adding diagonal matrix with positive values for the Jacobian of the stationary equations
└             and negative values for the Jacobian of the constraints.
┌ DiffOpt.NonLinearProgram | Info ] : Inertia correction needed. 
│             Attempting correction by adding diagonal matrix with positive values for the Jacobian of the stationary equations
└             and negative values for the Jacobian of the constraints.
┌ DiffOpt.NonLinearProgram | Info ] : Inertia correction needed. 
│             Attempting correction by adding diagonal matrix with positive values for the Jacobian of the stationary equations
└             and negative values for the Jacobian of the constraints.
┌ DiffOpt.NonLinearProgram | Info ] : Inertia correction needed. 
│             Attempting correction by adding diagonal matrix with positive values for the Jacobian of the stationary equations
└             and negative values for the Jacobian of the constraints.
┌ DiffOpt.NonLinearProgram | Info ] : Inertia correction needed. 
│             Attempting correction by adding diagonal matrix with positive values for the Jacobian of the stationary equations
└             and negative values for the Jacobian of the constraints.
┌ DiffOpt.NonLinearProgram | Info ] : Inertia correction needed. 
│             Attempting correction by adding diagonal matrix with positive values for the Jacobian of the stationary equations
└             and negative values for the Jacobian of the constraints.
[ Main | Info ] : [Gini agg formal CC] Jacobian is block-diagonal (max off-block-diag = 0.0)
[ Main | Info ] : [Gini agg formal CC] T=8, N=9, m=72 (cost-weighted aggregate sort, single σ unbounded above, 81 binaries)
[ Main | Info ] : [Gini agg formal CC] Solver status: OPTIMAL (solve_time=51.96s)
[ Main | Info ] : [gini/absolute] iter 11 upper-level status = OPTIMAL
[ Main | Info ] : [gini/absolute] iter 11 timings: int=0.0s lower=49.8s (primal=7.7s jac=41.9s) upper=52.0s total=101.7s
[ FairLoadDelivery | Info ] : Iteration 12: Solving multiperiod lower-level MLD with 72 per-period weights
┌ DiffOpt.NonLinearProgram | Info ] : Inertia correction needed. 
│             Attempting correction by adding diagonal matrix with positive values for the Jacobian of the stationary equations
└             and negative values for the Jacobian of the constraints.
┌ DiffOpt.NonLinearProgram | Info ] : Inertia correction needed. 
│             Attempting correction by adding diagonal matrix with positive values for the Jacobian of the stationary equations
└             and negative values for the Jacobian of the constraints.
┌ DiffOpt.NonLinearProgram | Info ] : Inertia correction needed. 
│             Attempting correction by adding diagonal matrix with positive values for the Jacobian of the stationary equations
└             and negative values for the Jacobian of the constraints.
┌ DiffOpt.NonLinearProgram | Info ] : Inertia correction needed. 
│             Attempting correction by adding diagonal matrix with positive values for the Jacobian of the stationary equations
└             and negative values for the Jacobian of the constraints.
┌ DiffOpt.NonLinearProgram | Info ] : Inertia correction needed. 
│             Attempting correction by adding diagonal matrix with positive values for the Jacobian of the stationary equations
└             and negative values for the Jacobian of the constraints.
┌ DiffOpt.NonLinearProgram | Info ] : Inertia correction needed. 
│             Attempting correction by adding diagonal matrix with positive values for the Jacobian of the stationary equations
└             and negative values for the Jacobian of the constraints.
┌ DiffOpt.NonLinearProgram | Info ] : Inertia correction needed. 
│             Attempting correction by adding diagonal matrix with positive values for the Jacobian of the stationary equations
└             and negative values for the Jacobian of the constraints.
┌ DiffOpt.NonLinearProgram | Info ] : Inertia correction needed. 
│             Attempting correction by adding diagonal matrix with positive values for the Jacobian of the stationary equations
└             and negative values for the Jacobian of the constraints.
┌ DiffOpt.NonLinearProgram | Info ] : Inertia correction needed. 
│             Attempting correction by adding diagonal matrix with positive values for the Jacobian of the stationary equations
└             and negative values for the Jacobian of the constraints.
┌ DiffOpt.NonLinearProgram | Info ] : Inertia correction needed. 
│             Attempting correction by adding diagonal matrix with positive values for the Jacobian of the stationary equations
└             and negative values for the Jacobian of the constraints.
┌ DiffOpt.NonLinearProgram | Info ] : Inertia correction needed. 
│             Attempting correction by adding diagonal matrix with positive values for the Jacobian of the stationary equations
└             and negative values for the Jacobian of the constraints.
┌ DiffOpt.NonLinearProgram | Info ] : Inertia correction needed. 
│             Attempting correction by adding diagonal matrix with positive values for the Jacobian of the stationary equations
└             and negative values for the Jacobian of the constraints.
┌ DiffOpt.NonLinearProgram | Info ] : Inertia correction needed. 
│             Attempting correction by adding diagonal matrix with positive values for the Jacobian of the stationary equations
└             and negative values for the Jacobian of the constraints.
┌ DiffOpt.NonLinearProgram | Info ] : Inertia correction needed. 
│             Attempting correction by adding diagonal matrix with positive values for the Jacobian of the stationary equations
└             and negative values for the Jacobian of the constraints.
Set parameter Username
Set parameter LicenseID to value 2813843
Academic license - for non-commercial use only - expires 2027-04-27
┌ DiffOpt.NonLinearProgram | Info ] : Inertia correction needed. 
│             Attempting correction by adding diagonal matrix with positive values for the Jacobian of the stationary equations
└             and negative values for the Jacobian of the constraints.
┌ DiffOpt.NonLinearProgram | Info ] : Inertia correction needed. 
│             Attempting correction by adding diagonal matrix with positive values for the Jacobian of the stationary equations
└             and negative values for the Jacobian of the constraints.
┌ DiffOpt.NonLinearProgram | Info ] : Inertia correction needed. 
│             Attempting correction by adding diagonal matrix with positive values for the Jacobian of the stationary equations
└             and negative values for the Jacobian of the constraints.
┌ DiffOpt.NonLinearProgram | Info ] : Inertia correction needed. 
│             Attempting correction by adding diagonal matrix with positive values for the Jacobian of the stationary equations
└             and negative values for the Jacobian of the constraints.
┌ DiffOpt.NonLinearProgram | Info ] : Inertia correction needed. 
│             Attempting correction by adding diagonal matrix with positive values for the Jacobian of the stationary equations
└             and negative values for the Jacobian of the constraints.
┌ DiffOpt.NonLinearProgram | Info ] : Inertia correction needed. 
│             Attempting correction by adding diagonal matrix with positive values for the Jacobian of the stationary equations
└             and negative values for the Jacobian of the constraints.
┌ DiffOpt.NonLinearProgram | Info ] : Inertia correction needed. 
│             Attempting correction by adding diagonal matrix with positive values for the Jacobian of the stationary equations
└             and negative values for the Jacobian of the constraints.
┌ DiffOpt.NonLinearProgram | Info ] : Inertia correction needed. 
│             Attempting correction by adding diagonal matrix with positive values for the Jacobian of the stationary equations
└             and negative values for the Jacobian of the constraints.
┌ DiffOpt.NonLinearProgram | Info ] : Inertia correction needed. 
│             Attempting correction by adding diagonal matrix with positive values for the Jacobian of the stationary equations
└             and negative values for the Jacobian of the constraints.
┌ DiffOpt.NonLinearProgram | Info ] : Inertia correction needed. 
│             Attempting correction by adding diagonal matrix with positive values for the Jacobian of the stationary equations
└             and negative values for the Jacobian of the constraints.
┌ DiffOpt.NonLinearProgram | Info ] : Inertia correction needed. 
│             Attempting correction by adding diagonal matrix with positive values for the Jacobian of the stationary equations
└             and negative values for the Jacobian of the constraints.
┌ DiffOpt.NonLinearProgram | Info ] : Inertia correction needed. 
│             Attempting correction by adding diagonal matrix with positive values for the Jacobian of the stationary equations
└             and negative values for the Jacobian of the constraints.
┌ DiffOpt.NonLinearProgram | Info ] : Inertia correction needed. 
│             Attempting correction by adding diagonal matrix with positive values for the Jacobian of the stationary equations
└             and negative values for the Jacobian of the constraints.
┌ DiffOpt.NonLinearProgram | Info ] : Inertia correction needed. 
│             Attempting correction by adding diagonal matrix with positive values for the Jacobian of the stationary equations
└             and negative values for the Jacobian of the constraints.
┌ DiffOpt.NonLinearProgram | Info ] : Inertia correction needed. 
│             Attempting correction by adding diagonal matrix with positive values for the Jacobian of the stationary equations
└             and negative values for the Jacobian of the constraints.
┌ DiffOpt.NonLinearProgram | Info ] : Inertia correction needed. 
│             Attempting correction by adding diagonal matrix with positive values for the Jacobian of the stationary equations
└             and negative values for the Jacobian of the constraints.
┌ DiffOpt.NonLinearProgram | Info ] : Inertia correction needed. 
│             Attempting correction by adding diagonal matrix with positive values for the Jacobian of the stationary equations
└             and negative values for the Jacobian of the constraints.
┌ DiffOpt.NonLinearProgram | Info ] : Inertia correction needed. 
│             Attempting correction by adding diagonal matrix with positive values for the Jacobian of the stationary equations
└             and negative values for the Jacobian of the constraints.
┌ DiffOpt.NonLinearProgram | Info ] : Inertia correction needed. 
│             Attempting correction by adding diagonal matrix with positive values for the Jacobian of the stationary equations
└             and negative values for the Jacobian of the constraints.
┌ DiffOpt.NonLinearProgram | Info ] : Inertia correction needed. 
│             Attempting correction by adding diagonal matrix with positive values for the Jacobian of the stationary equations
└             and negative values for the Jacobian of the constraints.
┌ DiffOpt.NonLinearProgram | Info ] : Inertia correction needed. 
│             Attempting correction by adding diagonal matrix with positive values for the Jacobian of the stationary equations
└             and negative values for the Jacobian of the constraints.
┌ DiffOpt.NonLinearProgram | Info ] : Inertia correction needed. 
│             Attempting correction by adding diagonal matrix with positive values for the Jacobian of the stationary equations
└             and negative values for the Jacobian of the constraints.
┌ DiffOpt.NonLinearProgram | Info ] : Inertia correction needed. 
│             Attempting correction by adding diagonal matrix with positive values for the Jacobian of the stationary equations
└             and negative values for the Jacobian of the constraints.
┌ DiffOpt.NonLinearProgram | Info ] : Inertia correction needed. 
│             Attempting correction by adding diagonal matrix with positive values for the Jacobian of the stationary equations
└             and negative values for the Jacobian of the constraints.
┌ DiffOpt.NonLinearProgram | Info ] : Inertia correction needed. 
│             Attempting correction by adding diagonal matrix with positive values for the Jacobian of the stationary equations
└             and negative values for the Jacobian of the constraints.
┌ DiffOpt.NonLinearProgram | Info ] : Inertia correction needed. 
│             Attempting correction by adding diagonal matrix with positive values for the Jacobian of the stationary equations
└             and negative values for the Jacobian of the constraints.
┌ DiffOpt.NonLinearProgram | Info ] : Inertia correction needed. 
│             Attempting correction by adding diagonal matrix with positive values for the Jacobian of the stationary equations
└             and negative values for the Jacobian of the constraints.
┌ DiffOpt.NonLinearProgram | Info ] : Inertia correction needed. 
│             Attempting correction by adding diagonal matrix with positive values for the Jacobian of the stationary equations
└             and negative values for the Jacobian of the constraints.
┌ DiffOpt.NonLinearProgram | Info ] : Inertia correction needed. 
│             Attempting correction by adding diagonal matrix with positive values for the Jacobian of the stationary equations
└             and negative values for the Jacobian of the constraints.
┌ DiffOpt.NonLinearProgram | Info ] : Inertia correction needed. 
│             Attempting correction by adding diagonal matrix with positive values for the Jacobian of the stationary equations
└             and negative values for the Jacobian of the constraints.
┌ DiffOpt.NonLinearProgram | Info ] : Inertia correction needed. 
│             Attempting correction by adding diagonal matrix with positive values for the Jacobian of the stationary equations
└             and negative values for the Jacobian of the constraints.
┌ DiffOpt.NonLinearProgram | Info ] : Inertia correction needed. 
│             Attempting correction by adding diagonal matrix with positive values for the Jacobian of the stationary equations
└             and negative values for the Jacobian of the constraints.
┌ DiffOpt.NonLinearProgram | Info ] : Inertia correction needed. 
│             Attempting correction by adding diagonal matrix with positive values for the Jacobian of the stationary equations
└             and negative values for the Jacobian of the constraints.
┌ DiffOpt.NonLinearProgram | Info ] : Inertia correction needed. 
│             Attempting correction by adding diagonal matrix with positive values for the Jacobian of the stationary equations
└             and negative values for the Jacobian of the constraints.
┌ DiffOpt.NonLinearProgram | Info ] : Inertia correction needed. 
│             Attempting correction by adding diagonal matrix with positive values for the Jacobian of the stationary equations
└             and negative values for the Jacobian of the constraints.
┌ DiffOpt.NonLinearProgram | Info ] : Inertia correction needed. 
│             Attempting correction by adding diagonal matrix with positive values for the Jacobian of the stationary equations
└             and negative values for the Jacobian of the constraints.
┌ DiffOpt.NonLinearProgram | Info ] : Inertia correction needed. 
│             Attempting correction by adding diagonal matrix with positive values for the Jacobian of the stationary equations
└             and negative values for the Jacobian of the constraints.
┌ DiffOpt.NonLinearProgram | Info ] : Inertia correction needed. 
│             Attempting correction by adding diagonal matrix with positive values for the Jacobian of the stationary equations
└             and negative values for the Jacobian of the constraints.
┌ DiffOpt.NonLinearProgram | Info ] : Inertia correction needed. 
│             Attempting correction by adding diagonal matrix with positive values for the Jacobian of the stationary equations
└             and negative values for the Jacobian of the constraints.
┌ DiffOpt.NonLinearProgram | Info ] : Inertia correction needed. 
│             Attempting correction by adding diagonal matrix with positive values for the Jacobian of the stationary equations
└             and negative values for the Jacobian of the constraints.
┌ DiffOpt.NonLinearProgram | Info ] : Inertia correction needed. 
│             Attempting correction by adding diagonal matrix with positive values for the Jacobian of the stationary equations
└             and negative values for the Jacobian of the constraints.
┌ DiffOpt.NonLinearProgram | Info ] : Inertia correction needed. 
│             Attempting correction by adding diagonal matrix with positive values for the Jacobian of the stationary equations
└             and negative values for the Jacobian of the constraints.
┌ DiffOpt.NonLinearProgram | Info ] : Inertia correction needed. 
│             Attempting correction by adding diagonal matrix with positive values for the Jacobian of the stationary equations
└             and negative values for the Jacobian of the constraints.
┌ DiffOpt.NonLinearProgram | Info ] : Inertia correction needed. 
│             Attempting correction by adding diagonal matrix with positive values for the Jacobian of the stationary equations
└             and negative values for the Jacobian of the constraints.
┌ DiffOpt.NonLinearProgram | Info ] : Inertia correction needed. 
│             Attempting correction by adding diagonal matrix with positive values for the Jacobian of the stationary equations
└             and negative values for the Jacobian of the constraints.
┌ DiffOpt.NonLinearProgram | Info ] : Inertia correction needed. 
│             Attempting correction by adding diagonal matrix with positive values for the Jacobian of the stationary equations
└             and negative values for the Jacobian of the constraints.
┌ DiffOpt.NonLinearProgram | Info ] : Inertia correction needed. 
│             Attempting correction by adding diagonal matrix with positive values for the Jacobian of the stationary equations
└             and negative values for the Jacobian of the constraints.
┌ DiffOpt.NonLinearProgram | Info ] : Inertia correction needed. 
│             Attempting correction by adding diagonal matrix with positive values for the Jacobian of the stationary equations
└             and negative values for the Jacobian of the constraints.
┌ DiffOpt.NonLinearProgram | Info ] : Inertia correction needed. 
│             Attempting correction by adding diagonal matrix with positive values for the Jacobian of the stationary equations
└             and negative values for the Jacobian of the constraints.
┌ DiffOpt.NonLinearProgram | Info ] : Inertia correction needed. 
│             Attempting correction by adding diagonal matrix with positive values for the Jacobian of the stationary equations
└             and negative values for the Jacobian of the constraints.
┌ DiffOpt.NonLinearProgram | Info ] : Inertia correction needed. 
│             Attempting correction by adding diagonal matrix with positive values for the Jacobian of the stationary equations
└             and negative values for the Jacobian of the constraints.
┌ DiffOpt.NonLinearProgram | Info ] : Inertia correction needed. 
│             Attempting correction by adding diagonal matrix with positive values for the Jacobian of the stationary equations
└             and negative values for the Jacobian of the constraints.
┌ DiffOpt.NonLinearProgram | Info ] : Inertia correction needed. 
│             Attempting correction by adding diagonal matrix with positive values for the Jacobian of the stationary equations
└             and negative values for the Jacobian of the constraints.
┌ DiffOpt.NonLinearProgram | Info ] : Inertia correction needed. 
│             Attempting correction by adding diagonal matrix with positive values for the Jacobian of the stationary equations
└             and negative values for the Jacobian of the constraints.
┌ DiffOpt.NonLinearProgram | Info ] : Inertia correction needed. 
│             Attempting correction by adding diagonal matrix with positive values for the Jacobian of the stationary equations
└             and negative values for the Jacobian of the constraints.
┌ DiffOpt.NonLinearProgram | Info ] : Inertia correction needed. 
│             Attempting correction by adding diagonal matrix with positive values for the Jacobian of the stationary equations
└             and negative values for the Jacobian of the constraints.
┌ DiffOpt.NonLinearProgram | Info ] : Inertia correction needed. 
│             Attempting correction by adding diagonal matrix with positive values for the Jacobian of the stationary equations
└             and negative values for the Jacobian of the constraints.
┌ DiffOpt.NonLinearProgram | Info ] : Inertia correction needed. 
│             Attempting correction by adding diagonal matrix with positive values for the Jacobian of the stationary equations
└             and negative values for the Jacobian of the constraints.
[ Main | Info ] : [Gini agg formal CC] Jacobian is block-diagonal (max off-block-diag = 0.0)
[ Main | Info ] : [Gini agg formal CC] T=8, N=9, m=72 (cost-weighted aggregate sort, single σ unbounded above, 81 binaries)
[ Main | Info ] : [Gini agg formal CC] Solver status: OPTIMAL (solve_time=30.6s)
[ Main | Info ] : [gini/absolute] iter 12 upper-level status = OPTIMAL
[ Main | Info ] : [gini/absolute] iter 12 timings: int=0.0s lower=45.7s (primal=5.5s jac=40.1s) upper=30.6s total=76.3s
[ FairLoadDelivery | Info ] : Iteration 13: Solving multiperiod lower-level MLD with 72 per-period weights
┌ DiffOpt.NonLinearProgram | Info ] : Inertia correction needed. 
│             Attempting correction by adding diagonal matrix with positive values for the Jacobian of the stationary equations
└             and negative values for the Jacobian of the constraints.
┌ DiffOpt.NonLinearProgram | Info ] : Inertia correction needed. 
│             Attempting correction by adding diagonal matrix with positive values for the Jacobian of the stationary equations
└             and negative values for the Jacobian of the constraints.
┌ DiffOpt.NonLinearProgram | Info ] : Inertia correction needed. 
│             Attempting correction by adding diagonal matrix with positive values for the Jacobian of the stationary equations
└             and negative values for the Jacobian of the constraints.
┌ DiffOpt.NonLinearProgram | Info ] : Inertia correction needed. 
│             Attempting correction by adding diagonal matrix with positive values for the Jacobian of the stationary equations
└             and negative values for the Jacobian of the constraints.
┌ DiffOpt.NonLinearProgram | Info ] : Inertia correction needed. 
│             Attempting correction by adding diagonal matrix with positive values for the Jacobian of the stationary equations
└             and negative values for the Jacobian of the constraints.
┌ DiffOpt.NonLinearProgram | Info ] : Inertia correction needed. 
│             Attempting correction by adding diagonal matrix with positive values for the Jacobian of the stationary equations
└             and negative values for the Jacobian of the constraints.
┌ DiffOpt.NonLinearProgram | Info ] : Inertia correction needed. 
│             Attempting correction by adding diagonal matrix with positive values for the Jacobian of the stationary equations
└             and negative values for the Jacobian of the constraints.
┌ DiffOpt.NonLinearProgram | Info ] : Inertia correction needed. 
│             Attempting correction by adding diagonal matrix with positive values for the Jacobian of the stationary equations
└             and negative values for the Jacobian of the constraints.
┌ DiffOpt.NonLinearProgram | Info ] : Inertia correction needed. 
│             Attempting correction by adding diagonal matrix with positive values for the Jacobian of the stationary equations
└             and negative values for the Jacobian of the constraints.
┌ DiffOpt.NonLinearProgram | Info ] : Inertia correction needed. 
│             Attempting correction by adding diagonal matrix with positive values for the Jacobian of the stationary equations
└             and negative values for the Jacobian of the constraints.
┌ DiffOpt.NonLinearProgram | Info ] : Inertia correction needed. 
│             Attempting correction by adding diagonal matrix with positive values for the Jacobian of the stationary equations
└             and negative values for the Jacobian of the constraints.
┌ DiffOpt.NonLinearProgram | Info ] : Inertia correction needed. 
│             Attempting correction by adding diagonal matrix with positive values for the Jacobian of the stationary equations
└             and negative values for the Jacobian of the constraints.
┌ DiffOpt.NonLinearProgram | Info ] : Inertia correction needed. 
│             Attempting correction by adding diagonal matrix with positive values for the Jacobian of the stationary equations
└             and negative values for the Jacobian of the constraints.
┌ DiffOpt.NonLinearProgram | Info ] : Inertia correction needed. 
│             Attempting correction by adding diagonal matrix with positive values for the Jacobian of the stationary equations
└             and negative values for the Jacobian of the constraints.
┌ DiffOpt.NonLinearProgram | Info ] : Inertia correction needed. 
│             Attempting correction by adding diagonal matrix with positive values for the Jacobian of the stationary equations
└             and negative values for the Jacobian of the constraints.
┌ DiffOpt.NonLinearProgram | Info ] : Inertia correction needed. 
│             Attempting correction by adding diagonal matrix with positive values for the Jacobian of the stationary equations
└             and negative values for the Jacobian of the constraints.
┌ DiffOpt.NonLinearProgram | Info ] : Inertia correction needed. 
│             Attempting correction by adding diagonal matrix with positive values for the Jacobian of the stationary equations
└             and negative values for the Jacobian of the constraints.
┌ DiffOpt.NonLinearProgram | Info ] : Inertia correction needed. 
│             Attempting correction by adding diagonal matrix with positive values for the Jacobian of the stationary equations
└             and negative values for the Jacobian of the constraints.
┌ DiffOpt.NonLinearProgram | Info ] : Inertia correction needed. 
│             Attempting correction by adding diagonal matrix with positive values for the Jacobian of the stationary equations
└             and negative values for the Jacobian of the constraints.
┌ DiffOpt.NonLinearProgram | Info ] : Inertia correction needed. 
│             Attempting correction by adding diagonal matrix with positive values for the Jacobian of the stationary equations
└             and negative values for the Jacobian of the constraints.
┌ DiffOpt.NonLinearProgram | Info ] : Inertia correction needed. 
│             Attempting correction by adding diagonal matrix with positive values for the Jacobian of the stationary equations
└             and negative values for the Jacobian of the constraints.
┌ DiffOpt.NonLinearProgram | Info ] : Inertia correction needed. 
│             Attempting correction by adding diagonal matrix with positive values for the Jacobian of the stationary equations
└             and negative values for the Jacobian of the constraints.
┌ DiffOpt.NonLinearProgram | Info ] : Inertia correction needed. 
│             Attempting correction by adding diagonal matrix with positive values for the Jacobian of the stationary equations
└             and negative values for the Jacobian of the constraints.
┌ DiffOpt.NonLinearProgram | Info ] : Inertia correction needed. 
│             Attempting correction by adding diagonal matrix with positive values for the Jacobian of the stationary equations
└             and negative values for the Jacobian of the constraints.
┌ DiffOpt.NonLinearProgram | Info ] : Inertia correction needed. 
│             Attempting correction by adding diagonal matrix with positive values for the Jacobian of the stationary equations
└             and negative values for the Jacobian of the constraints.
┌ DiffOpt.NonLinearProgram | Info ] : Inertia correction needed. 
│             Attempting correction by adding diagonal matrix with positive values for the Jacobian of the stationary equations
└             and negative values for the Jacobian of the constraints.
┌ DiffOpt.NonLinearProgram | Info ] : Inertia correction needed. 
│             Attempting correction by adding diagonal matrix with positive values for the Jacobian of the stationary equations
└             and negative values for the Jacobian of the constraints.
┌ DiffOpt.NonLinearProgram | Info ] : Inertia correction needed. 
│             Attempting correction by adding diagonal matrix with positive values for the Jacobian of the stationary equations
└             and negative values for the Jacobian of the constraints.
┌ DiffOpt.NonLinearProgram | Info ] : Inertia correction needed. 
│             Attempting correction by adding diagonal matrix with positive values for the Jacobian of the stationary equations
└             and negative values for the Jacobian of the constraints.
┌ DiffOpt.NonLinearProgram | Info ] : Inertia correction needed. 
│             Attempting correction by adding diagonal matrix with positive values for the Jacobian of the stationary equations
└             and negative values for the Jacobian of the constraints.
┌ DiffOpt.NonLinearProgram | Info ] : Inertia correction needed. 
│             Attempting correction by adding diagonal matrix with positive values for the Jacobian of the stationary equations
└             and negative values for the Jacobian of the constraints.
┌ DiffOpt.NonLinearProgram | Info ] : Inertia correction needed. 
│             Attempting correction by adding diagonal matrix with positive values for the Jacobian of the stationary equations
└             and negative values for the Jacobian of the constraints.
┌ DiffOpt.NonLinearProgram | Info ] : Inertia correction needed. 
│             Attempting correction by adding diagonal matrix with positive values for the Jacobian of the stationary equations
└             and negative values for the Jacobian of the constraints.
┌ DiffOpt.NonLinearProgram | Info ] : Inertia correction needed. 
│             Attempting correction by adding diagonal matrix with positive values for the Jacobian of the stationary equations
└             and negative values for the Jacobian of the constraints.
┌ DiffOpt.NonLinearProgram | Info ] : Inertia correction needed. 
│             Attempting correction by adding diagonal matrix with positive values for the Jacobian of the stationary equations
└             and negative values for the Jacobian of the constraints.
┌ DiffOpt.NonLinearProgram | Info ] : Inertia correction needed. 
│             Attempting correction by adding diagonal matrix with positive values for the Jacobian of the stationary equations
└             and negative values for the Jacobian of the constraints.
┌ DiffOpt.NonLinearProgram | Info ] : Inertia correction needed. 
│             Attempting correction by adding diagonal matrix with positive values for the Jacobian of the stationary equations
└             and negative values for the Jacobian of the constraints.
┌ DiffOpt.NonLinearProgram | Info ] : Inertia correction needed. 
│             Attempting correction by adding diagonal matrix with positive values for the Jacobian of the stationary equations
└             and negative values for the Jacobian of the constraints.
┌ DiffOpt.NonLinearProgram | Info ] : Inertia correction needed. 
│             Attempting correction by adding diagonal matrix with positive values for the Jacobian of the stationary equations
└             and negative values for the Jacobian of the constraints.
┌ DiffOpt.NonLinearProgram | Info ] : Inertia correction needed. 
│             Attempting correction by adding diagonal matrix with positive values for the Jacobian of the stationary equations
└             and negative values for the Jacobian of the constraints.
┌ DiffOpt.NonLinearProgram | Info ] : Inertia correction needed. 
│             Attempting correction by adding diagonal matrix with positive values for the Jacobian of the stationary equations
└             and negative values for the Jacobian of the constraints.
┌ DiffOpt.NonLinearProgram | Info ] : Inertia correction needed. 
│             Attempting correction by adding diagonal matrix with positive values for the Jacobian of the stationary equations
└             and negative values for the Jacobian of the constraints.
┌ DiffOpt.NonLinearProgram | Info ] : Inertia correction needed. 
│             Attempting correction by adding diagonal matrix with positive values for the Jacobian of the stationary equations
└             and negative values for the Jacobian of the constraints.
┌ DiffOpt.NonLinearProgram | Info ] : Inertia correction needed. 
│             Attempting correction by adding diagonal matrix with positive values for the Jacobian of the stationary equations
└             and negative values for the Jacobian of the constraints.
┌ DiffOpt.NonLinearProgram | Info ] : Inertia correction needed. 
│             Attempting correction by adding diagonal matrix with positive values for the Jacobian of the stationary equations
└             and negative values for the Jacobian of the constraints.
┌ DiffOpt.NonLinearProgram | Info ] : Inertia correction needed. 
│             Attempting correction by adding diagonal matrix with positive values for the Jacobian of the stationary equations
└             and negative values for the Jacobian of the constraints.
┌ DiffOpt.NonLinearProgram | Info ] : Inertia correction needed. 
│             Attempting correction by adding diagonal matrix with positive values for the Jacobian of the stationary equations
└             and negative values for the Jacobian of the constraints.
┌ DiffOpt.NonLinearProgram | Info ] : Inertia correction needed. 
│             Attempting correction by adding diagonal matrix with positive values for the Jacobian of the stationary equations
└             and negative values for the Jacobian of the constraints.
┌ DiffOpt.NonLinearProgram | Info ] : Inertia correction needed. 
│             Attempting correction by adding diagonal matrix with positive values for the Jacobian of the stationary equations
└             and negative values for the Jacobian of the constraints.
┌ DiffOpt.NonLinearProgram | Info ] : Inertia correction needed. 
│             Attempting correction by adding diagonal matrix with positive values for the Jacobian of the stationary equations
└             and negative values for the Jacobian of the constraints.
┌ DiffOpt.NonLinearProgram | Info ] : Inertia correction needed. 
│             Attempting correction by adding diagonal matrix with positive values for the Jacobian of the stationary equations
└             and negative values for the Jacobian of the constraints.
┌ DiffOpt.NonLinearProgram | Info ] : Inertia correction needed. 
│             Attempting correction by adding diagonal matrix with positive values for the Jacobian of the stationary equations
└             and negative values for the Jacobian of the constraints.
┌ DiffOpt.NonLinearProgram | Info ] : Inertia correction needed. 
│             Attempting correction by adding diagonal matrix with positive values for the Jacobian of the stationary equations
└             and negative values for the Jacobian of the constraints.
┌ DiffOpt.NonLinearProgram | Info ] : Inertia correction needed. 
│             Attempting correction by adding diagonal matrix with positive values for the Jacobian of the stationary equations
└             and negative values for the Jacobian of the constraints.
┌ DiffOpt.NonLinearProgram | Info ] : Inertia correction needed. 
│             Attempting correction by adding diagonal matrix with positive values for the Jacobian of the stationary equations
└             and negative values for the Jacobian of the constraints.
┌ DiffOpt.NonLinearProgram | Info ] : Inertia correction needed. 
│             Attempting correction by adding diagonal matrix with positive values for the Jacobian of the stationary equations
└             and negative values for the Jacobian of the constraints.
┌ DiffOpt.NonLinearProgram | Info ] : Inertia correction needed. 
│             Attempting correction by adding diagonal matrix with positive values for the Jacobian of the stationary equations
└             and negative values for the Jacobian of the constraints.
┌ DiffOpt.NonLinearProgram | Info ] : Inertia correction needed. 
│             Attempting correction by adding diagonal matrix with positive values for the Jacobian of the stationary equations
└             and negative values for the Jacobian of the constraints.
┌ DiffOpt.NonLinearProgram | Info ] : Inertia correction needed. 
│             Attempting correction by adding diagonal matrix with positive values for the Jacobian of the stationary equations
└             and negative values for the Jacobian of the constraints.
┌ DiffOpt.NonLinearProgram | Info ] : Inertia correction needed. 
│             Attempting correction by adding diagonal matrix with positive values for the Jacobian of the stationary equations
└             and negative values for the Jacobian of the constraints.
Set parameter Username
Set parameter LicenseID to value 2813843
Academic license - for non-commercial use only - expires 2027-04-27
Set parameter Username
Set parameter LicenseID to value 2813843
Academic license - for non-commercial use only - expires 2027-04-27
┌ DiffOpt.NonLinearProgram | Info ] : Inertia correction needed. 
│             Attempting correction by adding diagonal matrix with positive values for the Jacobian of the stationary equations
└             and negative values for the Jacobian of the constraints.
┌ DiffOpt.NonLinearProgram | Info ] : Inertia correction needed. 
│             Attempting correction by adding diagonal matrix with positive values for the Jacobian of the stationary equations
└             and negative values for the Jacobian of the constraints.
┌ DiffOpt.NonLinearProgram | Info ] : Inertia correction needed. 
│             Attempting correction by adding diagonal matrix with positive values for the Jacobian of the stationary equations
└             and negative values for the Jacobian of the constraints.
┌ DiffOpt.NonLinearProgram | Info ] : Inertia correction needed. 
│             Attempting correction by adding diagonal matrix with positive values for the Jacobian of the stationary equations
└             and negative values for the Jacobian of the constraints.
┌ DiffOpt.NonLinearProgram | Info ] : Inertia correction needed. 
│             Attempting correction by adding diagonal matrix with positive values for the Jacobian of the stationary equations
└             and negative values for the Jacobian of the constraints.
┌ DiffOpt.NonLinearProgram | Info ] : Inertia correction needed. 
│             Attempting correction by adding diagonal matrix with positive values for the Jacobian of the stationary equations
└             and negative values for the Jacobian of the constraints.
┌ DiffOpt.NonLinearProgram | Info ] : Inertia correction needed. 
│             Attempting correction by adding diagonal matrix with positive values for the Jacobian of the stationary equations
└             and negative values for the Jacobian of the constraints.
┌ DiffOpt.NonLinearProgram | Info ] : Inertia correction needed. 
│             Attempting correction by adding diagonal matrix with positive values for the Jacobian of the stationary equations
└             and negative values for the Jacobian of the constraints.
┌ DiffOpt.NonLinearProgram | Info ] : Inertia correction needed. 
│             Attempting correction by adding diagonal matrix with positive values for the Jacobian of the stationary equations
└             and negative values for the Jacobian of the constraints.
┌ DiffOpt.NonLinearProgram | Info ] : Inertia correction needed. 
│             Attempting correction by adding diagonal matrix with positive values for the Jacobian of the stationary equations
└             and negative values for the Jacobian of the constraints.
┌ DiffOpt.NonLinearProgram | Info ] : Inertia correction needed. 
│             Attempting correction by adding diagonal matrix with positive values for the Jacobian of the stationary equations
└             and negative values for the Jacobian of the constraints.
┌ DiffOpt.NonLinearProgram | Info ] : Inertia correction needed. 
│             Attempting correction by adding diagonal matrix with positive values for the Jacobian of the stationary equations
└             and negative values for the Jacobian of the constraints.
[ Main | Info ] : [Gini agg formal CC] Jacobian is block-diagonal (max off-block-diag = 0.0)
[ Main | Info ] : [Gini agg formal CC] T=8, N=9, m=72 (cost-weighted aggregate sort, single σ unbounded above, 81 binaries)
[ Main | Info ] : [Gini agg formal CC] Solver status: OPTIMAL (solve_time=28.36s)
[ Main | Info ] : [gini/absolute] iter 13 upper-level status = OPTIMAL
[ Main | Info ] : [gini/absolute] iter 13 timings: int=0.0s lower=46.9s (primal=12.8s jac=33.9s) upper=28.4s total=75.2s
[ FairLoadDelivery | Info ] : Iteration 14: Solving multiperiod lower-level MLD with 72 per-period weights
┌ DiffOpt.NonLinearProgram | Info ] : Inertia correction needed. 
│             Attempting correction by adding diagonal matrix with positive values for the Jacobian of the stationary equations
└             and negative values for the Jacobian of the constraints.
┌ DiffOpt.NonLinearProgram | Info ] : Inertia correction needed. 
│             Attempting correction by adding diagonal matrix with positive values for the Jacobian of the stationary equations
└             and negative values for the Jacobian of the constraints.
┌ DiffOpt.NonLinearProgram | Info ] : Inertia correction needed. 
│             Attempting correction by adding diagonal matrix with positive values for the Jacobian of the stationary equations
└             and negative values for the Jacobian of the constraints.
┌ DiffOpt.NonLinearProgram | Info ] : Inertia correction needed. 
│             Attempting correction by adding diagonal matrix with positive values for the Jacobian of the stationary equations
└             and negative values for the Jacobian of the constraints.
┌ DiffOpt.NonLinearProgram | Info ] : Inertia correction needed. 
│             Attempting correction by adding diagonal matrix with positive values for the Jacobian of the stationary equations
└             and negative values for the Jacobian of the constraints.
┌ DiffOpt.NonLinearProgram | Info ] : Inertia correction needed. 
│             Attempting correction by adding diagonal matrix with positive values for the Jacobian of the stationary equations
└             and negative values for the Jacobian of the constraints.
┌ DiffOpt.NonLinearProgram | Info ] : Inertia correction needed. 
│             Attempting correction by adding diagonal matrix with positive values for the Jacobian of the stationary equations
└             and negative values for the Jacobian of the constraints.
┌ DiffOpt.NonLinearProgram | Info ] : Inertia correction needed. 
│             Attempting correction by adding diagonal matrix with positive values for the Jacobian of the stationary equations
└             and negative values for the Jacobian of the constraints.
┌ DiffOpt.NonLinearProgram | Info ] : Inertia correction needed. 
│             Attempting correction by adding diagonal matrix with positive values for the Jacobian of the stationary equations
└             and negative values for the Jacobian of the constraints.
┌ DiffOpt.NonLinearProgram | Info ] : Inertia correction needed. 
│             Attempting correction by adding diagonal matrix with positive values for the Jacobian of the stationary equations
└             and negative values for the Jacobian of the constraints.
┌ DiffOpt.NonLinearProgram | Info ] : Inertia correction needed. 
│             Attempting correction by adding diagonal matrix with positive values for the Jacobian of the stationary equations
└             and negative values for the Jacobian of the constraints.
┌ DiffOpt.NonLinearProgram | Info ] : Inertia correction needed. 
│             Attempting correction by adding diagonal matrix with positive values for the Jacobian of the stationary equations
└             and negative values for the Jacobian of the constraints.
┌ DiffOpt.NonLinearProgram | Info ] : Inertia correction needed. 
│             Attempting correction by adding diagonal matrix with positive values for the Jacobian of the stationary equations
└             and negative values for the Jacobian of the constraints.
┌ DiffOpt.NonLinearProgram | Info ] : Inertia correction needed. 
│             Attempting correction by adding diagonal matrix with positive values for the Jacobian of the stationary equations
└             and negative values for the Jacobian of the constraints.
┌ DiffOpt.NonLinearProgram | Info ] : Inertia correction needed. 
│             Attempting correction by adding diagonal matrix with positive values for the Jacobian of the stationary equations
└             and negative values for the Jacobian of the constraints.
┌ DiffOpt.NonLinearProgram | Info ] : Inertia correction needed. 
│             Attempting correction by adding diagonal matrix with positive values for the Jacobian of the stationary equations
└             and negative values for the Jacobian of the constraints.
┌ DiffOpt.NonLinearProgram | Info ] : Inertia correction needed. 
│             Attempting correction by adding diagonal matrix with positive values for the Jacobian of the stationary equations
└             and negative values for the Jacobian of the constraints.
┌ DiffOpt.NonLinearProgram | Info ] : Inertia correction needed. 
│             Attempting correction by adding diagonal matrix with positive values for the Jacobian of the stationary equations
└             and negative values for the Jacobian of the constraints.
┌ DiffOpt.NonLinearProgram | Info ] : Inertia correction needed. 
│             Attempting correction by adding diagonal matrix with positive values for the Jacobian of the stationary equations
└             and negative values for the Jacobian of the constraints.
┌ DiffOpt.NonLinearProgram | Info ] : Inertia correction needed. 
│             Attempting correction by adding diagonal matrix with positive values for the Jacobian of the stationary equations
└             and negative values for the Jacobian of the constraints.
┌ DiffOpt.NonLinearProgram | Info ] : Inertia correction needed. 
│             Attempting correction by adding diagonal matrix with positive values for the Jacobian of the stationary equations
└             and negative values for the Jacobian of the constraints.
┌ DiffOpt.NonLinearProgram | Info ] : Inertia correction needed. 
│             Attempting correction by adding diagonal matrix with positive values for the Jacobian of the stationary equations
└             and negative values for the Jacobian of the constraints.
┌ DiffOpt.NonLinearProgram | Info ] : Inertia correction needed. 
│             Attempting correction by adding diagonal matrix with positive values for the Jacobian of the stationary equations
└             and negative values for the Jacobian of the constraints.
┌ DiffOpt.NonLinearProgram | Info ] : Inertia correction needed. 
│             Attempting correction by adding diagonal matrix with positive values for the Jacobian of the stationary equations
└             and negative values for the Jacobian of the constraints.
┌ DiffOpt.NonLinearProgram | Info ] : Inertia correction needed. 
│             Attempting correction by adding diagonal matrix with positive values for the Jacobian of the stationary equations
└             and negative values for the Jacobian of the constraints.
┌ DiffOpt.NonLinearProgram | Info ] : Inertia correction needed. 
│             Attempting correction by adding diagonal matrix with positive values for the Jacobian of the stationary equations
└             and negative values for the Jacobian of the constraints.
┌ DiffOpt.NonLinearProgram | Info ] : Inertia correction needed. 
│             Attempting correction by adding diagonal matrix with positive values for the Jacobian of the stationary equations
└             and negative values for the Jacobian of the constraints.
┌ DiffOpt.NonLinearProgram | Info ] : Inertia correction needed. 
│             Attempting correction by adding diagonal matrix with positive values for the Jacobian of the stationary equations
└             and negative values for the Jacobian of the constraints.
┌ DiffOpt.NonLinearProgram | Info ] : Inertia correction needed. 
│             Attempting correction by adding diagonal matrix with positive values for the Jacobian of the stationary equations
└             and negative values for the Jacobian of the constraints.
┌ DiffOpt.NonLinearProgram | Info ] : Inertia correction needed. 
│             Attempting correction by adding diagonal matrix with positive values for the Jacobian of the stationary equations
└             and negative values for the Jacobian of the constraints.
┌ DiffOpt.NonLinearProgram | Info ] : Inertia correction needed. 
│             Attempting correction by adding diagonal matrix with positive values for the Jacobian of the stationary equations
└             and negative values for the Jacobian of the constraints.
┌ DiffOpt.NonLinearProgram | Info ] : Inertia correction needed. 
│             Attempting correction by adding diagonal matrix with positive values for the Jacobian of the stationary equations
└             and negative values for the Jacobian of the constraints.
┌ DiffOpt.NonLinearProgram | Info ] : Inertia correction needed. 
│             Attempting correction by adding diagonal matrix with positive values for the Jacobian of the stationary equations
└             and negative values for the Jacobian of the constraints.
┌ DiffOpt.NonLinearProgram | Info ] : Inertia correction needed. 
│             Attempting correction by adding diagonal matrix with positive values for the Jacobian of the stationary equations
└             and negative values for the Jacobian of the constraints.
┌ DiffOpt.NonLinearProgram | Info ] : Inertia correction needed. 
│             Attempting correction by adding diagonal matrix with positive values for the Jacobian of the stationary equations
└             and negative values for the Jacobian of the constraints.
┌ DiffOpt.NonLinearProgram | Info ] : Inertia correction needed. 
│             Attempting correction by adding diagonal matrix with positive values for the Jacobian of the stationary equations
└             and negative values for the Jacobian of the constraints.
┌ DiffOpt.NonLinearProgram | Info ] : Inertia correction needed. 
│             Attempting correction by adding diagonal matrix with positive values for the Jacobian of the stationary equations
└             and negative values for the Jacobian of the constraints.
┌ DiffOpt.NonLinearProgram | Info ] : Inertia correction needed. 
│             Attempting correction by adding diagonal matrix with positive values for the Jacobian of the stationary equations
└             and negative values for the Jacobian of the constraints.
┌ DiffOpt.NonLinearProgram | Info ] : Inertia correction needed. 
│             Attempting correction by adding diagonal matrix with positive values for the Jacobian of the stationary equations
└             and negative values for the Jacobian of the constraints.
┌ DiffOpt.NonLinearProgram | Info ] : Inertia correction needed. 
│             Attempting correction by adding diagonal matrix with positive values for the Jacobian of the stationary equations
└             and negative values for the Jacobian of the constraints.
┌ DiffOpt.NonLinearProgram | Info ] : Inertia correction needed. 
│             Attempting correction by adding diagonal matrix with positive values for the Jacobian of the stationary equations
└             and negative values for the Jacobian of the constraints.
┌ DiffOpt.NonLinearProgram | Info ] : Inertia correction needed. 
│             Attempting correction by adding diagonal matrix with positive values for the Jacobian of the stationary equations
└             and negative values for the Jacobian of the constraints.
┌ DiffOpt.NonLinearProgram | Info ] : Inertia correction needed. 
│             Attempting correction by adding diagonal matrix with positive values for the Jacobian of the stationary equations
└             and negative values for the Jacobian of the constraints.
┌ DiffOpt.NonLinearProgram | Info ] : Inertia correction needed. 
│             Attempting correction by adding diagonal matrix with positive values for the Jacobian of the stationary equations
└             and negative values for the Jacobian of the constraints.
┌ DiffOpt.NonLinearProgram | Info ] : Inertia correction needed. 
│             Attempting correction by adding diagonal matrix with positive values for the Jacobian of the stationary equations
└             and negative values for the Jacobian of the constraints.
┌ DiffOpt.NonLinearProgram | Info ] : Inertia correction needed. 
│             Attempting correction by adding diagonal matrix with positive values for the Jacobian of the stationary equations
└             and negative values for the Jacobian of the constraints.
┌ DiffOpt.NonLinearProgram | Info ] : Inertia correction needed. 
│             Attempting correction by adding diagonal matrix with positive values for the Jacobian of the stationary equations
└             and negative values for the Jacobian of the constraints.
┌ DiffOpt.NonLinearProgram | Info ] : Inertia correction needed. 
│             Attempting correction by adding diagonal matrix with positive values for the Jacobian of the stationary equations
└             and negative values for the Jacobian of the constraints.
┌ DiffOpt.NonLinearProgram | Info ] : Inertia correction needed. 
│             Attempting correction by adding diagonal matrix with positive values for the Jacobian of the stationary equations
└             and negative values for the Jacobian of the constraints.
┌ DiffOpt.NonLinearProgram | Info ] : Inertia correction needed. 
│             Attempting correction by adding diagonal matrix with positive values for the Jacobian of the stationary equations
└             and negative values for the Jacobian of the constraints.
┌ DiffOpt.NonLinearProgram | Info ] : Inertia correction needed. 
│             Attempting correction by adding diagonal matrix with positive values for the Jacobian of the stationary equations
└             and negative values for the Jacobian of the constraints.
┌ DiffOpt.NonLinearProgram | Info ] : Inertia correction needed. 
│             Attempting correction by adding diagonal matrix with positive values for the Jacobian of the stationary equations
└             and negative values for the Jacobian of the constraints.
┌ DiffOpt.NonLinearProgram | Info ] : Inertia correction needed. 
│             Attempting correction by adding diagonal matrix with positive values for the Jacobian of the stationary equations
└             and negative values for the Jacobian of the constraints.
┌ DiffOpt.NonLinearProgram | Info ] : Inertia correction needed. 
│             Attempting correction by adding diagonal matrix with positive values for the Jacobian of the stationary equations
└             and negative values for the Jacobian of the constraints.
┌ DiffOpt.NonLinearProgram | Info ] : Inertia correction needed. 
│             Attempting correction by adding diagonal matrix with positive values for the Jacobian of the stationary equations
└             and negative values for the Jacobian of the constraints.
┌ DiffOpt.NonLinearProgram | Info ] : Inertia correction needed. 
│             Attempting correction by adding diagonal matrix with positive values for the Jacobian of the stationary equations
└             and negative values for the Jacobian of the constraints.
┌ DiffOpt.NonLinearProgram | Info ] : Inertia correction needed. 
│             Attempting correction by adding diagonal matrix with positive values for the Jacobian of the stationary equations
└             and negative values for the Jacobian of the constraints.
┌ DiffOpt.NonLinearProgram | Info ] : Inertia correction needed. 
│             Attempting correction by adding diagonal matrix with positive values for the Jacobian of the stationary equations
└             and negative values for the Jacobian of the constraints.
┌ DiffOpt.NonLinearProgram | Info ] : Inertia correction needed. 
│             Attempting correction by adding diagonal matrix with positive values for the Jacobian of the stationary equations
└             and negative values for the Jacobian of the constraints.
┌ DiffOpt.NonLinearProgram | Info ] : Inertia correction needed. 
│             Attempting correction by adding diagonal matrix with positive values for the Jacobian of the stationary equations
└             and negative values for the Jacobian of the constraints.
┌ DiffOpt.NonLinearProgram | Info ] : Inertia correction needed. 
│             Attempting correction by adding diagonal matrix with positive values for the Jacobian of the stationary equations
└             and negative values for the Jacobian of the constraints.
┌ DiffOpt.NonLinearProgram | Info ] : Inertia correction needed. 
│             Attempting correction by adding diagonal matrix with positive values for the Jacobian of the stationary equations
└             and negative values for the Jacobian of the constraints.
┌ DiffOpt.NonLinearProgram | Info ] : Inertia correction needed. 
│             Attempting correction by adding diagonal matrix with positive values for the Jacobian of the stationary equations
└             and negative values for the Jacobian of the constraints.
┌ DiffOpt.NonLinearProgram | Info ] : Inertia correction needed. 
│             Attempting correction by adding diagonal matrix with positive values for the Jacobian of the stationary equations
└             and negative values for the Jacobian of the constraints.
┌ DiffOpt.NonLinearProgram | Info ] : Inertia correction needed. 
│             Attempting correction by adding diagonal matrix with positive values for the Jacobian of the stationary equations
└             and negative values for the Jacobian of the constraints.
┌ DiffOpt.NonLinearProgram | Info ] : Inertia correction needed. 
│             Attempting correction by adding diagonal matrix with positive values for the Jacobian of the stationary equations
└             and negative values for the Jacobian of the constraints.
┌ DiffOpt.NonLinearProgram | Info ] : Inertia correction needed. 
│             Attempting correction by adding diagonal matrix with positive values for the Jacobian of the stationary equations
└             and negative values for the Jacobian of the constraints.
┌ DiffOpt.NonLinearProgram | Info ] : Inertia correction needed. 
│             Attempting correction by adding diagonal matrix with positive values for the Jacobian of the stationary equations
└             and negative values for the Jacobian of the constraints.
┌ DiffOpt.NonLinearProgram | Info ] : Inertia correction needed. 
│             Attempting correction by adding diagonal matrix with positive values for the Jacobian of the stationary equations
└             and negative values for the Jacobian of the constraints.
┌ DiffOpt.NonLinearProgram | Info ] : Inertia correction needed. 
│             Attempting correction by adding diagonal matrix with positive values for the Jacobian of the stationary equations
└             and negative values for the Jacobian of the constraints.
┌ DiffOpt.NonLinearProgram | Info ] : Inertia correction needed. 
│             Attempting correction by adding diagonal matrix with positive values for the Jacobian of the stationary equations
└             and negative values for the Jacobian of the constraints.
┌ DiffOpt.NonLinearProgram | Info ] : Inertia correction needed. 
│             Attempting correction by adding diagonal matrix with positive values for the Jacobian of the stationary equations
└             and negative values for the Jacobian of the constraints.
[ Main | Info ] : [Gini agg formal CC] Jacobian is block-diagonal (max off-block-diag = 0.0)
[ Main | Info ] : [Gini agg formal CC] T=8, N=9, m=72 (cost-weighted aggregate sort, single σ unbounded above, 81 binaries)
[ Main | Info ] : [Gini agg formal CC] Solver status: OPTIMAL (solve_time=45.71s)
[ Main | Info ] : [gini/absolute] iter 14 upper-level status = OPTIMAL
[ Main | Info ] : [gini/absolute] iter 14 timings: int=0.0s lower=45.3s (primal=12.7s jac=32.5s) upper=45.7s total=91.0s
[ FairLoadDelivery | Info ] : Iteration 15: Solving multiperiod lower-level MLD with 72 per-period weights
┌ DiffOpt.NonLinearProgram | Info ] : Inertia correction needed. 
│             Attempting correction by adding diagonal matrix with positive values for the Jacobian of the stationary equations
└             and negative values for the Jacobian of the constraints.
┌ DiffOpt.NonLinearProgram | Info ] : Inertia correction needed. 
│             Attempting correction by adding diagonal matrix with positive values for the Jacobian of the stationary equations
└             and negative values for the Jacobian of the constraints.
┌ DiffOpt.NonLinearProgram | Info ] : Inertia correction needed. 
│             Attempting correction by adding diagonal matrix with positive values for the Jacobian of the stationary equations
└             and negative values for the Jacobian of the constraints.
┌ DiffOpt.NonLinearProgram | Info ] : Inertia correction needed. 
│             Attempting correction by adding diagonal matrix with positive values for the Jacobian of the stationary equations
└             and negative values for the Jacobian of the constraints.
┌ DiffOpt.NonLinearProgram | Info ] : Inertia correction needed. 
│             Attempting correction by adding diagonal matrix with positive values for the Jacobian of the stationary equations
└             and negative values for the Jacobian of the constraints.
┌ DiffOpt.NonLinearProgram | Info ] : Inertia correction needed. 
│             Attempting correction by adding diagonal matrix with positive values for the Jacobian of the stationary equations
└             and negative values for the Jacobian of the constraints.
┌ DiffOpt.NonLinearProgram | Info ] : Inertia correction needed. 
│             Attempting correction by adding diagonal matrix with positive values for the Jacobian of the stationary equations
└             and negative values for the Jacobian of the constraints.
┌ DiffOpt.NonLinearProgram | Info ] : Inertia correction needed. 
│             Attempting correction by adding diagonal matrix with positive values for the Jacobian of the stationary equations
└             and negative values for the Jacobian of the constraints.
┌ DiffOpt.NonLinearProgram | Info ] : Inertia correction needed. 
│             Attempting correction by adding diagonal matrix with positive values for the Jacobian of the stationary equations
└             and negative values for the Jacobian of the constraints.
┌ DiffOpt.NonLinearProgram | Info ] : Inertia correction needed. 
│             Attempting correction by adding diagonal matrix with positive values for the Jacobian of the stationary equations
└             and negative values for the Jacobian of the constraints.
┌ DiffOpt.NonLinearProgram | Info ] : Inertia correction needed. 
│             Attempting correction by adding diagonal matrix with positive values for the Jacobian of the stationary equations
└             and negative values for the Jacobian of the constraints.
┌ DiffOpt.NonLinearProgram | Info ] : Inertia correction needed. 
│             Attempting correction by adding diagonal matrix with positive values for the Jacobian of the stationary equations
└             and negative values for the Jacobian of the constraints.
┌ DiffOpt.NonLinearProgram | Info ] : Inertia correction needed. 
│             Attempting correction by adding diagonal matrix with positive values for the Jacobian of the stationary equations
└             and negative values for the Jacobian of the constraints.
┌ DiffOpt.NonLinearProgram | Info ] : Inertia correction needed. 
│             Attempting correction by adding diagonal matrix with positive values for the Jacobian of the stationary equations
└             and negative values for the Jacobian of the constraints.
┌ DiffOpt.NonLinearProgram | Info ] : Inertia correction needed. 
│             Attempting correction by adding diagonal matrix with positive values for the Jacobian of the stationary equations
└             and negative values for the Jacobian of the constraints.
┌ DiffOpt.NonLinearProgram | Info ] : Inertia correction needed. 
│             Attempting correction by adding diagonal matrix with positive values for the Jacobian of the stationary equations
└             and negative values for the Jacobian of the constraints.
┌ DiffOpt.NonLinearProgram | Info ] : Inertia correction needed. 
│             Attempting correction by adding diagonal matrix with positive values for the Jacobian of the stationary equations
└             and negative values for the Jacobian of the constraints.
┌ DiffOpt.NonLinearProgram | Info ] : Inertia correction needed. 
│             Attempting correction by adding diagonal matrix with positive values for the Jacobian of the stationary equations
└             and negative values for the Jacobian of the constraints.
┌ DiffOpt.NonLinearProgram | Info ] : Inertia correction needed. 
│             Attempting correction by adding diagonal matrix with positive values for the Jacobian of the stationary equations
└             and negative values for the Jacobian of the constraints.
┌ DiffOpt.NonLinearProgram | Info ] : Inertia correction needed. 
│             Attempting correction by adding diagonal matrix with positive values for the Jacobian of the stationary equations
└             and negative values for the Jacobian of the constraints.
┌ DiffOpt.NonLinearProgram | Info ] : Inertia correction needed. 
│             Attempting correction by adding diagonal matrix with positive values for the Jacobian of the stationary equations
└             and negative values for the Jacobian of the constraints.
┌ DiffOpt.NonLinearProgram | Info ] : Inertia correction needed. 
│             Attempting correction by adding diagonal matrix with positive values for the Jacobian of the stationary equations
└             and negative values for the Jacobian of the constraints.
┌ DiffOpt.NonLinearProgram | Info ] : Inertia correction needed. 
│             Attempting correction by adding diagonal matrix with positive values for the Jacobian of the stationary equations
└             and negative values for the Jacobian of the constraints.
┌ DiffOpt.NonLinearProgram | Info ] : Inertia correction needed. 
│             Attempting correction by adding diagonal matrix with positive values for the Jacobian of the stationary equations
└             and negative values for the Jacobian of the constraints.
┌ DiffOpt.NonLinearProgram | Info ] : Inertia correction needed. 
│             Attempting correction by adding diagonal matrix with positive values for the Jacobian of the stationary equations
└             and negative values for the Jacobian of the constraints.
┌ DiffOpt.NonLinearProgram | Info ] : Inertia correction needed. 
│             Attempting correction by adding diagonal matrix with positive values for the Jacobian of the stationary equations
└             and negative values for the Jacobian of the constraints.
┌ DiffOpt.NonLinearProgram | Info ] : Inertia correction needed. 
│             Attempting correction by adding diagonal matrix with positive values for the Jacobian of the stationary equations
└             and negative values for the Jacobian of the constraints.
┌ DiffOpt.NonLinearProgram | Info ] : Inertia correction needed. 
│             Attempting correction by adding diagonal matrix with positive values for the Jacobian of the stationary equations
└             and negative values for the Jacobian of the constraints.
┌ DiffOpt.NonLinearProgram | Info ] : Inertia correction needed. 
│             Attempting correction by adding diagonal matrix with positive values for the Jacobian of the stationary equations
└             and negative values for the Jacobian of the constraints.
┌ DiffOpt.NonLinearProgram | Info ] : Inertia correction needed. 
│             Attempting correction by adding diagonal matrix with positive values for the Jacobian of the stationary equations
└             and negative values for the Jacobian of the constraints.
┌ DiffOpt.NonLinearProgram | Info ] : Inertia correction needed. 
│             Attempting correction by adding diagonal matrix with positive values for the Jacobian of the stationary equations
└             and negative values for the Jacobian of the constraints.
┌ DiffOpt.NonLinearProgram | Info ] : Inertia correction needed. 
│             Attempting correction by adding diagonal matrix with positive values for the Jacobian of the stationary equations
└             and negative values for the Jacobian of the constraints.
Set parameter Username
Set parameter LicenseID to value 2813843
Academic license - for non-commercial use only - expires 2027-04-27
Set parameter Username
Set parameter LicenseID to value 2813843
Academic license - for non-commercial use only - expires 2027-04-27
┌ DiffOpt.NonLinearProgram | Info ] : Inertia correction needed. 
│             Attempting correction by adding diagonal matrix with positive values for the Jacobian of the stationary equations
└             and negative values for the Jacobian of the constraints.
┌ DiffOpt.NonLinearProgram | Info ] : Inertia correction needed. 
│             Attempting correction by adding diagonal matrix with positive values for the Jacobian of the stationary equations
└             and negative values for the Jacobian of the constraints.
┌ DiffOpt.NonLinearProgram | Info ] : Inertia correction needed. 
│             Attempting correction by adding diagonal matrix with positive values for the Jacobian of the stationary equations
└             and negative values for the Jacobian of the constraints.
┌ DiffOpt.NonLinearProgram | Info ] : Inertia correction needed. 
│             Attempting correction by adding diagonal matrix with positive values for the Jacobian of the stationary equations
└             and negative values for the Jacobian of the constraints.
┌ DiffOpt.NonLinearProgram | Info ] : Inertia correction needed. 
│             Attempting correction by adding diagonal matrix with positive values for the Jacobian of the stationary equations
└             and negative values for the Jacobian of the constraints.
┌ DiffOpt.NonLinearProgram | Info ] : Inertia correction needed. 
│             Attempting correction by adding diagonal matrix with positive values for the Jacobian of the stationary equations
└             and negative values for the Jacobian of the constraints.
┌ DiffOpt.NonLinearProgram | Info ] : Inertia correction needed. 
│             Attempting correction by adding diagonal matrix with positive values for the Jacobian of the stationary equations
└             and negative values for the Jacobian of the constraints.
┌ DiffOpt.NonLinearProgram | Info ] : Inertia correction needed. 
│             Attempting correction by adding diagonal matrix with positive values for the Jacobian of the stationary equations
└             and negative values for the Jacobian of the constraints.
┌ DiffOpt.NonLinearProgram | Info ] : Inertia correction needed. 
│             Attempting correction by adding diagonal matrix with positive values for the Jacobian of the stationary equations
└             and negative values for the Jacobian of the constraints.
┌ DiffOpt.NonLinearProgram | Info ] : Inertia correction needed. 
│             Attempting correction by adding diagonal matrix with positive values for the Jacobian of the stationary equations
└             and negative values for the Jacobian of the constraints.
┌ DiffOpt.NonLinearProgram | Info ] : Inertia correction needed. 
│             Attempting correction by adding diagonal matrix with positive values for the Jacobian of the stationary equations
└             and negative values for the Jacobian of the constraints.
┌ DiffOpt.NonLinearProgram | Info ] : Inertia correction needed. 
│             Attempting correction by adding diagonal matrix with positive values for the Jacobian of the stationary equations
└             and negative values for the Jacobian of the constraints.
┌ DiffOpt.NonLinearProgram | Info ] : Inertia correction needed. 
│             Attempting correction by adding diagonal matrix with positive values for the Jacobian of the stationary equations
└             and negative values for the Jacobian of the constraints.
┌ DiffOpt.NonLinearProgram | Info ] : Inertia correction needed. 
│             Attempting correction by adding diagonal matrix with positive values for the Jacobian of the stationary equations
└             and negative values for the Jacobian of the constraints.
┌ DiffOpt.NonLinearProgram | Info ] : Inertia correction needed. 
│             Attempting correction by adding diagonal matrix with positive values for the Jacobian of the stationary equations
└             and negative values for the Jacobian of the constraints.
┌ DiffOpt.NonLinearProgram | Info ] : Inertia correction needed. 
│             Attempting correction by adding diagonal matrix with positive values for the Jacobian of the stationary equations
└             and negative values for the Jacobian of the constraints.
┌ DiffOpt.NonLinearProgram | Info ] : Inertia correction needed. 
│             Attempting correction by adding diagonal matrix with positive values for the Jacobian of the stationary equations
└             and negative values for the Jacobian of the constraints.
┌ DiffOpt.NonLinearProgram | Info ] : Inertia correction needed. 
│             Attempting correction by adding diagonal matrix with positive values for the Jacobian of the stationary equations
└             and negative values for the Jacobian of the constraints.
┌ DiffOpt.NonLinearProgram | Info ] : Inertia correction needed. 
│             Attempting correction by adding diagonal matrix with positive values for the Jacobian of the stationary equations
└             and negative values for the Jacobian of the constraints.
┌ DiffOpt.NonLinearProgram | Info ] : Inertia correction needed. 
│             Attempting correction by adding diagonal matrix with positive values for the Jacobian of the stationary equations
└             and negative values for the Jacobian of the constraints.
┌ DiffOpt.NonLinearProgram | Info ] : Inertia correction needed. 
│             Attempting correction by adding diagonal matrix with positive values for the Jacobian of the stationary equations
└             and negative values for the Jacobian of the constraints.
┌ DiffOpt.NonLinearProgram | Info ] : Inertia correction needed. 
│             Attempting correction by adding diagonal matrix with positive values for the Jacobian of the stationary equations
└             and negative values for the Jacobian of the constraints.
┌ DiffOpt.NonLinearProgram | Info ] : Inertia correction needed. 
│             Attempting correction by adding diagonal matrix with positive values for the Jacobian of the stationary equations
└             and negative values for the Jacobian of the constraints.
┌ DiffOpt.NonLinearProgram | Info ] : Inertia correction needed. 
│             Attempting correction by adding diagonal matrix with positive values for the Jacobian of the stationary equations
└             and negative values for the Jacobian of the constraints.
┌ DiffOpt.NonLinearProgram | Info ] : Inertia correction needed. 
│             Attempting correction by adding diagonal matrix with positive values for the Jacobian of the stationary equations
└             and negative values for the Jacobian of the constraints.
┌ DiffOpt.NonLinearProgram | Info ] : Inertia correction needed. 
│             Attempting correction by adding diagonal matrix with positive values for the Jacobian of the stationary equations
└             and negative values for the Jacobian of the constraints.
┌ DiffOpt.NonLinearProgram | Info ] : Inertia correction needed. 
│             Attempting correction by adding diagonal matrix with positive values for the Jacobian of the stationary equations
└             and negative values for the Jacobian of the constraints.
┌ DiffOpt.NonLinearProgram | Info ] : Inertia correction needed. 
│             Attempting correction by adding diagonal matrix with positive values for the Jacobian of the stationary equations
└             and negative values for the Jacobian of the constraints.
┌ DiffOpt.NonLinearProgram | Info ] : Inertia correction needed. 
│             Attempting correction by adding diagonal matrix with positive values for the Jacobian of the stationary equations
└             and negative values for the Jacobian of the constraints.
┌ DiffOpt.NonLinearProgram | Info ] : Inertia correction needed. 
│             Attempting correction by adding diagonal matrix with positive values for the Jacobian of the stationary equations
└             and negative values for the Jacobian of the constraints.
┌ DiffOpt.NonLinearProgram | Info ] : Inertia correction needed. 
│             Attempting correction by adding diagonal matrix with positive values for the Jacobian of the stationary equations
└             and negative values for the Jacobian of the constraints.
┌ DiffOpt.NonLinearProgram | Info ] : Inertia correction needed. 
│             Attempting correction by adding diagonal matrix with positive values for the Jacobian of the stationary equations
└             and negative values for the Jacobian of the constraints.
┌ DiffOpt.NonLinearProgram | Info ] : Inertia correction needed. 
│             Attempting correction by adding diagonal matrix with positive values for the Jacobian of the stationary equations
└             and negative values for the Jacobian of the constraints.
┌ DiffOpt.NonLinearProgram | Info ] : Inertia correction needed. 
│             Attempting correction by adding diagonal matrix with positive values for the Jacobian of the stationary equations
└             and negative values for the Jacobian of the constraints.
┌ DiffOpt.NonLinearProgram | Info ] : Inertia correction needed. 
│             Attempting correction by adding diagonal matrix with positive values for the Jacobian of the stationary equations
└             and negative values for the Jacobian of the constraints.
┌ DiffOpt.NonLinearProgram | Info ] : Inertia correction needed. 
│             Attempting correction by adding diagonal matrix with positive values for the Jacobian of the stationary equations
└             and negative values for the Jacobian of the constraints.
┌ DiffOpt.NonLinearProgram | Info ] : Inertia correction needed. 
│             Attempting correction by adding diagonal matrix with positive values for the Jacobian of the stationary equations
└             and negative values for the Jacobian of the constraints.
┌ DiffOpt.NonLinearProgram | Info ] : Inertia correction needed. 
│             Attempting correction by adding diagonal matrix with positive values for the Jacobian of the stationary equations
└             and negative values for the Jacobian of the constraints.
┌ DiffOpt.NonLinearProgram | Info ] : Inertia correction needed. 
│             Attempting correction by adding diagonal matrix with positive values for the Jacobian of the stationary equations
└             and negative values for the Jacobian of the constraints.
┌ DiffOpt.NonLinearProgram | Info ] : Inertia correction needed. 
│             Attempting correction by adding diagonal matrix with positive values for the Jacobian of the stationary equations
└             and negative values for the Jacobian of the constraints.
[ Main | Info ] : [Gini agg formal CC] Jacobian is block-diagonal (max off-block-diag = 0.0)
[ Main | Info ] : [Gini agg formal CC] T=8, N=9, m=72 (cost-weighted aggregate sort, single σ unbounded above, 81 binaries)
[ Main | Info ] : [Gini agg formal CC] Solver status: OPTIMAL (solve_time=6.39s)
[ Main | Info ] : [gini/absolute] iter 15 upper-level status = OPTIMAL
[ Main | Info ] : [gini/absolute] iter 15 timings: int=0.0s lower=46.1s (primal=11.7s jac=34.2s) upper=6.4s total=52.5s
[ FairLoadDelivery | Info ] : Iteration 16: Solving multiperiod lower-level MLD with 72 per-period weights
┌ DiffOpt.NonLinearProgram | Info ] : Inertia correction needed. 
│             Attempting correction by adding diagonal matrix with positive values for the Jacobian of the stationary equations
└             and negative values for the Jacobian of the constraints.
┌ DiffOpt.NonLinearProgram | Info ] : Inertia correction needed. 
│             Attempting correction by adding diagonal matrix with positive values for the Jacobian of the stationary equations
└             and negative values for the Jacobian of the constraints.
┌ DiffOpt.NonLinearProgram | Info ] : Inertia correction needed. 
│             Attempting correction by adding diagonal matrix with positive values for the Jacobian of the stationary equations
└             and negative values for the Jacobian of the constraints.
┌ DiffOpt.NonLinearProgram | Info ] : Inertia correction needed. 
│             Attempting correction by adding diagonal matrix with positive values for the Jacobian of the stationary equations
└             and negative values for the Jacobian of the constraints.
┌ DiffOpt.NonLinearProgram | Info ] : Inertia correction needed. 
│             Attempting correction by adding diagonal matrix with positive values for the Jacobian of the stationary equations
└             and negative values for the Jacobian of the constraints.
┌ DiffOpt.NonLinearProgram | Info ] : Inertia correction needed. 
│             Attempting correction by adding diagonal matrix with positive values for the Jacobian of the stationary equations
└             and negative values for the Jacobian of the constraints.
┌ DiffOpt.NonLinearProgram | Info ] : Inertia correction needed. 
│             Attempting correction by adding diagonal matrix with positive values for the Jacobian of the stationary equations
└             and negative values for the Jacobian of the constraints.
┌ DiffOpt.NonLinearProgram | Info ] : Inertia correction needed. 
│             Attempting correction by adding diagonal matrix with positive values for the Jacobian of the stationary equations
└             and negative values for the Jacobian of the constraints.
┌ DiffOpt.NonLinearProgram | Info ] : Inertia correction needed. 
│             Attempting correction by adding diagonal matrix with positive values for the Jacobian of the stationary equations
└             and negative values for the Jacobian of the constraints.
┌ DiffOpt.NonLinearProgram | Info ] : Inertia correction needed. 
│             Attempting correction by adding diagonal matrix with positive values for the Jacobian of the stationary equations
└             and negative values for the Jacobian of the constraints.
┌ DiffOpt.NonLinearProgram | Info ] : Inertia correction needed. 
│             Attempting correction by adding diagonal matrix with positive values for the Jacobian of the stationary equations
└             and negative values for the Jacobian of the constraints.
┌ DiffOpt.NonLinearProgram | Info ] : Inertia correction needed. 
│             Attempting correction by adding diagonal matrix with positive values for the Jacobian of the stationary equations
└             and negative values for the Jacobian of the constraints.
┌ DiffOpt.NonLinearProgram | Info ] : Inertia correction needed. 
│             Attempting correction by adding diagonal matrix with positive values for the Jacobian of the stationary equations
└             and negative values for the Jacobian of the constraints.
┌ DiffOpt.NonLinearProgram | Info ] : Inertia correction needed. 
│             Attempting correction by adding diagonal matrix with positive values for the Jacobian of the stationary equations
└             and negative values for the Jacobian of the constraints.
┌ DiffOpt.NonLinearProgram | Info ] : Inertia correction needed. 
│             Attempting correction by adding diagonal matrix with positive values for the Jacobian of the stationary equations
└             and negative values for the Jacobian of the constraints.
┌ DiffOpt.NonLinearProgram | Info ] : Inertia correction needed. 
│             Attempting correction by adding diagonal matrix with positive values for the Jacobian of the stationary equations
└             and negative values for the Jacobian of the constraints.
┌ DiffOpt.NonLinearProgram | Info ] : Inertia correction needed. 
│             Attempting correction by adding diagonal matrix with positive values for the Jacobian of the stationary equations
└             and negative values for the Jacobian of the constraints.
┌ DiffOpt.NonLinearProgram | Info ] : Inertia correction needed. 
│             Attempting correction by adding diagonal matrix with positive values for the Jacobian of the stationary equations
└             and negative values for the Jacobian of the constraints.
┌ DiffOpt.NonLinearProgram | Info ] : Inertia correction needed. 
│             Attempting correction by adding diagonal matrix with positive values for the Jacobian of the stationary equations
└             and negative values for the Jacobian of the constraints.
┌ DiffOpt.NonLinearProgram | Info ] : Inertia correction needed. 
│             Attempting correction by adding diagonal matrix with positive values for the Jacobian of the stationary equations
└             and negative values for the Jacobian of the constraints.
┌ DiffOpt.NonLinearProgram | Info ] : Inertia correction needed. 
│             Attempting correction by adding diagonal matrix with positive values for the Jacobian of the stationary equations
└             and negative values for the Jacobian of the constraints.
┌ DiffOpt.NonLinearProgram | Info ] : Inertia correction needed. 
│             Attempting correction by adding diagonal matrix with positive values for the Jacobian of the stationary equations
└             and negative values for the Jacobian of the constraints.
┌ DiffOpt.NonLinearProgram | Info ] : Inertia correction needed. 
│             Attempting correction by adding diagonal matrix with positive values for the Jacobian of the stationary equations
└             and negative values for the Jacobian of the constraints.
┌ DiffOpt.NonLinearProgram | Info ] : Inertia correction needed. 
│             Attempting correction by adding diagonal matrix with positive values for the Jacobian of the stationary equations
└             and negative values for the Jacobian of the constraints.
┌ DiffOpt.NonLinearProgram | Info ] : Inertia correction needed. 
│             Attempting correction by adding diagonal matrix with positive values for the Jacobian of the stationary equations
└             and negative values for the Jacobian of the constraints.
┌ DiffOpt.NonLinearProgram | Info ] : Inertia correction needed. 
│             Attempting correction by adding diagonal matrix with positive values for the Jacobian of the stationary equations
└             and negative values for the Jacobian of the constraints.
┌ DiffOpt.NonLinearProgram | Info ] : Inertia correction needed. 
│             Attempting correction by adding diagonal matrix with positive values for the Jacobian of the stationary equations
└             and negative values for the Jacobian of the constraints.
┌ DiffOpt.NonLinearProgram | Info ] : Inertia correction needed. 
│             Attempting correction by adding diagonal matrix with positive values for the Jacobian of the stationary equations
└             and negative values for the Jacobian of the constraints.
┌ DiffOpt.NonLinearProgram | Info ] : Inertia correction needed. 
│             Attempting correction by adding diagonal matrix with positive values for the Jacobian of the stationary equations
└             and negative values for the Jacobian of the constraints.
┌ DiffOpt.NonLinearProgram | Info ] : Inertia correction needed. 
│             Attempting correction by adding diagonal matrix with positive values for the Jacobian of the stationary equations
└             and negative values for the Jacobian of the constraints.
┌ DiffOpt.NonLinearProgram | Info ] : Inertia correction needed. 
│             Attempting correction by adding diagonal matrix with positive values for the Jacobian of the stationary equations
└             and negative values for the Jacobian of the constraints.
┌ DiffOpt.NonLinearProgram | Info ] : Inertia correction needed. 
│             Attempting correction by adding diagonal matrix with positive values for the Jacobian of the stationary equations
└             and negative values for the Jacobian of the constraints.
┌ DiffOpt.NonLinearProgram | Info ] : Inertia correction needed. 
│             Attempting correction by adding diagonal matrix with positive values for the Jacobian of the stationary equations
└             and negative values for the Jacobian of the constraints.
┌ DiffOpt.NonLinearProgram | Info ] : Inertia correction needed. 
│             Attempting correction by adding diagonal matrix with positive values for the Jacobian of the stationary equations
└             and negative values for the Jacobian of the constraints.
┌ DiffOpt.NonLinearProgram | Info ] : Inertia correction needed. 
│             Attempting correction by adding diagonal matrix with positive values for the Jacobian of the stationary equations
└             and negative values for the Jacobian of the constraints.
┌ DiffOpt.NonLinearProgram | Info ] : Inertia correction needed. 
│             Attempting correction by adding diagonal matrix with positive values for the Jacobian of the stationary equations
└             and negative values for the Jacobian of the constraints.
┌ DiffOpt.NonLinearProgram | Info ] : Inertia correction needed. 
│             Attempting correction by adding diagonal matrix with positive values for the Jacobian of the stationary equations
└             and negative values for the Jacobian of the constraints.
┌ DiffOpt.NonLinearProgram | Info ] : Inertia correction needed. 
│             Attempting correction by adding diagonal matrix with positive values for the Jacobian of the stationary equations
└             and negative values for the Jacobian of the constraints.
┌ DiffOpt.NonLinearProgram | Info ] : Inertia correction needed. 
│             Attempting correction by adding diagonal matrix with positive values for the Jacobian of the stationary equations
└             and negative values for the Jacobian of the constraints.
┌ DiffOpt.NonLinearProgram | Info ] : Inertia correction needed. 
│             Attempting correction by adding diagonal matrix with positive values for the Jacobian of the stationary equations
└             and negative values for the Jacobian of the constraints.
┌ DiffOpt.NonLinearProgram | Info ] : Inertia correction needed. 
│             Attempting correction by adding diagonal matrix with positive values for the Jacobian of the stationary equations
└             and negative values for the Jacobian of the constraints.
┌ DiffOpt.NonLinearProgram | Info ] : Inertia correction needed. 
│             Attempting correction by adding diagonal matrix with positive values for the Jacobian of the stationary equations
└             and negative values for the Jacobian of the constraints.
┌ DiffOpt.NonLinearProgram | Info ] : Inertia correction needed. 
│             Attempting correction by adding diagonal matrix with positive values for the Jacobian of the stationary equations
└             and negative values for the Jacobian of the constraints.
┌ DiffOpt.NonLinearProgram | Info ] : Inertia correction needed. 
│             Attempting correction by adding diagonal matrix with positive values for the Jacobian of the stationary equations
└             and negative values for the Jacobian of the constraints.
┌ DiffOpt.NonLinearProgram | Info ] : Inertia correction needed. 
│             Attempting correction by adding diagonal matrix with positive values for the Jacobian of the stationary equations
└             and negative values for the Jacobian of the constraints.
┌ DiffOpt.NonLinearProgram | Info ] : Inertia correction needed. 
│             Attempting correction by adding diagonal matrix with positive values for the Jacobian of the stationary equations
└             and negative values for the Jacobian of the constraints.
┌ DiffOpt.NonLinearProgram | Info ] : Inertia correction needed. 
│             Attempting correction by adding diagonal matrix with positive values for the Jacobian of the stationary equations
└             and negative values for the Jacobian of the constraints.
┌ DiffOpt.NonLinearProgram | Info ] : Inertia correction needed. 
│             Attempting correction by adding diagonal matrix with positive values for the Jacobian of the stationary equations
└             and negative values for the Jacobian of the constraints.
┌ DiffOpt.NonLinearProgram | Info ] : Inertia correction needed. 
│             Attempting correction by adding diagonal matrix with positive values for the Jacobian of the stationary equations
└             and negative values for the Jacobian of the constraints.
┌ DiffOpt.NonLinearProgram | Info ] : Inertia correction needed. 
│             Attempting correction by adding diagonal matrix with positive values for the Jacobian of the stationary equations
└             and negative values for the Jacobian of the constraints.
┌ DiffOpt.NonLinearProgram | Info ] : Inertia correction needed. 
│             Attempting correction by adding diagonal matrix with positive values for the Jacobian of the stationary equations
└             and negative values for the Jacobian of the constraints.
┌ DiffOpt.NonLinearProgram | Info ] : Inertia correction needed. 
│             Attempting correction by adding diagonal matrix with positive values for the Jacobian of the stationary equations
└             and negative values for the Jacobian of the constraints.
┌ DiffOpt.NonLinearProgram | Info ] : Inertia correction needed. 
│             Attempting correction by adding diagonal matrix with positive values for the Jacobian of the stationary equations
└             and negative values for the Jacobian of the constraints.
┌ DiffOpt.NonLinearProgram | Info ] : Inertia correction needed. 
│             Attempting correction by adding diagonal matrix with positive values for the Jacobian of the stationary equations
└             and negative values for the Jacobian of the constraints.
┌ DiffOpt.NonLinearProgram | Info ] : Inertia correction needed. 
│             Attempting correction by adding diagonal matrix with positive values for the Jacobian of the stationary equations
└             and negative values for the Jacobian of the constraints.
┌ DiffOpt.NonLinearProgram | Info ] : Inertia correction needed. 
│             Attempting correction by adding diagonal matrix with positive values for the Jacobian of the stationary equations
└             and negative values for the Jacobian of the constraints.
┌ DiffOpt.NonLinearProgram | Info ] : Inertia correction needed. 
│             Attempting correction by adding diagonal matrix with positive values for the Jacobian of the stationary equations
└             and negative values for the Jacobian of the constraints.
┌ DiffOpt.NonLinearProgram | Info ] : Inertia correction needed. 
│             Attempting correction by adding diagonal matrix with positive values for the Jacobian of the stationary equations
└             and negative values for the Jacobian of the constraints.
┌ DiffOpt.NonLinearProgram | Info ] : Inertia correction needed. 
│             Attempting correction by adding diagonal matrix with positive values for the Jacobian of the stationary equations
└             and negative values for the Jacobian of the constraints.
┌ DiffOpt.NonLinearProgram | Info ] : Inertia correction needed. 
│             Attempting correction by adding diagonal matrix with positive values for the Jacobian of the stationary equations
└             and negative values for the Jacobian of the constraints.
┌ DiffOpt.NonLinearProgram | Info ] : Inertia correction needed. 
│             Attempting correction by adding diagonal matrix with positive values for the Jacobian of the stationary equations
└             and negative values for the Jacobian of the constraints.
┌ DiffOpt.NonLinearProgram | Info ] : Inertia correction needed. 
│             Attempting correction by adding diagonal matrix with positive values for the Jacobian of the stationary equations
└             and negative values for the Jacobian of the constraints.
┌ DiffOpt.NonLinearProgram | Info ] : Inertia correction needed. 
│             Attempting correction by adding diagonal matrix with positive values for the Jacobian of the stationary equations
└             and negative values for the Jacobian of the constraints.
┌ DiffOpt.NonLinearProgram | Info ] : Inertia correction needed. 
│             Attempting correction by adding diagonal matrix with positive values for the Jacobian of the stationary equations
└             and negative values for the Jacobian of the constraints.
┌ DiffOpt.NonLinearProgram | Info ] : Inertia correction needed. 
│             Attempting correction by adding diagonal matrix with positive values for the Jacobian of the stationary equations
└             and negative values for the Jacobian of the constraints.
┌ DiffOpt.NonLinearProgram | Info ] : Inertia correction needed. 
│             Attempting correction by adding diagonal matrix with positive values for the Jacobian of the stationary equations
└             and negative values for the Jacobian of the constraints.
┌ DiffOpt.NonLinearProgram | Info ] : Inertia correction needed. 
│             Attempting correction by adding diagonal matrix with positive values for the Jacobian of the stationary equations
└             and negative values for the Jacobian of the constraints.
┌ DiffOpt.NonLinearProgram | Info ] : Inertia correction needed. 
│             Attempting correction by adding diagonal matrix with positive values for the Jacobian of the stationary equations
└             and negative values for the Jacobian of the constraints.
┌ DiffOpt.NonLinearProgram | Info ] : Inertia correction needed. 
│             Attempting correction by adding diagonal matrix with positive values for the Jacobian of the stationary equations
└             and negative values for the Jacobian of the constraints.
┌ DiffOpt.NonLinearProgram | Info ] : Inertia correction needed. 
│             Attempting correction by adding diagonal matrix with positive values for the Jacobian of the stationary equations
└             and negative values for the Jacobian of the constraints.
┌ DiffOpt.NonLinearProgram | Info ] : Inertia correction needed. 
│             Attempting correction by adding diagonal matrix with positive values for the Jacobian of the stationary equations
└             and negative values for the Jacobian of the constraints.
┌ DiffOpt.NonLinearProgram | Info ] : Inertia correction needed. 
│             Attempting correction by adding diagonal matrix with positive values for the Jacobian of the stationary equations
└             and negative values for the Jacobian of the constraints.
[ Main | Info ] : [Gini agg formal CC] Jacobian is block-diagonal (max off-block-diag = 0.0)
[ Main | Info ] : [Gini agg formal CC] T=8, N=9, m=72 (cost-weighted aggregate sort, single σ unbounded above, 81 binaries)
[ Main | Info ] : [Gini agg formal CC] Solver status: OPTIMAL (solve_time=8.68s)
[ Main | Info ] : [gini/absolute] iter 16 upper-level status = OPTIMAL
[ Main | Info ] : [gini/absolute] iter 16 timings: int=0.0s lower=43.2s (primal=10.9s jac=32.2s) upper=8.7s total=51.9s
[ FairLoadDelivery | Info ] : Iteration 17: Solving multiperiod lower-level MLD with 72 per-period weights
┌ DiffOpt.NonLinearProgram | Info ] : Inertia correction needed. 
│             Attempting correction by adding diagonal matrix with positive values for the Jacobian of the stationary equations
└             and negative values for the Jacobian of the constraints.
┌ DiffOpt.NonLinearProgram | Info ] : Inertia correction needed. 
│             Attempting correction by adding diagonal matrix with positive values for the Jacobian of the stationary equations
└             and negative values for the Jacobian of the constraints.
┌ DiffOpt.NonLinearProgram | Info ] : Inertia correction needed. 
│             Attempting correction by adding diagonal matrix with positive values for the Jacobian of the stationary equations
└             and negative values for the Jacobian of the constraints.
┌ DiffOpt.NonLinearProgram | Info ] : Inertia correction needed. 
│             Attempting correction by adding diagonal matrix with positive values for the Jacobian of the stationary equations
└             and negative values for the Jacobian of the constraints.
Set parameter Username
Set parameter LicenseID to value 2813843
Academic license - for non-commercial use only - expires 2027-04-27
┌ DiffOpt.NonLinearProgram | Info ] : Inertia correction needed. 
│             Attempting correction by adding diagonal matrix with positive values for the Jacobian of the stationary equations
└             and negative values for the Jacobian of the constraints.
┌ DiffOpt.NonLinearProgram | Info ] : Inertia correction needed. 
│             Attempting correction by adding diagonal matrix with positive values for the Jacobian of the stationary equations
└             and negative values for the Jacobian of the constraints.
┌ DiffOpt.NonLinearProgram | Info ] : Inertia correction needed. 
│             Attempting correction by adding diagonal matrix with positive values for the Jacobian of the stationary equations
└             and negative values for the Jacobian of the constraints.
┌ DiffOpt.NonLinearProgram | Info ] : Inertia correction needed. 
│             Attempting correction by adding diagonal matrix with positive values for the Jacobian of the stationary equations
└             and negative values for the Jacobian of the constraints.
┌ DiffOpt.NonLinearProgram | Info ] : Inertia correction needed. 
│             Attempting correction by adding diagonal matrix with positive values for the Jacobian of the stationary equations
└             and negative values for the Jacobian of the constraints.
┌ DiffOpt.NonLinearProgram | Info ] : Inertia correction needed. 
│             Attempting correction by adding diagonal matrix with positive values for the Jacobian of the stationary equations
└             and negative values for the Jacobian of the constraints.
┌ DiffOpt.NonLinearProgram | Info ] : Inertia correction needed. 
│             Attempting correction by adding diagonal matrix with positive values for the Jacobian of the stationary equations
└             and negative values for the Jacobian of the constraints.
┌ DiffOpt.NonLinearProgram | Info ] : Inertia correction needed. 
│             Attempting correction by adding diagonal matrix with positive values for the Jacobian of the stationary equations
└             and negative values for the Jacobian of the constraints.
┌ DiffOpt.NonLinearProgram | Info ] : Inertia correction needed. 
│             Attempting correction by adding diagonal matrix with positive values for the Jacobian of the stationary equations
└             and negative values for the Jacobian of the constraints.
┌ DiffOpt.NonLinearProgram | Info ] : Inertia correction needed. 
│             Attempting correction by adding diagonal matrix with positive values for the Jacobian of the stationary equations
└             and negative values for the Jacobian of the constraints.
┌ DiffOpt.NonLinearProgram | Info ] : Inertia correction needed. 
│             Attempting correction by adding diagonal matrix with positive values for the Jacobian of the stationary equations
└             and negative values for the Jacobian of the constraints.
┌ DiffOpt.NonLinearProgram | Info ] : Inertia correction needed. 
│             Attempting correction by adding diagonal matrix with positive values for the Jacobian of the stationary equations
└             and negative values for the Jacobian of the constraints.
┌ DiffOpt.NonLinearProgram | Info ] : Inertia correction needed. 
│             Attempting correction by adding diagonal matrix with positive values for the Jacobian of the stationary equations
└             and negative values for the Jacobian of the constraints.
┌ DiffOpt.NonLinearProgram | Info ] : Inertia correction needed. 
│             Attempting correction by adding diagonal matrix with positive values for the Jacobian of the stationary equations
└             and negative values for the Jacobian of the constraints.
┌ DiffOpt.NonLinearProgram | Info ] : Inertia correction needed. 
│             Attempting correction by adding diagonal matrix with positive values for the Jacobian of the stationary equations
└             and negative values for the Jacobian of the constraints.
┌ DiffOpt.NonLinearProgram | Info ] : Inertia correction needed. 
│             Attempting correction by adding diagonal matrix with positive values for the Jacobian of the stationary equations
└             and negative values for the Jacobian of the constraints.
┌ DiffOpt.NonLinearProgram | Info ] : Inertia correction needed. 
│             Attempting correction by adding diagonal matrix with positive values for the Jacobian of the stationary equations
└             and negative values for the Jacobian of the constraints.
┌ DiffOpt.NonLinearProgram | Info ] : Inertia correction needed. 
│             Attempting correction by adding diagonal matrix with positive values for the Jacobian of the stationary equations
└             and negative values for the Jacobian of the constraints.
┌ DiffOpt.NonLinearProgram | Info ] : Inertia correction needed. 
│             Attempting correction by adding diagonal matrix with positive values for the Jacobian of the stationary equations
└             and negative values for the Jacobian of the constraints.
┌ DiffOpt.NonLinearProgram | Info ] : Inertia correction needed. 
│             Attempting correction by adding diagonal matrix with positive values for the Jacobian of the stationary equations
└             and negative values for the Jacobian of the constraints.
┌ DiffOpt.NonLinearProgram | Info ] : Inertia correction needed. 
│             Attempting correction by adding diagonal matrix with positive values for the Jacobian of the stationary equations
└             and negative values for the Jacobian of the constraints.
┌ DiffOpt.NonLinearProgram | Info ] : Inertia correction needed. 
│             Attempting correction by adding diagonal matrix with positive values for the Jacobian of the stationary equations
└             and negative values for the Jacobian of the constraints.
┌ DiffOpt.NonLinearProgram | Info ] : Inertia correction needed. 
│             Attempting correction by adding diagonal matrix with positive values for the Jacobian of the stationary equations
└             and negative values for the Jacobian of the constraints.
┌ DiffOpt.NonLinearProgram | Info ] : Inertia correction needed. 
│             Attempting correction by adding diagonal matrix with positive values for the Jacobian of the stationary equations
└             and negative values for the Jacobian of the constraints.
┌ DiffOpt.NonLinearProgram | Info ] : Inertia correction needed. 
│             Attempting correction by adding diagonal matrix with positive values for the Jacobian of the stationary equations
└             and negative values for the Jacobian of the constraints.
┌ DiffOpt.NonLinearProgram | Info ] : Inertia correction needed. 
│             Attempting correction by adding diagonal matrix with positive values for the Jacobian of the stationary equations
└             and negative values for the Jacobian of the constraints.
┌ DiffOpt.NonLinearProgram | Info ] : Inertia correction needed. 
│             Attempting correction by adding diagonal matrix with positive values for the Jacobian of the stationary equations
└             and negative values for the Jacobian of the constraints.
┌ DiffOpt.NonLinearProgram | Info ] : Inertia correction needed. 
│             Attempting correction by adding diagonal matrix with positive values for the Jacobian of the stationary equations
└             and negative values for the Jacobian of the constraints.
┌ DiffOpt.NonLinearProgram | Info ] : Inertia correction needed. 
│             Attempting correction by adding diagonal matrix with positive values for the Jacobian of the stationary equations
└             and negative values for the Jacobian of the constraints.
┌ DiffOpt.NonLinearProgram | Info ] : Inertia correction needed. 
│             Attempting correction by adding diagonal matrix with positive values for the Jacobian of the stationary equations
└             and negative values for the Jacobian of the constraints.
┌ DiffOpt.NonLinearProgram | Info ] : Inertia correction needed. 
│             Attempting correction by adding diagonal matrix with positive values for the Jacobian of the stationary equations
└             and negative values for the Jacobian of the constraints.
┌ DiffOpt.NonLinearProgram | Info ] : Inertia correction needed. 
│             Attempting correction by adding diagonal matrix with positive values for the Jacobian of the stationary equations
└             and negative values for the Jacobian of the constraints.
┌ DiffOpt.NonLinearProgram | Info ] : Inertia correction needed. 
│             Attempting correction by adding diagonal matrix with positive values for the Jacobian of the stationary equations
└             and negative values for the Jacobian of the constraints.
┌ DiffOpt.NonLinearProgram | Info ] : Inertia correction needed. 
│             Attempting correction by adding diagonal matrix with positive values for the Jacobian of the stationary equations
└             and negative values for the Jacobian of the constraints.
┌ DiffOpt.NonLinearProgram | Info ] : Inertia correction needed. 
│             Attempting correction by adding diagonal matrix with positive values for the Jacobian of the stationary equations
└             and negative values for the Jacobian of the constraints.
┌ DiffOpt.NonLinearProgram | Info ] : Inertia correction needed. 
│             Attempting correction by adding diagonal matrix with positive values for the Jacobian of the stationary equations
└             and negative values for the Jacobian of the constraints.
┌ DiffOpt.NonLinearProgram | Info ] : Inertia correction needed. 
│             Attempting correction by adding diagonal matrix with positive values for the Jacobian of the stationary equations
└             and negative values for the Jacobian of the constraints.
┌ DiffOpt.NonLinearProgram | Info ] : Inertia correction needed. 
│             Attempting correction by adding diagonal matrix with positive values for the Jacobian of the stationary equations
└             and negative values for the Jacobian of the constraints.
┌ DiffOpt.NonLinearProgram | Info ] : Inertia correction needed. 
│             Attempting correction by adding diagonal matrix with positive values for the Jacobian of the stationary equations
└             and negative values for the Jacobian of the constraints.
┌ DiffOpt.NonLinearProgram | Info ] : Inertia correction needed. 
│             Attempting correction by adding diagonal matrix with positive values for the Jacobian of the stationary equations
└             and negative values for the Jacobian of the constraints.
┌ DiffOpt.NonLinearProgram | Info ] : Inertia correction needed. 
│             Attempting correction by adding diagonal matrix with positive values for the Jacobian of the stationary equations
└             and negative values for the Jacobian of the constraints.
┌ DiffOpt.NonLinearProgram | Info ] : Inertia correction needed. 
│             Attempting correction by adding diagonal matrix with positive values for the Jacobian of the stationary equations
└             and negative values for the Jacobian of the constraints.
┌ DiffOpt.NonLinearProgram | Info ] : Inertia correction needed. 
│             Attempting correction by adding diagonal matrix with positive values for the Jacobian of the stationary equations
└             and negative values for the Jacobian of the constraints.
┌ DiffOpt.NonLinearProgram | Info ] : Inertia correction needed. 
│             Attempting correction by adding diagonal matrix with positive values for the Jacobian of the stationary equations
└             and negative values for the Jacobian of the constraints.
┌ DiffOpt.NonLinearProgram | Info ] : Inertia correction needed. 
│             Attempting correction by adding diagonal matrix with positive values for the Jacobian of the stationary equations
└             and negative values for the Jacobian of the constraints.
┌ DiffOpt.NonLinearProgram | Info ] : Inertia correction needed. 
│             Attempting correction by adding diagonal matrix with positive values for the Jacobian of the stationary equations
└             and negative values for the Jacobian of the constraints.
┌ DiffOpt.NonLinearProgram | Info ] : Inertia correction needed. 
│             Attempting correction by adding diagonal matrix with positive values for the Jacobian of the stationary equations
└             and negative values for the Jacobian of the constraints.
┌ DiffOpt.NonLinearProgram | Info ] : Inertia correction needed. 
│             Attempting correction by adding diagonal matrix with positive values for the Jacobian of the stationary equations
└             and negative values for the Jacobian of the constraints.
┌ DiffOpt.NonLinearProgram | Info ] : Inertia correction needed. 
│             Attempting correction by adding diagonal matrix with positive values for the Jacobian of the stationary equations
└             and negative values for the Jacobian of the constraints.
┌ DiffOpt.NonLinearProgram | Info ] : Inertia correction needed. 
│             Attempting correction by adding diagonal matrix with positive values for the Jacobian of the stationary equations
└             and negative values for the Jacobian of the constraints.
┌ DiffOpt.NonLinearProgram | Info ] : Inertia correction needed. 
│             Attempting correction by adding diagonal matrix with positive values for the Jacobian of the stationary equations
└             and negative values for the Jacobian of the constraints.
┌ DiffOpt.NonLinearProgram | Info ] : Inertia correction needed. 
│             Attempting correction by adding diagonal matrix with positive values for the Jacobian of the stationary equations
└             and negative values for the Jacobian of the constraints.
┌ DiffOpt.NonLinearProgram | Info ] : Inertia correction needed. 
│             Attempting correction by adding diagonal matrix with positive values for the Jacobian of the stationary equations
└             and negative values for the Jacobian of the constraints.
┌ DiffOpt.NonLinearProgram | Info ] : Inertia correction needed. 
│             Attempting correction by adding diagonal matrix with positive values for the Jacobian of the stationary equations
└             and negative values for the Jacobian of the constraints.
┌ DiffOpt.NonLinearProgram | Info ] : Inertia correction needed. 
│             Attempting correction by adding diagonal matrix with positive values for the Jacobian of the stationary equations
└             and negative values for the Jacobian of the constraints.
┌ DiffOpt.NonLinearProgram | Info ] : Inertia correction needed. 
│             Attempting correction by adding diagonal matrix with positive values for the Jacobian of the stationary equations
└             and negative values for the Jacobian of the constraints.
┌ DiffOpt.NonLinearProgram | Info ] : Inertia correction needed. 
│             Attempting correction by adding diagonal matrix with positive values for the Jacobian of the stationary equations
└             and negative values for the Jacobian of the constraints.
┌ DiffOpt.NonLinearProgram | Info ] : Inertia correction needed. 
│             Attempting correction by adding diagonal matrix with positive values for the Jacobian of the stationary equations
└             and negative values for the Jacobian of the constraints.
┌ DiffOpt.NonLinearProgram | Info ] : Inertia correction needed. 
│             Attempting correction by adding diagonal matrix with positive values for the Jacobian of the stationary equations
└             and negative values for the Jacobian of the constraints.
┌ DiffOpt.NonLinearProgram | Info ] : Inertia correction needed. 
│             Attempting correction by adding diagonal matrix with positive values for the Jacobian of the stationary equations
└             and negative values for the Jacobian of the constraints.
┌ DiffOpt.NonLinearProgram | Info ] : Inertia correction needed. 
│             Attempting correction by adding diagonal matrix with positive values for the Jacobian of the stationary equations
└             and negative values for the Jacobian of the constraints.
┌ DiffOpt.NonLinearProgram | Info ] : Inertia correction needed. 
│             Attempting correction by adding diagonal matrix with positive values for the Jacobian of the stationary equations
└             and negative values for the Jacobian of the constraints.
┌ DiffOpt.NonLinearProgram | Info ] : Inertia correction needed. 
│             Attempting correction by adding diagonal matrix with positive values for the Jacobian of the stationary equations
└             and negative values for the Jacobian of the constraints.
┌ DiffOpt.NonLinearProgram | Info ] : Inertia correction needed. 
│             Attempting correction by adding diagonal matrix with positive values for the Jacobian of the stationary equations
└             and negative values for the Jacobian of the constraints.
┌ DiffOpt.NonLinearProgram | Info ] : Inertia correction needed. 
│             Attempting correction by adding diagonal matrix with positive values for the Jacobian of the stationary equations
└             and negative values for the Jacobian of the constraints.
┌ DiffOpt.NonLinearProgram | Info ] : Inertia correction needed. 
│             Attempting correction by adding diagonal matrix with positive values for the Jacobian of the stationary equations
└             and negative values for the Jacobian of the constraints.
┌ DiffOpt.NonLinearProgram | Info ] : Inertia correction needed. 
│             Attempting correction by adding diagonal matrix with positive values for the Jacobian of the stationary equations
└             and negative values for the Jacobian of the constraints.
┌ DiffOpt.NonLinearProgram | Info ] : Inertia correction needed. 
│             Attempting correction by adding diagonal matrix with positive values for the Jacobian of the stationary equations
└             and negative values for the Jacobian of the constraints.
[ Main | Info ] : [Gini agg formal CC] Jacobian is block-diagonal (max off-block-diag = 0.0)
[ Main | Info ] : [Gini agg formal CC] T=8, N=9, m=72 (cost-weighted aggregate sort, single σ unbounded above, 81 binaries)
[ Main | Info ] : [Gini agg formal CC] Solver status: OPTIMAL (solve_time=21.05s)
[ Main | Info ] : [gini/absolute] iter 17 upper-level status = OPTIMAL
[ Main | Info ] : [gini/absolute] iter 17 timings: int=0.0s lower=42.9s (primal=10.6s jac=32.2s) upper=21.1s total=63.9s
[ FairLoadDelivery | Info ] : Iteration 18: Solving multiperiod lower-level MLD with 72 per-period weights
┌ DiffOpt.NonLinearProgram | Info ] : Inertia correction needed. 
│             Attempting correction by adding diagonal matrix with positive values for the Jacobian of the stationary equations
└             and negative values for the Jacobian of the constraints.
┌ DiffOpt.NonLinearProgram | Info ] : Inertia correction needed. 
│             Attempting correction by adding diagonal matrix with positive values for the Jacobian of the stationary equations
└             and negative values for the Jacobian of the constraints.
┌ DiffOpt.NonLinearProgram | Info ] : Inertia correction needed. 
│             Attempting correction by adding diagonal matrix with positive values for the Jacobian of the stationary equations
└             and negative values for the Jacobian of the constraints.
┌ DiffOpt.NonLinearProgram | Info ] : Inertia correction needed. 
│             Attempting correction by adding diagonal matrix with positive values for the Jacobian of the stationary equations
└             and negative values for the Jacobian of the constraints.
┌ DiffOpt.NonLinearProgram | Info ] : Inertia correction needed. 
│             Attempting correction by adding diagonal matrix with positive values for the Jacobian of the stationary equations
└             and negative values for the Jacobian of the constraints.
┌ DiffOpt.NonLinearProgram | Info ] : Inertia correction needed. 
│             Attempting correction by adding diagonal matrix with positive values for the Jacobian of the stationary equations
└             and negative values for the Jacobian of the constraints.
┌ DiffOpt.NonLinearProgram | Info ] : Inertia correction needed. 
│             Attempting correction by adding diagonal matrix with positive values for the Jacobian of the stationary equations
└             and negative values for the Jacobian of the constraints.
┌ DiffOpt.NonLinearProgram | Info ] : Inertia correction needed. 
│             Attempting correction by adding diagonal matrix with positive values for the Jacobian of the stationary equations
└             and negative values for the Jacobian of the constraints.
┌ DiffOpt.NonLinearProgram | Info ] : Inertia correction needed. 
│             Attempting correction by adding diagonal matrix with positive values for the Jacobian of the stationary equations
└             and negative values for the Jacobian of the constraints.
┌ DiffOpt.NonLinearProgram | Info ] : Inertia correction needed. 
│             Attempting correction by adding diagonal matrix with positive values for the Jacobian of the stationary equations
└             and negative values for the Jacobian of the constraints.
┌ DiffOpt.NonLinearProgram | Info ] : Inertia correction needed. 
│             Attempting correction by adding diagonal matrix with positive values for the Jacobian of the stationary equations
└             and negative values for the Jacobian of the constraints.
┌ DiffOpt.NonLinearProgram | Info ] : Inertia correction needed. 
│             Attempting correction by adding diagonal matrix with positive values for the Jacobian of the stationary equations
└             and negative values for the Jacobian of the constraints.
┌ DiffOpt.NonLinearProgram | Info ] : Inertia correction needed. 
│             Attempting correction by adding diagonal matrix with positive values for the Jacobian of the stationary equations
└             and negative values for the Jacobian of the constraints.
┌ DiffOpt.NonLinearProgram | Info ] : Inertia correction needed. 
│             Attempting correction by adding diagonal matrix with positive values for the Jacobian of the stationary equations
└             and negative values for the Jacobian of the constraints.
┌ DiffOpt.NonLinearProgram | Info ] : Inertia correction needed. 
│             Attempting correction by adding diagonal matrix with positive values for the Jacobian of the stationary equations
└             and negative values for the Jacobian of the constraints.
┌ DiffOpt.NonLinearProgram | Info ] : Inertia correction needed. 
│             Attempting correction by adding diagonal matrix with positive values for the Jacobian of the stationary equations
└             and negative values for the Jacobian of the constraints.
┌ DiffOpt.NonLinearProgram | Info ] : Inertia correction needed. 
│             Attempting correction by adding diagonal matrix with positive values for the Jacobian of the stationary equations
└             and negative values for the Jacobian of the constraints.
┌ DiffOpt.NonLinearProgram | Info ] : Inertia correction needed. 
│             Attempting correction by adding diagonal matrix with positive values for the Jacobian of the stationary equations
└             and negative values for the Jacobian of the constraints.
┌ DiffOpt.NonLinearProgram | Info ] : Inertia correction needed. 
│             Attempting correction by adding diagonal matrix with positive values for the Jacobian of the stationary equations
└             and negative values for the Jacobian of the constraints.
┌ DiffOpt.NonLinearProgram | Info ] : Inertia correction needed. 
│             Attempting correction by adding diagonal matrix with positive values for the Jacobian of the stationary equations
└             and negative values for the Jacobian of the constraints.
┌ DiffOpt.NonLinearProgram | Info ] : Inertia correction needed. 
│             Attempting correction by adding diagonal matrix with positive values for the Jacobian of the stationary equations
└             and negative values for the Jacobian of the constraints.
┌ DiffOpt.NonLinearProgram | Info ] : Inertia correction needed. 
│             Attempting correction by adding diagonal matrix with positive values for the Jacobian of the stationary equations
└             and negative values for the Jacobian of the constraints.
┌ DiffOpt.NonLinearProgram | Info ] : Inertia correction needed. 
│             Attempting correction by adding diagonal matrix with positive values for the Jacobian of the stationary equations
└             and negative values for the Jacobian of the constraints.
┌ DiffOpt.NonLinearProgram | Info ] : Inertia correction needed. 
│             Attempting correction by adding diagonal matrix with positive values for the Jacobian of the stationary equations
└             and negative values for the Jacobian of the constraints.
┌ DiffOpt.NonLinearProgram | Info ] : Inertia correction needed. 
│             Attempting correction by adding diagonal matrix with positive values for the Jacobian of the stationary equations
└             and negative values for the Jacobian of the constraints.
┌ DiffOpt.NonLinearProgram | Info ] : Inertia correction needed. 
│             Attempting correction by adding diagonal matrix with positive values for the Jacobian of the stationary equations
└             and negative values for the Jacobian of the constraints.
┌ DiffOpt.NonLinearProgram | Info ] : Inertia correction needed. 
│             Attempting correction by adding diagonal matrix with positive values for the Jacobian of the stationary equations
└             and negative values for the Jacobian of the constraints.
┌ DiffOpt.NonLinearProgram | Info ] : Inertia correction needed. 
│             Attempting correction by adding diagonal matrix with positive values for the Jacobian of the stationary equations
└             and negative values for the Jacobian of the constraints.
┌ DiffOpt.NonLinearProgram | Info ] : Inertia correction needed. 
│             Attempting correction by adding diagonal matrix with positive values for the Jacobian of the stationary equations
└             and negative values for the Jacobian of the constraints.
┌ DiffOpt.NonLinearProgram | Info ] : Inertia correction needed. 
│             Attempting correction by adding diagonal matrix with positive values for the Jacobian of the stationary equations
└             and negative values for the Jacobian of the constraints.
┌ DiffOpt.NonLinearProgram | Info ] : Inertia correction needed. 
│             Attempting correction by adding diagonal matrix with positive values for the Jacobian of the stationary equations
└             and negative values for the Jacobian of the constraints.
┌ DiffOpt.NonLinearProgram | Info ] : Inertia correction needed. 
│             Attempting correction by adding diagonal matrix with positive values for the Jacobian of the stationary equations
└             and negative values for the Jacobian of the constraints.
┌ DiffOpt.NonLinearProgram | Info ] : Inertia correction needed. 
│             Attempting correction by adding diagonal matrix with positive values for the Jacobian of the stationary equations
└             and negative values for the Jacobian of the constraints.
┌ DiffOpt.NonLinearProgram | Info ] : Inertia correction needed. 
│             Attempting correction by adding diagonal matrix with positive values for the Jacobian of the stationary equations
└             and negative values for the Jacobian of the constraints.
┌ DiffOpt.NonLinearProgram | Info ] : Inertia correction needed. 
│             Attempting correction by adding diagonal matrix with positive values for the Jacobian of the stationary equations
└             and negative values for the Jacobian of the constraints.
┌ DiffOpt.NonLinearProgram | Info ] : Inertia correction needed. 
│             Attempting correction by adding diagonal matrix with positive values for the Jacobian of the stationary equations
└             and negative values for the Jacobian of the constraints.
┌ DiffOpt.NonLinearProgram | Info ] : Inertia correction needed. 
│             Attempting correction by adding diagonal matrix with positive values for the Jacobian of the stationary equations
└             and negative values for the Jacobian of the constraints.
┌ DiffOpt.NonLinearProgram | Info ] : Inertia correction needed. 
│             Attempting correction by adding diagonal matrix with positive values for the Jacobian of the stationary equations
└             and negative values for the Jacobian of the constraints.
┌ DiffOpt.NonLinearProgram | Info ] : Inertia correction needed. 
│             Attempting correction by adding diagonal matrix with positive values for the Jacobian of the stationary equations
└             and negative values for the Jacobian of the constraints.
┌ DiffOpt.NonLinearProgram | Info ] : Inertia correction needed. 
│             Attempting correction by adding diagonal matrix with positive values for the Jacobian of the stationary equations
└             and negative values for the Jacobian of the constraints.
┌ DiffOpt.NonLinearProgram | Info ] : Inertia correction needed. 
│             Attempting correction by adding diagonal matrix with positive values for the Jacobian of the stationary equations
└             and negative values for the Jacobian of the constraints.
┌ DiffOpt.NonLinearProgram | Info ] : Inertia correction needed. 
│             Attempting correction by adding diagonal matrix with positive values for the Jacobian of the stationary equations
└             and negative values for the Jacobian of the constraints.
┌ DiffOpt.NonLinearProgram | Info ] : Inertia correction needed. 
│             Attempting correction by adding diagonal matrix with positive values for the Jacobian of the stationary equations
└             and negative values for the Jacobian of the constraints.
┌ DiffOpt.NonLinearProgram | Info ] : Inertia correction needed. 
│             Attempting correction by adding diagonal matrix with positive values for the Jacobian of the stationary equations
└             and negative values for the Jacobian of the constraints.
┌ DiffOpt.NonLinearProgram | Info ] : Inertia correction needed. 
│             Attempting correction by adding diagonal matrix with positive values for the Jacobian of the stationary equations
└             and negative values for the Jacobian of the constraints.
┌ DiffOpt.NonLinearProgram | Info ] : Inertia correction needed. 
│             Attempting correction by adding diagonal matrix with positive values for the Jacobian of the stationary equations
└             and negative values for the Jacobian of the constraints.
┌ DiffOpt.NonLinearProgram | Info ] : Inertia correction needed. 
│             Attempting correction by adding diagonal matrix with positive values for the Jacobian of the stationary equations
└             and negative values for the Jacobian of the constraints.
┌ DiffOpt.NonLinearProgram | Info ] : Inertia correction needed. 
│             Attempting correction by adding diagonal matrix with positive values for the Jacobian of the stationary equations
└             and negative values for the Jacobian of the constraints.
┌ DiffOpt.NonLinearProgram | Info ] : Inertia correction needed. 
│             Attempting correction by adding diagonal matrix with positive values for the Jacobian of the stationary equations
└             and negative values for the Jacobian of the constraints.
┌ DiffOpt.NonLinearProgram | Info ] : Inertia correction needed. 
│             Attempting correction by adding diagonal matrix with positive values for the Jacobian of the stationary equations
└             and negative values for the Jacobian of the constraints.
Set parameter Username
Set parameter LicenseID to value 2813843
Academic license - for non-commercial use only - expires 2027-04-27
Set parameter Username
Set parameter LicenseID to value 2813843
Academic license - for non-commercial use only - expires 2027-04-27
┌ DiffOpt.NonLinearProgram | Info ] : Inertia correction needed. 
│             Attempting correction by adding diagonal matrix with positive values for the Jacobian of the stationary equations
└             and negative values for the Jacobian of the constraints.
┌ DiffOpt.NonLinearProgram | Info ] : Inertia correction needed. 
│             Attempting correction by adding diagonal matrix with positive values for the Jacobian of the stationary equations
└             and negative values for the Jacobian of the constraints.
┌ DiffOpt.NonLinearProgram | Info ] : Inertia correction needed. 
│             Attempting correction by adding diagonal matrix with positive values for the Jacobian of the stationary equations
└             and negative values for the Jacobian of the constraints.
┌ DiffOpt.NonLinearProgram | Info ] : Inertia correction needed. 
│             Attempting correction by adding diagonal matrix with positive values for the Jacobian of the stationary equations
└             and negative values for the Jacobian of the constraints.
┌ DiffOpt.NonLinearProgram | Info ] : Inertia correction needed. 
│             Attempting correction by adding diagonal matrix with positive values for the Jacobian of the stationary equations
└             and negative values for the Jacobian of the constraints.
┌ DiffOpt.NonLinearProgram | Info ] : Inertia correction needed. 
│             Attempting correction by adding diagonal matrix with positive values for the Jacobian of the stationary equations
└             and negative values for the Jacobian of the constraints.
┌ DiffOpt.NonLinearProgram | Info ] : Inertia correction needed. 
│             Attempting correction by adding diagonal matrix with positive values for the Jacobian of the stationary equations
└             and negative values for the Jacobian of the constraints.
┌ DiffOpt.NonLinearProgram | Info ] : Inertia correction needed. 
│             Attempting correction by adding diagonal matrix with positive values for the Jacobian of the stationary equations
└             and negative values for the Jacobian of the constraints.
┌ DiffOpt.NonLinearProgram | Info ] : Inertia correction needed. 
│             Attempting correction by adding diagonal matrix with positive values for the Jacobian of the stationary equations
└             and negative values for the Jacobian of the constraints.
┌ DiffOpt.NonLinearProgram | Info ] : Inertia correction needed. 
│             Attempting correction by adding diagonal matrix with positive values for the Jacobian of the stationary equations
└             and negative values for the Jacobian of the constraints.
┌ DiffOpt.NonLinearProgram | Info ] : Inertia correction needed. 
│             Attempting correction by adding diagonal matrix with positive values for the Jacobian of the stationary equations
└             and negative values for the Jacobian of the constraints.
┌ DiffOpt.NonLinearProgram | Info ] : Inertia correction needed. 
│             Attempting correction by adding diagonal matrix with positive values for the Jacobian of the stationary equations
└             and negative values for the Jacobian of the constraints.
┌ DiffOpt.NonLinearProgram | Info ] : Inertia correction needed. 
│             Attempting correction by adding diagonal matrix with positive values for the Jacobian of the stationary equations
└             and negative values for the Jacobian of the constraints.
┌ DiffOpt.NonLinearProgram | Info ] : Inertia correction needed. 
│             Attempting correction by adding diagonal matrix with positive values for the Jacobian of the stationary equations
└             and negative values for the Jacobian of the constraints.
┌ DiffOpt.NonLinearProgram | Info ] : Inertia correction needed. 
│             Attempting correction by adding diagonal matrix with positive values for the Jacobian of the stationary equations
└             and negative values for the Jacobian of the constraints.
┌ DiffOpt.NonLinearProgram | Info ] : Inertia correction needed. 
│             Attempting correction by adding diagonal matrix with positive values for the Jacobian of the stationary equations
└             and negative values for the Jacobian of the constraints.
┌ DiffOpt.NonLinearProgram | Info ] : Inertia correction needed. 
│             Attempting correction by adding diagonal matrix with positive values for the Jacobian of the stationary equations
└             and negative values for the Jacobian of the constraints.
┌ DiffOpt.NonLinearProgram | Info ] : Inertia correction needed. 
│             Attempting correction by adding diagonal matrix with positive values for the Jacobian of the stationary equations
└             and negative values for the Jacobian of the constraints.
┌ DiffOpt.NonLinearProgram | Info ] : Inertia correction needed. 
│             Attempting correction by adding diagonal matrix with positive values for the Jacobian of the stationary equations
└             and negative values for the Jacobian of the constraints.
┌ DiffOpt.NonLinearProgram | Info ] : Inertia correction needed. 
│             Attempting correction by adding diagonal matrix with positive values for the Jacobian of the stationary equations
└             and negative values for the Jacobian of the constraints.
┌ DiffOpt.NonLinearProgram | Info ] : Inertia correction needed. 
│             Attempting correction by adding diagonal matrix with positive values for the Jacobian of the stationary equations
└             and negative values for the Jacobian of the constraints.
┌ DiffOpt.NonLinearProgram | Info ] : Inertia correction needed. 
│             Attempting correction by adding diagonal matrix with positive values for the Jacobian of the stationary equations
└             and negative values for the Jacobian of the constraints.
[ Main | Info ] : [Gini agg formal CC] Jacobian is block-diagonal (max off-block-diag = 0.0)
[ Main | Info ] : [Gini agg formal CC] T=8, N=9, m=72 (cost-weighted aggregate sort, single σ unbounded above, 81 binaries)
[ Main | Info ] : [Gini agg formal CC] Solver status: OPTIMAL (solve_time=7.93s)
[ Main | Info ] : [gini/absolute] iter 18 upper-level status = OPTIMAL
[ Main | Info ] : [gini/absolute] iter 18 timings: int=0.0s lower=39.3s (primal=6.6s jac=32.5s) upper=7.9s total=47.2s
[ FairLoadDelivery | Info ] : Iteration 19: Solving multiperiod lower-level MLD with 72 per-period weights
┌ DiffOpt.NonLinearProgram | Info ] : Inertia correction needed. 
│             Attempting correction by adding diagonal matrix with positive values for the Jacobian of the stationary equations
└             and negative values for the Jacobian of the constraints.
┌ DiffOpt.NonLinearProgram | Info ] : Inertia correction needed. 
│             Attempting correction by adding diagonal matrix with positive values for the Jacobian of the stationary equations
└             and negative values for the Jacobian of the constraints.
┌ DiffOpt.NonLinearProgram | Info ] : Inertia correction needed. 
│             Attempting correction by adding diagonal matrix with positive values for the Jacobian of the stationary equations
└             and negative values for the Jacobian of the constraints.
┌ DiffOpt.NonLinearProgram | Info ] : Inertia correction needed. 
│             Attempting correction by adding diagonal matrix with positive values for the Jacobian of the stationary equations
└             and negative values for the Jacobian of the constraints.
┌ DiffOpt.NonLinearProgram | Info ] : Inertia correction needed. 
│             Attempting correction by adding diagonal matrix with positive values for the Jacobian of the stationary equations
└             and negative values for the Jacobian of the constraints.
┌ DiffOpt.NonLinearProgram | Info ] : Inertia correction needed. 
│             Attempting correction by adding diagonal matrix with positive values for the Jacobian of the stationary equations
└             and negative values for the Jacobian of the constraints.
┌ DiffOpt.NonLinearProgram | Info ] : Inertia correction needed. 
│             Attempting correction by adding diagonal matrix with positive values for the Jacobian of the stationary equations
└             and negative values for the Jacobian of the constraints.
┌ DiffOpt.NonLinearProgram | Info ] : Inertia correction needed. 
│             Attempting correction by adding diagonal matrix with positive values for the Jacobian of the stationary equations
└             and negative values for the Jacobian of the constraints.
┌ DiffOpt.NonLinearProgram | Info ] : Inertia correction needed. 
│             Attempting correction by adding diagonal matrix with positive values for the Jacobian of the stationary equations
└             and negative values for the Jacobian of the constraints.
┌ DiffOpt.NonLinearProgram | Info ] : Inertia correction needed. 
│             Attempting correction by adding diagonal matrix with positive values for the Jacobian of the stationary equations
└             and negative values for the Jacobian of the constraints.
┌ DiffOpt.NonLinearProgram | Info ] : Inertia correction needed. 
│             Attempting correction by adding diagonal matrix with positive values for the Jacobian of the stationary equations
└             and negative values for the Jacobian of the constraints.
┌ DiffOpt.NonLinearProgram | Info ] : Inertia correction needed. 
│             Attempting correction by adding diagonal matrix with positive values for the Jacobian of the stationary equations
└             and negative values for the Jacobian of the constraints.
┌ DiffOpt.NonLinearProgram | Info ] : Inertia correction needed. 
│             Attempting correction by adding diagonal matrix with positive values for the Jacobian of the stationary equations
└             and negative values for the Jacobian of the constraints.
┌ DiffOpt.NonLinearProgram | Info ] : Inertia correction needed. 
│             Attempting correction by adding diagonal matrix with positive values for the Jacobian of the stationary equations
└             and negative values for the Jacobian of the constraints.
┌ DiffOpt.NonLinearProgram | Info ] : Inertia correction needed. 
│             Attempting correction by adding diagonal matrix with positive values for the Jacobian of the stationary equations
└             and negative values for the Jacobian of the constraints.
┌ DiffOpt.NonLinearProgram | Info ] : Inertia correction needed. 
│             Attempting correction by adding diagonal matrix with positive values for the Jacobian of the stationary equations
└             and negative values for the Jacobian of the constraints.
┌ DiffOpt.NonLinearProgram | Info ] : Inertia correction needed. 
│             Attempting correction by adding diagonal matrix with positive values for the Jacobian of the stationary equations
└             and negative values for the Jacobian of the constraints.
┌ DiffOpt.NonLinearProgram | Info ] : Inertia correction needed. 
│             Attempting correction by adding diagonal matrix with positive values for the Jacobian of the stationary equations
└             and negative values for the Jacobian of the constraints.
┌ DiffOpt.NonLinearProgram | Info ] : Inertia correction needed. 
│             Attempting correction by adding diagonal matrix with positive values for the Jacobian of the stationary equations
└             and negative values for the Jacobian of the constraints.
┌ DiffOpt.NonLinearProgram | Info ] : Inertia correction needed. 
│             Attempting correction by adding diagonal matrix with positive values for the Jacobian of the stationary equations
└             and negative values for the Jacobian of the constraints.
┌ DiffOpt.NonLinearProgram | Info ] : Inertia correction needed. 
│             Attempting correction by adding diagonal matrix with positive values for the Jacobian of the stationary equations
└             and negative values for the Jacobian of the constraints.
┌ DiffOpt.NonLinearProgram | Info ] : Inertia correction needed. 
│             Attempting correction by adding diagonal matrix with positive values for the Jacobian of the stationary equations
└             and negative values for the Jacobian of the constraints.
┌ DiffOpt.NonLinearProgram | Info ] : Inertia correction needed. 
│             Attempting correction by adding diagonal matrix with positive values for the Jacobian of the stationary equations
└             and negative values for the Jacobian of the constraints.
┌ DiffOpt.NonLinearProgram | Info ] : Inertia correction needed. 
│             Attempting correction by adding diagonal matrix with positive values for the Jacobian of the stationary equations
└             and negative values for the Jacobian of the constraints.
┌ DiffOpt.NonLinearProgram | Info ] : Inertia correction needed. 
│             Attempting correction by adding diagonal matrix with positive values for the Jacobian of the stationary equations
└             and negative values for the Jacobian of the constraints.
┌ DiffOpt.NonLinearProgram | Info ] : Inertia correction needed. 
│             Attempting correction by adding diagonal matrix with positive values for the Jacobian of the stationary equations
└             and negative values for the Jacobian of the constraints.
┌ DiffOpt.NonLinearProgram | Info ] : Inertia correction needed. 
│             Attempting correction by adding diagonal matrix with positive values for the Jacobian of the stationary equations
└             and negative values for the Jacobian of the constraints.
┌ DiffOpt.NonLinearProgram | Info ] : Inertia correction needed. 
│             Attempting correction by adding diagonal matrix with positive values for the Jacobian of the stationary equations
└             and negative values for the Jacobian of the constraints.
┌ DiffOpt.NonLinearProgram | Info ] : Inertia correction needed. 
│             Attempting correction by adding diagonal matrix with positive values for the Jacobian of the stationary equations
└             and negative values for the Jacobian of the constraints.
┌ DiffOpt.NonLinearProgram | Info ] : Inertia correction needed. 
│             Attempting correction by adding diagonal matrix with positive values for the Jacobian of the stationary equations
└             and negative values for the Jacobian of the constraints.
┌ DiffOpt.NonLinearProgram | Info ] : Inertia correction needed. 
│             Attempting correction by adding diagonal matrix with positive values for the Jacobian of the stationary equations
└             and negative values for the Jacobian of the constraints.
┌ DiffOpt.NonLinearProgram | Info ] : Inertia correction needed. 
│             Attempting correction by adding diagonal matrix with positive values for the Jacobian of the stationary equations
└             and negative values for the Jacobian of the constraints.
┌ DiffOpt.NonLinearProgram | Info ] : Inertia correction needed. 
│             Attempting correction by adding diagonal matrix with positive values for the Jacobian of the stationary equations
└             and negative values for the Jacobian of the constraints.
┌ DiffOpt.NonLinearProgram | Info ] : Inertia correction needed. 
│             Attempting correction by adding diagonal matrix with positive values for the Jacobian of the stationary equations
└             and negative values for the Jacobian of the constraints.
┌ DiffOpt.NonLinearProgram | Info ] : Inertia correction needed. 
│             Attempting correction by adding diagonal matrix with positive values for the Jacobian of the stationary equations
└             and negative values for the Jacobian of the constraints.
┌ DiffOpt.NonLinearProgram | Info ] : Inertia correction needed. 
│             Attempting correction by adding diagonal matrix with positive values for the Jacobian of the stationary equations
└             and negative values for the Jacobian of the constraints.
┌ DiffOpt.NonLinearProgram | Info ] : Inertia correction needed. 
│             Attempting correction by adding diagonal matrix with positive values for the Jacobian of the stationary equations
└             and negative values for the Jacobian of the constraints.
┌ DiffOpt.NonLinearProgram | Info ] : Inertia correction needed. 
│             Attempting correction by adding diagonal matrix with positive values for the Jacobian of the stationary equations
└             and negative values for the Jacobian of the constraints.
┌ DiffOpt.NonLinearProgram | Info ] : Inertia correction needed. 
│             Attempting correction by adding diagonal matrix with positive values for the Jacobian of the stationary equations
└             and negative values for the Jacobian of the constraints.
┌ DiffOpt.NonLinearProgram | Info ] : Inertia correction needed. 
│             Attempting correction by adding diagonal matrix with positive values for the Jacobian of the stationary equations
└             and negative values for the Jacobian of the constraints.
┌ DiffOpt.NonLinearProgram | Info ] : Inertia correction needed. 
│             Attempting correction by adding diagonal matrix with positive values for the Jacobian of the stationary equations
└             and negative values for the Jacobian of the constraints.
┌ DiffOpt.NonLinearProgram | Info ] : Inertia correction needed. 
│             Attempting correction by adding diagonal matrix with positive values for the Jacobian of the stationary equations
└             and negative values for the Jacobian of the constraints.
┌ DiffOpt.NonLinearProgram | Info ] : Inertia correction needed. 
│             Attempting correction by adding diagonal matrix with positive values for the Jacobian of the stationary equations
└             and negative values for the Jacobian of the constraints.
┌ DiffOpt.NonLinearProgram | Info ] : Inertia correction needed. 
│             Attempting correction by adding diagonal matrix with positive values for the Jacobian of the stationary equations
└             and negative values for the Jacobian of the constraints.
┌ DiffOpt.NonLinearProgram | Info ] : Inertia correction needed. 
│             Attempting correction by adding diagonal matrix with positive values for the Jacobian of the stationary equations
└             and negative values for the Jacobian of the constraints.
┌ DiffOpt.NonLinearProgram | Info ] : Inertia correction needed. 
│             Attempting correction by adding diagonal matrix with positive values for the Jacobian of the stationary equations
└             and negative values for the Jacobian of the constraints.
┌ DiffOpt.NonLinearProgram | Info ] : Inertia correction needed. 
│             Attempting correction by adding diagonal matrix with positive values for the Jacobian of the stationary equations
└             and negative values for the Jacobian of the constraints.
┌ DiffOpt.NonLinearProgram | Info ] : Inertia correction needed. 
│             Attempting correction by adding diagonal matrix with positive values for the Jacobian of the stationary equations
└             and negative values for the Jacobian of the constraints.
┌ DiffOpt.NonLinearProgram | Info ] : Inertia correction needed. 
│             Attempting correction by adding diagonal matrix with positive values for the Jacobian of the stationary equations
└             and negative values for the Jacobian of the constraints.
┌ DiffOpt.NonLinearProgram | Info ] : Inertia correction needed. 
│             Attempting correction by adding diagonal matrix with positive values for the Jacobian of the stationary equations
└             and negative values for the Jacobian of the constraints.
┌ DiffOpt.NonLinearProgram | Info ] : Inertia correction needed. 
│             Attempting correction by adding diagonal matrix with positive values for the Jacobian of the stationary equations
└             and negative values for the Jacobian of the constraints.
┌ DiffOpt.NonLinearProgram | Info ] : Inertia correction needed. 
│             Attempting correction by adding diagonal matrix with positive values for the Jacobian of the stationary equations
└             and negative values for the Jacobian of the constraints.
┌ DiffOpt.NonLinearProgram | Info ] : Inertia correction needed. 
│             Attempting correction by adding diagonal matrix with positive values for the Jacobian of the stationary equations
└             and negative values for the Jacobian of the constraints.
┌ DiffOpt.NonLinearProgram | Info ] : Inertia correction needed. 
│             Attempting correction by adding diagonal matrix with positive values for the Jacobian of the stationary equations
└             and negative values for the Jacobian of the constraints.
┌ DiffOpt.NonLinearProgram | Info ] : Inertia correction needed. 
│             Attempting correction by adding diagonal matrix with positive values for the Jacobian of the stationary equations
└             and negative values for the Jacobian of the constraints.
┌ DiffOpt.NonLinearProgram | Info ] : Inertia correction needed. 
│             Attempting correction by adding diagonal matrix with positive values for the Jacobian of the stationary equations
└             and negative values for the Jacobian of the constraints.
┌ DiffOpt.NonLinearProgram | Info ] : Inertia correction needed. 
│             Attempting correction by adding diagonal matrix with positive values for the Jacobian of the stationary equations
└             and negative values for the Jacobian of the constraints.
┌ DiffOpt.NonLinearProgram | Info ] : Inertia correction needed. 
│             Attempting correction by adding diagonal matrix with positive values for the Jacobian of the stationary equations
└             and negative values for the Jacobian of the constraints.
┌ DiffOpt.NonLinearProgram | Info ] : Inertia correction needed. 
│             Attempting correction by adding diagonal matrix with positive values for the Jacobian of the stationary equations
└             and negative values for the Jacobian of the constraints.
┌ DiffOpt.NonLinearProgram | Info ] : Inertia correction needed. 
│             Attempting correction by adding diagonal matrix with positive values for the Jacobian of the stationary equations
└             and negative values for the Jacobian of the constraints.
┌ DiffOpt.NonLinearProgram | Info ] : Inertia correction needed. 
│             Attempting correction by adding diagonal matrix with positive values for the Jacobian of the stationary equations
└             and negative values for the Jacobian of the constraints.
┌ DiffOpt.NonLinearProgram | Info ] : Inertia correction needed. 
│             Attempting correction by adding diagonal matrix with positive values for the Jacobian of the stationary equations
└             and negative values for the Jacobian of the constraints.
┌ DiffOpt.NonLinearProgram | Info ] : Inertia correction needed. 
│             Attempting correction by adding diagonal matrix with positive values for the Jacobian of the stationary equations
└             and negative values for the Jacobian of the constraints.
┌ DiffOpt.NonLinearProgram | Info ] : Inertia correction needed. 
│             Attempting correction by adding diagonal matrix with positive values for the Jacobian of the stationary equations
└             and negative values for the Jacobian of the constraints.
┌ DiffOpt.NonLinearProgram | Info ] : Inertia correction needed. 
│             Attempting correction by adding diagonal matrix with positive values for the Jacobian of the stationary equations
└             and negative values for the Jacobian of the constraints.
┌ DiffOpt.NonLinearProgram | Info ] : Inertia correction needed. 
│             Attempting correction by adding diagonal matrix with positive values for the Jacobian of the stationary equations
└             and negative values for the Jacobian of the constraints.
┌ DiffOpt.NonLinearProgram | Info ] : Inertia correction needed. 
│             Attempting correction by adding diagonal matrix with positive values for the Jacobian of the stationary equations
└             and negative values for the Jacobian of the constraints.
┌ DiffOpt.NonLinearProgram | Info ] : Inertia correction needed. 
│             Attempting correction by adding diagonal matrix with positive values for the Jacobian of the stationary equations
└             and negative values for the Jacobian of the constraints.
┌ DiffOpt.NonLinearProgram | Info ] : Inertia correction needed. 
│             Attempting correction by adding diagonal matrix with positive values for the Jacobian of the stationary equations
└             and negative values for the Jacobian of the constraints.
┌ DiffOpt.NonLinearProgram | Info ] : Inertia correction needed. 
│             Attempting correction by adding diagonal matrix with positive values for the Jacobian of the stationary equations
└             and negative values for the Jacobian of the constraints.
┌ DiffOpt.NonLinearProgram | Info ] : Inertia correction needed. 
│             Attempting correction by adding diagonal matrix with positive values for the Jacobian of the stationary equations
└             and negative values for the Jacobian of the constraints.
┌ DiffOpt.NonLinearProgram | Info ] : Inertia correction needed. 
│             Attempting correction by adding diagonal matrix with positive values for the Jacobian of the stationary equations
└             and negative values for the Jacobian of the constraints.
[ Main | Info ] : [Gini agg formal CC] Jacobian is block-diagonal (max off-block-diag = 0.0)
[ Main | Info ] : [Gini agg formal CC] T=8, N=9, m=72 (cost-weighted aggregate sort, single σ unbounded above, 81 binaries)
[ Main | Info ] : [Gini agg formal CC] Solver status: OPTIMAL (solve_time=7.82s)
[ Main | Info ] : [gini/absolute] iter 19 upper-level status = OPTIMAL
[ Main | Info ] : [gini/absolute] iter 19 timings: int=0.0s lower=45.9s (primal=13.7s jac=32.0s) upper=7.8s total=53.7s
[ FairLoadDelivery | Info ] : Iteration 20: Solving multiperiod lower-level MLD with 72 per-period weights
┌ DiffOpt.NonLinearProgram | Info ] : Inertia correction needed. 
│             Attempting correction by adding diagonal matrix with positive values for the Jacobian of the stationary equations
└             and negative values for the Jacobian of the constraints.
┌ DiffOpt.NonLinearProgram | Info ] : Inertia correction needed. 
│             Attempting correction by adding diagonal matrix with positive values for the Jacobian of the stationary equations
└             and negative values for the Jacobian of the constraints.
┌ DiffOpt.NonLinearProgram | Info ] : Inertia correction needed. 
│             Attempting correction by adding diagonal matrix with positive values for the Jacobian of the stationary equations
└             and negative values for the Jacobian of the constraints.
┌ DiffOpt.NonLinearProgram | Info ] : Inertia correction needed. 
│             Attempting correction by adding diagonal matrix with positive values for the Jacobian of the stationary equations
└             and negative values for the Jacobian of the constraints.
┌ DiffOpt.NonLinearProgram | Info ] : Inertia correction needed. 
│             Attempting correction by adding diagonal matrix with positive values for the Jacobian of the stationary equations
└             and negative values for the Jacobian of the constraints.
┌ DiffOpt.NonLinearProgram | Info ] : Inertia correction needed. 
│             Attempting correction by adding diagonal matrix with positive values for the Jacobian of the stationary equations
└             and negative values for the Jacobian of the constraints.
┌ DiffOpt.NonLinearProgram | Info ] : Inertia correction needed. 
│             Attempting correction by adding diagonal matrix with positive values for the Jacobian of the stationary equations
└             and negative values for the Jacobian of the constraints.
┌ DiffOpt.NonLinearProgram | Info ] : Inertia correction needed. 
│             Attempting correction by adding diagonal matrix with positive values for the Jacobian of the stationary equations
└             and negative values for the Jacobian of the constraints.
┌ DiffOpt.NonLinearProgram | Info ] : Inertia correction needed. 
│             Attempting correction by adding diagonal matrix with positive values for the Jacobian of the stationary equations
└             and negative values for the Jacobian of the constraints.
┌ DiffOpt.NonLinearProgram | Info ] : Inertia correction needed. 
│             Attempting correction by adding diagonal matrix with positive values for the Jacobian of the stationary equations
└             and negative values for the Jacobian of the constraints.
┌ DiffOpt.NonLinearProgram | Info ] : Inertia correction needed. 
│             Attempting correction by adding diagonal matrix with positive values for the Jacobian of the stationary equations
└             and negative values for the Jacobian of the constraints.
┌ DiffOpt.NonLinearProgram | Info ] : Inertia correction needed. 
│             Attempting correction by adding diagonal matrix with positive values for the Jacobian of the stationary equations
└             and negative values for the Jacobian of the constraints.
┌ DiffOpt.NonLinearProgram | Info ] : Inertia correction needed. 
│             Attempting correction by adding diagonal matrix with positive values for the Jacobian of the stationary equations
└             and negative values for the Jacobian of the constraints.
┌ DiffOpt.NonLinearProgram | Info ] : Inertia correction needed. 
│             Attempting correction by adding diagonal matrix with positive values for the Jacobian of the stationary equations
└             and negative values for the Jacobian of the constraints.
┌ DiffOpt.NonLinearProgram | Info ] : Inertia correction needed. 
│             Attempting correction by adding diagonal matrix with positive values for the Jacobian of the stationary equations
└             and negative values for the Jacobian of the constraints.
┌ DiffOpt.NonLinearProgram | Info ] : Inertia correction needed. 
│             Attempting correction by adding diagonal matrix with positive values for the Jacobian of the stationary equations
└             and negative values for the Jacobian of the constraints.
┌ DiffOpt.NonLinearProgram | Info ] : Inertia correction needed. 
│             Attempting correction by adding diagonal matrix with positive values for the Jacobian of the stationary equations
└             and negative values for the Jacobian of the constraints.
┌ DiffOpt.NonLinearProgram | Info ] : Inertia correction needed. 
│             Attempting correction by adding diagonal matrix with positive values for the Jacobian of the stationary equations
└             and negative values for the Jacobian of the constraints.
┌ DiffOpt.NonLinearProgram | Info ] : Inertia correction needed. 
│             Attempting correction by adding diagonal matrix with positive values for the Jacobian of the stationary equations
└             and negative values for the Jacobian of the constraints.
┌ DiffOpt.NonLinearProgram | Info ] : Inertia correction needed. 
│             Attempting correction by adding diagonal matrix with positive values for the Jacobian of the stationary equations
└             and negative values for the Jacobian of the constraints.
┌ DiffOpt.NonLinearProgram | Info ] : Inertia correction needed. 
│             Attempting correction by adding diagonal matrix with positive values for the Jacobian of the stationary equations
└             and negative values for the Jacobian of the constraints.
┌ DiffOpt.NonLinearProgram | Info ] : Inertia correction needed. 
│             Attempting correction by adding diagonal matrix with positive values for the Jacobian of the stationary equations
└             and negative values for the Jacobian of the constraints.
Set parameter Username
Set parameter LicenseID to value 2813843
Academic license - for non-commercial use only - expires 2027-04-27

======================================================================
  VALIDATION: Step 1: Network + Multinetwork Setup
======================================================================
Load profile assignments for case6_unbalanced_switch_more_meshed_good4integer:
  (name = "l5", bus = 1, n_phases = 1, balanced = true, phases = [(1, -1)])
  (name = "l6", bus = 1, n_phases = 1, balanced = true, phases = [(1, 1)])
  (name = "l7", bus = 1, n_phases = 1, balanced = true, phases = [(1, 0)])
  (name = "l1", bus = 4, n_phases = 1, balanced = true, phases = [(1, -1)])
  (name = "l2", bus = 4, n_phases = 1, balanced = true, phases = [(3, -1)])
  (name = "l3", bus = 4, n_phases = 1, balanced = true, phases = [(2, 0)])
  (name = "l4", bus = 5, n_phases = 1, balanced = true, phases = [(2, 0)])
  (name = "l9", bus = 6, n_phases = 3, balanced = true, phases = [(1, 1), (1, -1), (1, 0)])
  (name = "l8", bus = 7, n_phases = 3, balanced = true, phases = [(2, -1), (2, 0), (2, 1)])

======================================================================
  VALIDATION: Step 2: Bilevel Iterations (gini, absolute, 20 iters)
======================================================================

  --- Iteration 1 ---
Building multiperiod implicit diff FLDP with 8 periods...
  Building period 0...
  Building period 1...
  Building period 2...
  Building period 3...
  Building period 4...
  Building period 5...
  Building period 6...
  Building period 7...
    Σ pshed (lower) = 126.514   Σ pshed (upper) = 125.769

  --- Iteration 2 ---
Building multiperiod implicit diff FLDP with 8 periods...
  Building period 0...
  Building period 1...
  Building period 2...
  Building period 3...
  Building period 4...
  Building period 5...
  Building period 6...
  Building period 7...
    Σ pshed (lower) = 130.716   Σ pshed (upper) = 129.06

  --- Iteration 3 ---
Building multiperiod implicit diff FLDP with 8 periods...
  Building period 0...
  Building period 1...
  Building period 2...
  Building period 3...
  Building period 4...
  Building period 5...
  Building period 6...
  Building period 7...
    Σ pshed (lower) = 132.458   Σ pshed (upper) = 132.285

  --- Iteration 4 ---
Building multiperiod implicit diff FLDP with 8 periods...
  Building period 0...
  Building period 1...
  Building period 2...
  Building period 3...
  Building period 4...
  Building period 5...
  Building period 6...
  Building period 7...
    Σ pshed (lower) = 140.171   Σ pshed (upper) = 133.236

  --- Iteration 5 ---
Building multiperiod implicit diff FLDP with 8 periods...
  Building period 0...
  Building period 1...
  Building period 2...
  Building period 3...
  Building period 4...
  Building period 5...
  Building period 6...
  Building period 7...
    Σ pshed (lower) = 140.406   Σ pshed (upper) = 133.063

  --- Iteration 6 ---
Building multiperiod implicit diff FLDP with 8 periods...
  Building period 0...
  Building period 1...
  Building period 2...
  Building period 3...
  Building period 4...
  Building period 5...
  Building period 6...
  Building period 7...
    Σ pshed (lower) = 135.591   Σ pshed (upper) = 134.538

  --- Iteration 7 ---
Building multiperiod implicit diff FLDP with 8 periods...
  Building period 0...
  Building period 1...
  Building period 2...
  Building period 3...
  Building period 4...
  Building period 5...
  Building period 6...
  Building period 7...
    Σ pshed (lower) = 142.076   Σ pshed (upper) = 129.719

  --- Iteration 8 ---
Building multiperiod implicit diff FLDP with 8 periods...
  Building period 0...
  Building period 1...
  Building period 2...
  Building period 3...
  Building period 4...
  Building period 5...
  Building period 6...
  Building period 7...
    Σ pshed (lower) = 137.527   Σ pshed (upper) = 140.088

  --- Iteration 9 ---
Building multiperiod implicit diff FLDP with 8 periods...
  Building period 0...
  Building period 1...
  Building period 2...
  Building period 3...
  Building period 4...
  Building period 5...
  Building period 6...
  Building period 7...
    Σ pshed (lower) = 142.667   Σ pshed (upper) = 128.828

  --- Iteration 10 ---
Building multiperiod implicit diff FLDP with 8 periods...
  Building period 0...
  Building period 1...
  Building period 2...
  Building period 3...
  Building period 4...
  Building period 5...
  Building period 6...
  Building period 7...
    Σ pshed (lower) = 142.075   Σ pshed (upper) = 137.663

  --- Iteration 11 ---
Building multiperiod implicit diff FLDP with 8 periods...
  Building period 0...
  Building period 1...
  Building period 2...
  Building period 3...
  Building period 4...
  Building period 5...
  Building period 6...
  Building period 7...
    Σ pshed (lower) = 142.932   Σ pshed (upper) = 139.065

  --- Iteration 12 ---
Building multiperiod implicit diff FLDP with 8 periods...
  Building period 0...
  Building period 1...
  Building period 2...
  Building period 3...
  Building period 4...
  Building period 5...
  Building period 6...
  Building period 7...
    Σ pshed (lower) = 148.145   Σ pshed (upper) = 139.819

  --- Iteration 13 ---
Building multiperiod implicit diff FLDP with 8 periods...
  Building period 0...
  Building period 1...
  Building period 2...
  Building period 3...
  Building period 4...
  Building period 5...
  Building period 6...
  Building period 7...
    Σ pshed (lower) = 148.626   Σ pshed (upper) = 132.847

  --- Iteration 14 ---
Building multiperiod implicit diff FLDP with 8 periods...
  Building period 0...
  Building period 1...
  Building period 2...
  Building period 3...
  Building period 4...
  Building period 5...
  Building period 6...
  Building period 7...
    Σ pshed (lower) = 147.032   Σ pshed (upper) = 128.502

  --- Iteration 15 ---
Building multiperiod implicit diff FLDP with 8 periods...
  Building period 0...
  Building period 1...
  Building period 2...
  Building period 3...
  Building period 4...
  Building period 5...
  Building period 6...
  Building period 7...
    Σ pshed (lower) = 146.364   Σ pshed (upper) = 146.229

  --- Iteration 16 ---
Building multiperiod implicit diff FLDP with 8 periods...
  Building period 0...
  Building period 1...
  Building period 2...
  Building period 3...
  Building period 4...
  Building period 5...
  Building period 6...
  Building period 7...
    Σ pshed (lower) = 146.239   Σ pshed (upper) = 143.055

  --- Iteration 17 ---
Building multiperiod implicit diff FLDP with 8 periods...
  Building period 0...
  Building period 1...
  Building period 2...
  Building period 3...
  Building period 4...
  Building period 5...
  Building period 6...
  Building period 7...
    Σ pshed (lower) = 148.893   Σ pshed (upper) = 147.294

  --- Iteration 18 ---
Building multiperiod implicit diff FLDP with 8 periods...
  Building period 0...
  Building period 1...
  Building period 2...
  Building period 3...
  Building period 4...
  Building period 5...
  Building period 6...
  Building period 7...
    Σ pshed (lower) = 153.815   Σ pshed (upper) = 150.985

  --- Iteration 19 ---
Building multiperiod implicit diff FLDP with 8 periods...
  Building period 0...
  Building period 1...
  Building period 2...
  Building period 3...
  Building period 4...
  Building period 5...
  Building period 6...
  Building period 7...
    Σ pshed (lower) = 150.986   Σ pshed (upper) = 142.698

  --- Iteration 20 ---
Building multiperiod implicit diff FLDP with 8 periods...
  Building period 0...
  Building period 1...
  Building period 2...
  Building period 3...
  Building period 4...
  Building period 5...
  Building period 6...
  Building period 7...
    Σ pshed (lower) = 154.067   Σ pshed (upper) = 153.149

======================================================================
  VALIDATION: Step 3: Final relaxed multi-period MLD with updated weights
======================================================================
Building multiperiod implicit diff FLDP with 8 periods...
  Building period 0...
  Building period 1...
  Building period 2...
  Building period 3...
  Building period 4...
  Building period 5...
  Building period 6...
  Building period 7...
[warn | InfrastructureModels]: Model already contains optimizer, cannot use optimizer specified in `optimize_model!`
┌ DiffOpt.NonLinearProgram | Info ] : Inertia correction needed. 
│             Attempting correction by adding diagonal matrix with positive values for the Jacobian of the stationary equations
└             and negative values for the Jacobian of the constraints.
┌ DiffOpt.NonLinearProgram | Info ] : Inertia correction needed. 
│             Attempting correction by adding diagonal matrix with positive values for the Jacobian of the stationary equations
└             and negative values for the Jacobian of the constraints.
┌ DiffOpt.NonLinearProgram | Info ] : Inertia correction needed. 
│             Attempting correction by adding diagonal matrix with positive values for the Jacobian of the stationary equations
└             and negative values for the Jacobian of the constraints.
┌ DiffOpt.NonLinearProgram | Info ] : Inertia correction needed. 
│             Attempting correction by adding diagonal matrix with positive values for the Jacobian of the stationary equations
└             and negative values for the Jacobian of the constraints.
┌ DiffOpt.NonLinearProgram | Info ] : Inertia correction needed. 
│             Attempting correction by adding diagonal matrix with positive values for the Jacobian of the stationary equations
└             and negative values for the Jacobian of the constraints.
┌ DiffOpt.NonLinearProgram | Info ] : Inertia correction needed. 
│             Attempting correction by adding diagonal matrix with positive values for the Jacobian of the stationary equations
└             and negative values for the Jacobian of the constraints.
┌ DiffOpt.NonLinearProgram | Info ] : Inertia correction needed. 
│             Attempting correction by adding diagonal matrix with positive values for the Jacobian of the stationary equations
└             and negative values for the Jacobian of the constraints.
┌ DiffOpt.NonLinearProgram | Info ] : Inertia correction needed. 
│             Attempting correction by adding diagonal matrix with positive values for the Jacobian of the stationary equations
└             and negative values for the Jacobian of the constraints.
┌ DiffOpt.NonLinearProgram | Info ] : Inertia correction needed. 
│             Attempting correction by adding diagonal matrix with positive values for the Jacobian of the stationary equations
└             and negative values for the Jacobian of the constraints.
┌ DiffOpt.NonLinearProgram | Info ] : Inertia correction needed. 
│             Attempting correction by adding diagonal matrix with positive values for the Jacobian of the stationary equations
└             and negative values for the Jacobian of the constraints.
┌ DiffOpt.NonLinearProgram | Info ] : Inertia correction needed. 
│             Attempting correction by adding diagonal matrix with positive values for the Jacobian of the stationary equations
└             and negative values for the Jacobian of the constraints.
┌ DiffOpt.NonLinearProgram | Info ] : Inertia correction needed. 
│             Attempting correction by adding diagonal matrix with positive values for the Jacobian of the stationary equations
└             and negative values for the Jacobian of the constraints.
┌ DiffOpt.NonLinearProgram | Info ] : Inertia correction needed. 
│             Attempting correction by adding diagonal matrix with positive values for the Jacobian of the stationary equations
└             and negative values for the Jacobian of the constraints.
┌ DiffOpt.NonLinearProgram | Info ] : Inertia correction needed. 
│             Attempting correction by adding diagonal matrix with positive values for the Jacobian of the stationary equations
└             and negative values for the Jacobian of the constraints.
┌ DiffOpt.NonLinearProgram | Info ] : Inertia correction needed. 
│             Attempting correction by adding diagonal matrix with positive values for the Jacobian of the stationary equations
└             and negative values for the Jacobian of the constraints.
┌ DiffOpt.NonLinearProgram | Info ] : Inertia correction needed. 
│             Attempting correction by adding diagonal matrix with positive values for the Jacobian of the stationary equations
└             and negative values for the Jacobian of the constraints.
┌ DiffOpt.NonLinearProgram | Info ] : Inertia correction needed. 
│             Attempting correction by adding diagonal matrix with positive values for the Jacobian of the stationary equations
└             and negative values for the Jacobian of the constraints.
┌ DiffOpt.NonLinearProgram | Info ] : Inertia correction needed. 
│             Attempting correction by adding diagonal matrix with positive values for the Jacobian of the stationary equations
└             and negative values for the Jacobian of the constraints.
┌ DiffOpt.NonLinearProgram | Info ] : Inertia correction needed. 
│             Attempting correction by adding diagonal matrix with positive values for the Jacobian of the stationary equations
└             and negative values for the Jacobian of the constraints.
┌ DiffOpt.NonLinearProgram | Info ] : Inertia correction needed. 
│             Attempting correction by adding diagonal matrix with positive values for the Jacobian of the stationary equations
└             and negative values for the Jacobian of the constraints.
┌ DiffOpt.NonLinearProgram | Info ] : Inertia correction needed. 
│             Attempting correction by adding diagonal matrix with positive values for the Jacobian of the stationary equations
└             and negative values for the Jacobian of the constraints.
┌ DiffOpt.NonLinearProgram | Info ] : Inertia correction needed. 
│             Attempting correction by adding diagonal matrix with positive values for the Jacobian of the stationary equations
└             and negative values for the Jacobian of the constraints.
┌ DiffOpt.NonLinearProgram | Info ] : Inertia correction needed. 
│             Attempting correction by adding diagonal matrix with positive values for the Jacobian of the stationary equations
└             and negative values for the Jacobian of the constraints.
┌ DiffOpt.NonLinearProgram | Info ] : Inertia correction needed. 
│             Attempting correction by adding diagonal matrix with positive values for the Jacobian of the stationary equations
└             and negative values for the Jacobian of the constraints.
┌ DiffOpt.NonLinearProgram | Info ] : Inertia correction needed. 
│             Attempting correction by adding diagonal matrix with positive values for the Jacobian of the stationary equations
└             and negative values for the Jacobian of the constraints.
┌ DiffOpt.NonLinearProgram | Info ] : Inertia correction needed. 
│             Attempting correction by adding diagonal matrix with positive values for the Jacobian of the stationary equations
└             and negative values for the Jacobian of the constraints.
┌ DiffOpt.NonLinearProgram | Info ] : Inertia correction needed. 
│             Attempting correction by adding diagonal matrix with positive values for the Jacobian of the stationary equations
└             and negative values for the Jacobian of the constraints.
┌ DiffOpt.NonLinearProgram | Info ] : Inertia correction needed. 
│             Attempting correction by adding diagonal matrix with positive values for the Jacobian of the stationary equations
└             and negative values for the Jacobian of the constraints.
┌ DiffOpt.NonLinearProgram | Info ] : Inertia correction needed. 
│             Attempting correction by adding diagonal matrix with positive values for the Jacobian of the stationary equations
└             and negative values for the Jacobian of the constraints.
┌ DiffOpt.NonLinearProgram | Info ] : Inertia correction needed. 
│             Attempting correction by adding diagonal matrix with positive values for the Jacobian of the stationary equations
└             and negative values for the Jacobian of the constraints.
┌ DiffOpt.NonLinearProgram | Info ] : Inertia correction needed. 
│             Attempting correction by adding diagonal matrix with positive values for the Jacobian of the stationary equations
└             and negative values for the Jacobian of the constraints.
┌ DiffOpt.NonLinearProgram | Info ] : Inertia correction needed. 
│             Attempting correction by adding diagonal matrix with positive values for the Jacobian of the stationary equations
└             and negative values for the Jacobian of the constraints.
┌ DiffOpt.NonLinearProgram | Info ] : Inertia correction needed. 
│             Attempting correction by adding diagonal matrix with positive values for the Jacobian of the stationary equations
└             and negative values for the Jacobian of the constraints.
┌ DiffOpt.NonLinearProgram | Info ] : Inertia correction needed. 
│             Attempting correction by adding diagonal matrix with positive values for the Jacobian of the stationary equations
└             and negative values for the Jacobian of the constraints.
┌ DiffOpt.NonLinearProgram | Info ] : Inertia correction needed. 
│             Attempting correction by adding diagonal matrix with positive values for the Jacobian of the stationary equations
└             and negative values for the Jacobian of the constraints.
┌ DiffOpt.NonLinearProgram | Info ] : Inertia correction needed. 
│             Attempting correction by adding diagonal matrix with positive values for the Jacobian of the stationary equations
└             and negative values for the Jacobian of the constraints.
┌ DiffOpt.NonLinearProgram | Info ] : Inertia correction needed. 
│             Attempting correction by adding diagonal matrix with positive values for the Jacobian of the stationary equations
└             and negative values for the Jacobian of the constraints.
┌ DiffOpt.NonLinearProgram | Info ] : Inertia correction needed. 
│             Attempting correction by adding diagonal matrix with positive values for the Jacobian of the stationary equations
└             and negative values for the Jacobian of the constraints.
┌ DiffOpt.NonLinearProgram | Info ] : Inertia correction needed. 
│             Attempting correction by adding diagonal matrix with positive values for the Jacobian of the stationary equations
└             and negative values for the Jacobian of the constraints.
┌ DiffOpt.NonLinearProgram | Info ] : Inertia correction needed. 
│             Attempting correction by adding diagonal matrix with positive values for the Jacobian of the stationary equations
└             and negative values for the Jacobian of the constraints.
┌ DiffOpt.NonLinearProgram | Info ] : Inertia correction needed. 
│             Attempting correction by adding diagonal matrix with positive values for the Jacobian of the stationary equations
└             and negative values for the Jacobian of the constraints.
┌ DiffOpt.NonLinearProgram | Info ] : Inertia correction needed. 
│             Attempting correction by adding diagonal matrix with positive values for the Jacobian of the stationary equations
└             and negative values for the Jacobian of the constraints.
┌ DiffOpt.NonLinearProgram | Info ] : Inertia correction needed. 
│             Attempting correction by adding diagonal matrix with positive values for the Jacobian of the stationary equations
└             and negative values for the Jacobian of the constraints.
┌ DiffOpt.NonLinearProgram | Info ] : Inertia correction needed. 
│             Attempting correction by adding diagonal matrix with positive values for the Jacobian of the stationary equations
└             and negative values for the Jacobian of the constraints.
┌ DiffOpt.NonLinearProgram | Info ] : Inertia correction needed. 
│             Attempting correction by adding diagonal matrix with positive values for the Jacobian of the stationary equations
└             and negative values for the Jacobian of the constraints.
┌ DiffOpt.NonLinearProgram | Info ] : Inertia correction needed. 
│             Attempting correction by adding diagonal matrix with positive values for the Jacobian of the stationary equations
└             and negative values for the Jacobian of the constraints.
┌ DiffOpt.NonLinearProgram | Info ] : Inertia correction needed. 
│             Attempting correction by adding diagonal matrix with positive values for the Jacobian of the stationary equations
└             and negative values for the Jacobian of the constraints.
┌ DiffOpt.NonLinearProgram | Info ] : Inertia correction needed. 
│             Attempting correction by adding diagonal matrix with positive values for the Jacobian of the stationary equations
└             and negative values for the Jacobian of the constraints.
┌ DiffOpt.NonLinearProgram | Info ] : Inertia correction needed. 
│             Attempting correction by adding diagonal matrix with positive values for the Jacobian of the stationary equations
└             and negative values for the Jacobian of the constraints.
┌ DiffOpt.NonLinearProgram | Info ] : Inertia correction needed. 
│             Attempting correction by adding diagonal matrix with positive values for the Jacobian of the stationary equations
└             and negative values for the Jacobian of the constraints.
[ Main | Info ] : [Gini agg formal CC] Jacobian is block-diagonal (max off-block-diag = 0.0)
[ Main | Info ] : [Gini agg formal CC] T=8, N=9, m=72 (cost-weighted aggregate sort, single σ unbounded above, 81 binaries)
[ Main | Info ] : [Gini agg formal CC] Solver status: OPTIMAL (solve_time=3.25s)
[ Main | Info ] : [gini/absolute] iter 20 upper-level status = OPTIMAL
[ Main | Info ] : [gini/absolute] iter 20 timings: int=0.0s lower=39.2s (primal=6.4s jac=32.7s) upper=3.3s total=42.5s
[ Main | Info ] : relaxed multi-period termination: LOCALLY_SOLVED (converged=true)

======================================================================
  VALIDATION: Step 4: Extract relaxed pshed matrices
======================================================================

  Relaxed result (no rounding):
    Total shed (Σ over all loads × periods) = 157.698 kW
    Relaxed multi-period MLD objective       = 2037.666

  Per-period summary:
    t   scale   λ       total shed    max shed
    1   0.83872024381132525.0     6.868         6.868
    2   0.96764829348437885.0     13.8          9.635
    3   1.07578457171682085.01    24.023        9.502
    4   1.15017941437787196.4     31.096        15.719
    5   1.111898491038741717.17   25.781        10.606
    6   1.072236195902587230.0    21.522        4.66
    7   0.984205552368782523.15   20.682        7.156
    8   0.898905306317841711.95   13.927        5.729
Saved relaxed-only bilevel run data → results/2026-06-14/bilevel_validation_mn_relaxed/case6_unbalanced_switch_more_meshed_good4integer/gini_absolute\bilevel_mn_relaxed_case6_unbalanced_switch_more_meshed_good4integer_gini_absolute.jld2

Per-iter timings (seconds):
    k        int      lower     primal   jac_loop      upper
    1       0.00     164.29      21.88     107.58      15.45
    2       0.00      46.85       5.50      40.98      39.40
    3       0.00      54.12      12.65      41.21      26.70
    4       0.00      52.27      11.73      40.35      31.28
    5       0.00      51.78      12.50      39.08      15.45
    6       0.00      51.23      10.31      40.73      60.71
    7       0.00      53.14      13.17      39.82      24.93
    8       0.00      56.06      15.26      40.63      60.35
    9       0.00      56.37      13.90      42.31      68.88
   10       0.00      55.99      14.29      41.53      90.91
   11       0.00      49.75       7.69      41.89      51.98
   12       0.00      45.70       5.45      40.07      30.62
   13       0.00      46.85      12.76      33.90      28.38
   14       0.00      45.30      12.67      32.46      45.73
   15       0.00      46.11      11.71      34.24       6.41
   16       0.00      43.17      10.86      32.16       8.70
   17       0.00      42.88      10.56      32.16      21.07
   18       0.00      39.27       6.58      32.52       7.95
   19       0.00      45.86      13.70      32.01       7.84
   20       0.00      39.21       6.38      32.68       3.27
  ----------------------------------------------------------------
    Σ       0.00    1086.18                           645.99   total=1732.2s

Relaxed-only multi-period run complete.
