
******************************************************************************
This program contains Ipopt, a library for large-scale nonlinear optimization.
 Ipopt is released as open source code under the Eclipse Public License (EPL).
         For more information visit https://github.com/coin-or/Ipopt
******************************************************************************

Set parameter Username
Set parameter LicenseID to value 2813843
Academic license - for non-commercial use only - expires 2027-04-27
Set parameter Username
Set parameter LicenseID to value 2813843
Academic license - for non-commercial use only - expires 2027-04-27
[ Main | Info ] : Logging to results/2026-06-04/bilevel_validation_mn/case6_unbalanced_switch_more_meshed_good4integer/gini_absolute\run_validation_mn.log
[ PowerModelsDistribution | Info ] : Circuit has been reset with the 'clear' on line 1 in 'case6_unbalanced_switch_more_meshed_good4integer.dss'
[ PowerModelsDistribution | Info ] : Command 'calcvoltagebases' on line 56 in 'case6_unbalanced_switch_more_meshed_good4integer.dss' is not supported, skipping.
[ PowerModelsDistribution | Info ] : Command 'solve' on line 58 in 'case6_unbalanced_switch_more_meshed_good4integer.dss' is not supported, skipping.
[ PowerModelsDistribution | Info ] : basemva=100 is the default value, you may want to adjust sbase_default for better convergence
┌ PowerModelsDistribution | Warning ] : basefreq=60.0 on line.quadpb does not match circuit basefreq=50.0
└ @ PowerModelsDistribution C:\Users\awest\.julia\packages\PowerModelsDistribution\EOTxp\src\data_model\transformations\dss2eng.jl:422
┌ PowerModelsDistribution | Warning ] : basefreq=60.0 on line.quadad does not match circuit basefreq=50.0
└ @ PowerModelsDistribution C:\Users\awest\.julia\packages\PowerModelsDistribution\EOTxp\src\data_model\transformations\dss2eng.jl:422
┌ PowerModelsDistribution | Warning ] : basefreq=60.0 on line.quadac does not match circuit basefreq=50.0
└ @ PowerModelsDistribution C:\Users\awest\.julia\packages\PowerModelsDistribution\EOTxp\src\data_model\transformations\dss2eng.jl:422
┌ PowerModelsDistribution | Warning ] : basefreq=60.0 on line.quadpa does not match circuit basefreq=50.0
└ @ PowerModelsDistribution C:\Users\awest\.julia\packages\PowerModelsDistribution\EOTxp\src\data_model\transformations\dss2eng.jl:422
┌ PowerModelsDistribution | Warning ] : basefreq=60.0 on line.ohline does not match circuit basefreq=50.0
└ @ PowerModelsDistribution C:\Users\awest\.julia\packages\PowerModelsDistribution\EOTxp\src\data_model\transformations\dss2eng.jl:422
┌ PowerModelsDistribution | Warning ] : basefreq=60.0 on line.quadbc does not match circuit basefreq=50.0
└ @ PowerModelsDistribution C:\Users\awest\.julia\packages\PowerModelsDistribution\EOTxp\src\data_model\transformations\dss2eng.jl:422
┌ PowerModelsDistribution | Warning ] : basefreq=60.0 on line.quadec does not match circuit basefreq=50.0
└ @ PowerModelsDistribution C:\Users\awest\.julia\packages\PowerModelsDistribution\EOTxp\src\data_model\transformations\dss2eng.jl:422
┌ PowerModelsDistribution | Warning ] : basefreq=60.0 on line.quadpe does not match circuit basefreq=50.0
└ @ PowerModelsDistribution C:\Users\awest\.julia\packages\PowerModelsDistribution\EOTxp\src\data_model\transformations\dss2eng.jl:422
[ Main | Info ] : N_PERIODS=4, hours=[4, 12, 18, 22], agg_scales=[0.8387202438113252, 1.1501794143778719, 1.0722361959025872, 0.8989053063178417], peak_stress=1.0, λ=[5.0, 6.4, 30.0, 11.95]
[ Main | Info ] : Built multinetwork with 4 periods, 9 loads per period (profiled)
[ FairLoadDelivery | Info ] : Iteration 1: Solving multiperiod lower-level MLD with initial parameter values from ref
┌ DiffOpt.NonLinearProgram | Info ] : Inertia correction needed. 
│             Attempting correction by adding diagonal matrix with positive values for the Jacobian of the stationary equations
└             and negative values for the Jacobian of the constraints.
┌ DiffOpt.NonLinearProgram | Info ] : Inertia correction needed. 
│             Attempting correction by adding diagonal matrix with positive values for the Jacobian of the stationary equations
└             and negative values for the Jacobian of the constraints.
┌ DiffOpt.NonLinearProgram | Info ] : Inertia correction needed. 
│             Attempting correction by adding diagonal matrix with positive values for the Jacobian of the stationary equations
└             and negative values for the Jacobian of the constraints.
┌ DiffOpt.NonLinearProgram | Info ] : Inertia correction needed. 
│             Attempting correction by adding diagonal matrix with positive values for the Jacobian of the stationary equations
└             and negative values for the Jacobian of the constraints.
┌ DiffOpt.NonLinearProgram | Info ] : Inertia correction needed. 
│             Attempting correction by adding diagonal matrix with positive values for the Jacobian of the stationary equations
└             and negative values for the Jacobian of the constraints.
┌ DiffOpt.NonLinearProgram | Info ] : Inertia correction needed. 
│             Attempting correction by adding diagonal matrix with positive values for the Jacobian of the stationary equations
└             and negative values for the Jacobian of the constraints.
┌ DiffOpt.NonLinearProgram | Info ] : Inertia correction needed. 
│             Attempting correction by adding diagonal matrix with positive values for the Jacobian of the stationary equations
└             and negative values for the Jacobian of the constraints.
┌ DiffOpt.NonLinearProgram | Info ] : Inertia correction needed. 
│             Attempting correction by adding diagonal matrix with positive values for the Jacobian of the stationary equations
└             and negative values for the Jacobian of the constraints.
┌ DiffOpt.NonLinearProgram | Info ] : Inertia correction needed. 
│             Attempting correction by adding diagonal matrix with positive values for the Jacobian of the stationary equations
└             and negative values for the Jacobian of the constraints.
┌ DiffOpt.NonLinearProgram | Info ] : Inertia correction needed. 
│             Attempting correction by adding diagonal matrix with positive values for the Jacobian of the stationary equations
└             and negative values for the Jacobian of the constraints.
┌ DiffOpt.NonLinearProgram | Info ] : Inertia correction needed. 
│             Attempting correction by adding diagonal matrix with positive values for the Jacobian of the stationary equations
└             and negative values for the Jacobian of the constraints.
┌ DiffOpt.NonLinearProgram | Info ] : Inertia correction needed. 
│             Attempting correction by adding diagonal matrix with positive values for the Jacobian of the stationary equations
└             and negative values for the Jacobian of the constraints.
┌ DiffOpt.NonLinearProgram | Info ] : Inertia correction needed. 
│             Attempting correction by adding diagonal matrix with positive values for the Jacobian of the stationary equations
└             and negative values for the Jacobian of the constraints.
┌ DiffOpt.NonLinearProgram | Info ] : Inertia correction needed. 
│             Attempting correction by adding diagonal matrix with positive values for the Jacobian of the stationary equations
└             and negative values for the Jacobian of the constraints.
┌ DiffOpt.NonLinearProgram | Info ] : Inertia correction needed. 
│             Attempting correction by adding diagonal matrix with positive values for the Jacobian of the stationary equations
└             and negative values for the Jacobian of the constraints.
┌ DiffOpt.NonLinearProgram | Info ] : Inertia correction needed. 
│             Attempting correction by adding diagonal matrix with positive values for the Jacobian of the stationary equations
└             and negative values for the Jacobian of the constraints.
┌ DiffOpt.NonLinearProgram | Info ] : Inertia correction needed. 
│             Attempting correction by adding diagonal matrix with positive values for the Jacobian of the stationary equations
└             and negative values for the Jacobian of the constraints.
┌ DiffOpt.NonLinearProgram | Info ] : Inertia correction needed. 
│             Attempting correction by adding diagonal matrix with positive values for the Jacobian of the stationary equations
└             and negative values for the Jacobian of the constraints.
┌ DiffOpt.NonLinearProgram | Info ] : Inertia correction needed. 
│             Attempting correction by adding diagonal matrix with positive values for the Jacobian of the stationary equations
└             and negative values for the Jacobian of the constraints.
┌ DiffOpt.NonLinearProgram | Info ] : Inertia correction needed. 
│             Attempting correction by adding diagonal matrix with positive values for the Jacobian of the stationary equations
└             and negative values for the Jacobian of the constraints.
┌ DiffOpt.NonLinearProgram | Info ] : Inertia correction needed. 
│             Attempting correction by adding diagonal matrix with positive values for the Jacobian of the stationary equations
└             and negative values for the Jacobian of the constraints.
┌ DiffOpt.NonLinearProgram | Info ] : Inertia correction needed. 
│             Attempting correction by adding diagonal matrix with positive values for the Jacobian of the stationary equations
└             and negative values for the Jacobian of the constraints.
┌ DiffOpt.NonLinearProgram | Info ] : Inertia correction needed. 
│             Attempting correction by adding diagonal matrix with positive values for the Jacobian of the stationary equations
└             and negative values for the Jacobian of the constraints.
┌ DiffOpt.NonLinearProgram | Info ] : Inertia correction needed. 
│             Attempting correction by adding diagonal matrix with positive values for the Jacobian of the stationary equations
└             and negative values for the Jacobian of the constraints.
┌ DiffOpt.NonLinearProgram | Info ] : Inertia correction needed. 
│             Attempting correction by adding diagonal matrix with positive values for the Jacobian of the stationary equations
└             and negative values for the Jacobian of the constraints.
┌ DiffOpt.NonLinearProgram | Info ] : Inertia correction needed. 
│             Attempting correction by adding diagonal matrix with positive values for the Jacobian of the stationary equations
└             and negative values for the Jacobian of the constraints.
┌ DiffOpt.NonLinearProgram | Info ] : Inertia correction needed. 
│             Attempting correction by adding diagonal matrix with positive values for the Jacobian of the stationary equations
└             and negative values for the Jacobian of the constraints.
┌ DiffOpt.NonLinearProgram | Info ] : Inertia correction needed. 
│             Attempting correction by adding diagonal matrix with positive values for the Jacobian of the stationary equations
└             and negative values for the Jacobian of the constraints.
┌ DiffOpt.NonLinearProgram | Info ] : Inertia correction needed. 
│             Attempting correction by adding diagonal matrix with positive values for the Jacobian of the stationary equations
└             and negative values for the Jacobian of the constraints.
┌ DiffOpt.NonLinearProgram | Info ] : Inertia correction needed. 
│             Attempting correction by adding diagonal matrix with positive values for the Jacobian of the stationary equations
└             and negative values for the Jacobian of the constraints.
┌ DiffOpt.NonLinearProgram | Info ] : Inertia correction needed. 
│             Attempting correction by adding diagonal matrix with positive values for the Jacobian of the stationary equations
└             and negative values for the Jacobian of the constraints.
┌ DiffOpt.NonLinearProgram | Info ] : Inertia correction needed. 
│             Attempting correction by adding diagonal matrix with positive values for the Jacobian of the stationary equations
└             and negative values for the Jacobian of the constraints.
┌ DiffOpt.NonLinearProgram | Info ] : Inertia correction needed. 
│             Attempting correction by adding diagonal matrix with positive values for the Jacobian of the stationary equations
└             and negative values for the Jacobian of the constraints.
┌ DiffOpt.NonLinearProgram | Info ] : Inertia correction needed. 
│             Attempting correction by adding diagonal matrix with positive values for the Jacobian of the stationary equations
└             and negative values for the Jacobian of the constraints.
┌ DiffOpt.NonLinearProgram | Info ] : Inertia correction needed. 
│             Attempting correction by adding diagonal matrix with positive values for the Jacobian of the stationary equations
└             and negative values for the Jacobian of the constraints.
┌ DiffOpt.NonLinearProgram | Info ] : Inertia correction needed. 
│             Attempting correction by adding diagonal matrix with positive values for the Jacobian of the stationary equations
└             and negative values for the Jacobian of the constraints.
[ Main | Info ] : [Gini formal CC] Jacobian is block-diagonal (max off-block-diag = 0.0)
[ Main | Info ] : [Gini formal CC] T=4, N=9, m=36 (indicator-constraint form, σ unbounded above)
[ Main | Info ] : [Gini formal CC] Solver status: OPTIMAL (solve_time=6.48s)
[ Main | Info ] : [gini/absolute] iter 1 upper-level status = OPTIMAL
[ Main | Info ] : [gini/absolute] iter 1 timings: int=0.0s lower=103.6s (primal=12.0s jac=36.8s) upper=9.8s total=113.4s
[ FairLoadDelivery | Info ] : Iteration 2: Solving multiperiod lower-level MLD with 36 per-period weights
┌ DiffOpt.NonLinearProgram | Info ] : Inertia correction needed. 
│             Attempting correction by adding diagonal matrix with positive values for the Jacobian of the stationary equations
└             and negative values for the Jacobian of the constraints.
┌ DiffOpt.NonLinearProgram | Info ] : Inertia correction needed. 
│             Attempting correction by adding diagonal matrix with positive values for the Jacobian of the stationary equations
└             and negative values for the Jacobian of the constraints.
┌ DiffOpt.NonLinearProgram | Info ] : Inertia correction needed. 
│             Attempting correction by adding diagonal matrix with positive values for the Jacobian of the stationary equations
└             and negative values for the Jacobian of the constraints.
┌ DiffOpt.NonLinearProgram | Info ] : Inertia correction needed. 
│             Attempting correction by adding diagonal matrix with positive values for the Jacobian of the stationary equations
└             and negative values for the Jacobian of the constraints.
┌ DiffOpt.NonLinearProgram | Info ] : Inertia correction needed. 
│             Attempting correction by adding diagonal matrix with positive values for the Jacobian of the stationary equations
└             and negative values for the Jacobian of the constraints.
┌ DiffOpt.NonLinearProgram | Info ] : Inertia correction needed. 
│             Attempting correction by adding diagonal matrix with positive values for the Jacobian of the stationary equations
└             and negative values for the Jacobian of the constraints.
┌ DiffOpt.NonLinearProgram | Info ] : Inertia correction needed. 
│             Attempting correction by adding diagonal matrix with positive values for the Jacobian of the stationary equations
└             and negative values for the Jacobian of the constraints.
┌ DiffOpt.NonLinearProgram | Info ] : Inertia correction needed. 
│             Attempting correction by adding diagonal matrix with positive values for the Jacobian of the stationary equations
└             and negative values for the Jacobian of the constraints.
┌ DiffOpt.NonLinearProgram | Info ] : Inertia correction needed. 
│             Attempting correction by adding diagonal matrix with positive values for the Jacobian of the stationary equations
└             and negative values for the Jacobian of the constraints.
┌ DiffOpt.NonLinearProgram | Info ] : Inertia correction needed. 
│             Attempting correction by adding diagonal matrix with positive values for the Jacobian of the stationary equations
└             and negative values for the Jacobian of the constraints.
┌ DiffOpt.NonLinearProgram | Info ] : Inertia correction needed. 
│             Attempting correction by adding diagonal matrix with positive values for the Jacobian of the stationary equations
└             and negative values for the Jacobian of the constraints.
┌ DiffOpt.NonLinearProgram | Info ] : Inertia correction needed. 
│             Attempting correction by adding diagonal matrix with positive values for the Jacobian of the stationary equations
└             and negative values for the Jacobian of the constraints.
┌ DiffOpt.NonLinearProgram | Info ] : Inertia correction needed. 
│             Attempting correction by adding diagonal matrix with positive values for the Jacobian of the stationary equations
└             and negative values for the Jacobian of the constraints.
┌ DiffOpt.NonLinearProgram | Info ] : Inertia correction needed. 
│             Attempting correction by adding diagonal matrix with positive values for the Jacobian of the stationary equations
└             and negative values for the Jacobian of the constraints.
┌ DiffOpt.NonLinearProgram | Info ] : Inertia correction needed. 
│             Attempting correction by adding diagonal matrix with positive values for the Jacobian of the stationary equations
└             and negative values for the Jacobian of the constraints.
┌ DiffOpt.NonLinearProgram | Info ] : Inertia correction needed. 
│             Attempting correction by adding diagonal matrix with positive values for the Jacobian of the stationary equations
└             and negative values for the Jacobian of the constraints.
┌ DiffOpt.NonLinearProgram | Info ] : Inertia correction needed. 
│             Attempting correction by adding diagonal matrix with positive values for the Jacobian of the stationary equations
└             and negative values for the Jacobian of the constraints.
┌ DiffOpt.NonLinearProgram | Info ] : Inertia correction needed. 
│             Attempting correction by adding diagonal matrix with positive values for the Jacobian of the stationary equations
└             and negative values for the Jacobian of the constraints.
┌ DiffOpt.NonLinearProgram | Info ] : Inertia correction needed. 
│             Attempting correction by adding diagonal matrix with positive values for the Jacobian of the stationary equations
└             and negative values for the Jacobian of the constraints.
┌ DiffOpt.NonLinearProgram | Info ] : Inertia correction needed. 
│             Attempting correction by adding diagonal matrix with positive values for the Jacobian of the stationary equations
└             and negative values for the Jacobian of the constraints.
┌ DiffOpt.NonLinearProgram | Info ] : Inertia correction needed. 
│             Attempting correction by adding diagonal matrix with positive values for the Jacobian of the stationary equations
└             and negative values for the Jacobian of the constraints.
┌ DiffOpt.NonLinearProgram | Info ] : Inertia correction needed. 
│             Attempting correction by adding diagonal matrix with positive values for the Jacobian of the stationary equations
└             and negative values for the Jacobian of the constraints.
┌ DiffOpt.NonLinearProgram | Info ] : Inertia correction needed. 
│             Attempting correction by adding diagonal matrix with positive values for the Jacobian of the stationary equations
└             and negative values for the Jacobian of the constraints.
┌ DiffOpt.NonLinearProgram | Info ] : Inertia correction needed. 
│             Attempting correction by adding diagonal matrix with positive values for the Jacobian of the stationary equations
└             and negative values for the Jacobian of the constraints.
┌ DiffOpt.NonLinearProgram | Info ] : Inertia correction needed. 
│             Attempting correction by adding diagonal matrix with positive values for the Jacobian of the stationary equations
└             and negative values for the Jacobian of the constraints.
┌ DiffOpt.NonLinearProgram | Info ] : Inertia correction needed. 
│             Attempting correction by adding diagonal matrix with positive values for the Jacobian of the stationary equations
└             and negative values for the Jacobian of the constraints.
┌ DiffOpt.NonLinearProgram | Info ] : Inertia correction needed. 
│             Attempting correction by adding diagonal matrix with positive values for the Jacobian of the stationary equations
└             and negative values for the Jacobian of the constraints.
┌ DiffOpt.NonLinearProgram | Info ] : Inertia correction needed. 
│             Attempting correction by adding diagonal matrix with positive values for the Jacobian of the stationary equations
└             and negative values for the Jacobian of the constraints.
┌ DiffOpt.NonLinearProgram | Info ] : Inertia correction needed. 
│             Attempting correction by adding diagonal matrix with positive values for the Jacobian of the stationary equations
└             and negative values for the Jacobian of the constraints.
┌ DiffOpt.NonLinearProgram | Info ] : Inertia correction needed. 
│             Attempting correction by adding diagonal matrix with positive values for the Jacobian of the stationary equations
└             and negative values for the Jacobian of the constraints.
┌ DiffOpt.NonLinearProgram | Info ] : Inertia correction needed. 
│             Attempting correction by adding diagonal matrix with positive values for the Jacobian of the stationary equations
└             and negative values for the Jacobian of the constraints.
┌ DiffOpt.NonLinearProgram | Info ] : Inertia correction needed. 
│             Attempting correction by adding diagonal matrix with positive values for the Jacobian of the stationary equations
└             and negative values for the Jacobian of the constraints.
┌ DiffOpt.NonLinearProgram | Info ] : Inertia correction needed. 
│             Attempting correction by adding diagonal matrix with positive values for the Jacobian of the stationary equations
└             and negative values for the Jacobian of the constraints.
┌ DiffOpt.NonLinearProgram | Info ] : Inertia correction needed. 
│             Attempting correction by adding diagonal matrix with positive values for the Jacobian of the stationary equations
└             and negative values for the Jacobian of the constraints.
┌ DiffOpt.NonLinearProgram | Info ] : Inertia correction needed. 
│             Attempting correction by adding diagonal matrix with positive values for the Jacobian of the stationary equations
└             and negative values for the Jacobian of the constraints.
┌ DiffOpt.NonLinearProgram | Info ] : Inertia correction needed. 
│             Attempting correction by adding diagonal matrix with positive values for the Jacobian of the stationary equations
└             and negative values for the Jacobian of the constraints.
[ Main | Info ] : [Gini formal CC] Jacobian is block-diagonal (max off-block-diag = 0.0)
[ Main | Info ] : [Gini formal CC] T=4, N=9, m=36 (indicator-constraint form, σ unbounded above)
[ Main | Info ] : [Gini formal CC] Solver status: OPTIMAL (solve_time=7.98s)
[ Main | Info ] : [gini/absolute] iter 2 upper-level status = OPTIMAL
[ Main | Info ] : [gini/absolute] iter 2 timings: int=0.0s lower=8.2s (primal=1.0s jac=6.9s) upper=8.0s total=16.2s
[ FairLoadDelivery | Info ] : Iteration 3: Solving multiperiod lower-level MLD with 36 per-period weights
┌ DiffOpt.NonLinearProgram | Info ] : Inertia correction needed. 
│             Attempting correction by adding diagonal matrix with positive values for the Jacobian of the stationary equations
└             and negative values for the Jacobian of the constraints.
┌ DiffOpt.NonLinearProgram | Info ] : Inertia correction needed. 
│             Attempting correction by adding diagonal matrix with positive values for the Jacobian of the stationary equations
└             and negative values for the Jacobian of the constraints.
┌ DiffOpt.NonLinearProgram | Info ] : Inertia correction needed. 
│             Attempting correction by adding diagonal matrix with positive values for the Jacobian of the stationary equations
└             and negative values for the Jacobian of the constraints.
┌ DiffOpt.NonLinearProgram | Info ] : Inertia correction needed. 
│             Attempting correction by adding diagonal matrix with positive values for the Jacobian of the stationary equations
└             and negative values for the Jacobian of the constraints.
┌ DiffOpt.NonLinearProgram | Info ] : Inertia correction needed. 
│             Attempting correction by adding diagonal matrix with positive values for the Jacobian of the stationary equations
└             and negative values for the Jacobian of the constraints.
┌ DiffOpt.NonLinearProgram | Info ] : Inertia correction needed. 
│             Attempting correction by adding diagonal matrix with positive values for the Jacobian of the stationary equations
└             and negative values for the Jacobian of the constraints.
┌ DiffOpt.NonLinearProgram | Info ] : Inertia correction needed. 
│             Attempting correction by adding diagonal matrix with positive values for the Jacobian of the stationary equations
└             and negative values for the Jacobian of the constraints.
┌ DiffOpt.NonLinearProgram | Info ] : Inertia correction needed. 
│             Attempting correction by adding diagonal matrix with positive values for the Jacobian of the stationary equations
└             and negative values for the Jacobian of the constraints.
┌ DiffOpt.NonLinearProgram | Info ] : Inertia correction needed. 
│             Attempting correction by adding diagonal matrix with positive values for the Jacobian of the stationary equations
└             and negative values for the Jacobian of the constraints.
┌ DiffOpt.NonLinearProgram | Info ] : Inertia correction needed. 
│             Attempting correction by adding diagonal matrix with positive values for the Jacobian of the stationary equations
└             and negative values for the Jacobian of the constraints.
┌ DiffOpt.NonLinearProgram | Info ] : Inertia correction needed. 
│             Attempting correction by adding diagonal matrix with positive values for the Jacobian of the stationary equations
└             and negative values for the Jacobian of the constraints.
┌ DiffOpt.NonLinearProgram | Info ] : Inertia correction needed. 
│             Attempting correction by adding diagonal matrix with positive values for the Jacobian of the stationary equations
└             and negative values for the Jacobian of the constraints.
┌ DiffOpt.NonLinearProgram | Info ] : Inertia correction needed. 
│             Attempting correction by adding diagonal matrix with positive values for the Jacobian of the stationary equations
└             and negative values for the Jacobian of the constraints.
┌ DiffOpt.NonLinearProgram | Info ] : Inertia correction needed. 
│             Attempting correction by adding diagonal matrix with positive values for the Jacobian of the stationary equations
└             and negative values for the Jacobian of the constraints.
┌ DiffOpt.NonLinearProgram | Info ] : Inertia correction needed. 
│             Attempting correction by adding diagonal matrix with positive values for the Jacobian of the stationary equations
└             and negative values for the Jacobian of the constraints.
┌ DiffOpt.NonLinearProgram | Info ] : Inertia correction needed. 
│             Attempting correction by adding diagonal matrix with positive values for the Jacobian of the stationary equations
└             and negative values for the Jacobian of the constraints.
┌ DiffOpt.NonLinearProgram | Info ] : Inertia correction needed. 
│             Attempting correction by adding diagonal matrix with positive values for the Jacobian of the stationary equations
└             and negative values for the Jacobian of the constraints.
┌ DiffOpt.NonLinearProgram | Info ] : Inertia correction needed. 
│             Attempting correction by adding diagonal matrix with positive values for the Jacobian of the stationary equations
└             and negative values for the Jacobian of the constraints.
┌ DiffOpt.NonLinearProgram | Info ] : Inertia correction needed. 
│             Attempting correction by adding diagonal matrix with positive values for the Jacobian of the stationary equations
└             and negative values for the Jacobian of the constraints.
┌ DiffOpt.NonLinearProgram | Info ] : Inertia correction needed. 
│             Attempting correction by adding diagonal matrix with positive values for the Jacobian of the stationary equations
└             and negative values for the Jacobian of the constraints.
┌ DiffOpt.NonLinearProgram | Info ] : Inertia correction needed. 
│             Attempting correction by adding diagonal matrix with positive values for the Jacobian of the stationary equations
└             and negative values for the Jacobian of the constraints.
┌ DiffOpt.NonLinearProgram | Info ] : Inertia correction needed. 
│             Attempting correction by adding diagonal matrix with positive values for the Jacobian of the stationary equations
└             and negative values for the Jacobian of the constraints.
┌ DiffOpt.NonLinearProgram | Info ] : Inertia correction needed. 
│             Attempting correction by adding diagonal matrix with positive values for the Jacobian of the stationary equations
└             and negative values for the Jacobian of the constraints.
┌ DiffOpt.NonLinearProgram | Info ] : Inertia correction needed. 
│             Attempting correction by adding diagonal matrix with positive values for the Jacobian of the stationary equations
└             and negative values for the Jacobian of the constraints.
┌ DiffOpt.NonLinearProgram | Info ] : Inertia correction needed. 
│             Attempting correction by adding diagonal matrix with positive values for the Jacobian of the stationary equations
└             and negative values for the Jacobian of the constraints.
┌ DiffOpt.NonLinearProgram | Info ] : Inertia correction needed. 
│             Attempting correction by adding diagonal matrix with positive values for the Jacobian of the stationary equations
└             and negative values for the Jacobian of the constraints.
┌ DiffOpt.NonLinearProgram | Info ] : Inertia correction needed. 
│             Attempting correction by adding diagonal matrix with positive values for the Jacobian of the stationary equations
└             and negative values for the Jacobian of the constraints.
┌ DiffOpt.NonLinearProgram | Info ] : Inertia correction needed. 
│             Attempting correction by adding diagonal matrix with positive values for the Jacobian of the stationary equations
└             and negative values for the Jacobian of the constraints.
┌ DiffOpt.NonLinearProgram | Info ] : Inertia correction needed. 
│             Attempting correction by adding diagonal matrix with positive values for the Jacobian of the stationary equations
└             and negative values for the Jacobian of the constraints.
┌ DiffOpt.NonLinearProgram | Info ] : Inertia correction needed. 
│             Attempting correction by adding diagonal matrix with positive values for the Jacobian of the stationary equations
└             and negative values for the Jacobian of the constraints.
┌ DiffOpt.NonLinearProgram | Info ] : Inertia correction needed. 
│             Attempting correction by adding diagonal matrix with positive values for the Jacobian of the stationary equations
└             and negative values for the Jacobian of the constraints.
┌ DiffOpt.NonLinearProgram | Info ] : Inertia correction needed. 
│             Attempting correction by adding diagonal matrix with positive values for the Jacobian of the stationary equations
└             and negative values for the Jacobian of the constraints.
┌ DiffOpt.NonLinearProgram | Info ] : Inertia correction needed. 
│             Attempting correction by adding diagonal matrix with positive values for the Jacobian of the stationary equations
└             and negative values for the Jacobian of the constraints.
Set parameter Username
Set parameter LicenseID to value 2813843
Academic license - for non-commercial use only - expires 2027-04-27
Set parameter Username
Set parameter LicenseID to value 2813843
Academic license - for non-commercial use only - expires 2027-04-27
Set parameter Username
Set parameter LicenseID to value 2813843
Academic license - for non-commercial use only - expires 2027-04-27
Set parameter Username
Set parameter LicenseID to value 2813843
Academic license - for non-commercial use only - expires 2027-04-27
┌ DiffOpt.NonLinearProgram | Info ] : Inertia correction needed. 
│             Attempting correction by adding diagonal matrix with positive values for the Jacobian of the stationary equations
└             and negative values for the Jacobian of the constraints.
┌ DiffOpt.NonLinearProgram | Info ] : Inertia correction needed. 
│             Attempting correction by adding diagonal matrix with positive values for the Jacobian of the stationary equations
└             and negative values for the Jacobian of the constraints.
┌ DiffOpt.NonLinearProgram | Info ] : Inertia correction needed. 
│             Attempting correction by adding diagonal matrix with positive values for the Jacobian of the stationary equations
└             and negative values for the Jacobian of the constraints.
[ Main | Info ] : [Gini formal CC] Jacobian is block-diagonal (max off-block-diag = 0.0)
[ Main | Info ] : [Gini formal CC] T=4, N=9, m=36 (indicator-constraint form, σ unbounded above)
[ Main | Info ] : [Gini formal CC] Solver status: OPTIMAL (solve_time=11.42s)
[ Main | Info ] : [gini/absolute] iter 3 upper-level status = OPTIMAL
[ Main | Info ] : [gini/absolute] iter 3 timings: int=0.0s lower=8.5s (primal=2.1s jac=6.3s) upper=11.4s total=19.9s
[ FairLoadDelivery | Info ] : Iteration 4: Solving multiperiod lower-level MLD with 36 per-period weights
┌ DiffOpt.NonLinearProgram | Info ] : Inertia correction needed. 
│             Attempting correction by adding diagonal matrix with positive values for the Jacobian of the stationary equations
└             and negative values for the Jacobian of the constraints.
┌ DiffOpt.NonLinearProgram | Info ] : Inertia correction needed. 
│             Attempting correction by adding diagonal matrix with positive values for the Jacobian of the stationary equations
└             and negative values for the Jacobian of the constraints.
┌ DiffOpt.NonLinearProgram | Info ] : Inertia correction needed. 
│             Attempting correction by adding diagonal matrix with positive values for the Jacobian of the stationary equations
└             and negative values for the Jacobian of the constraints.
┌ DiffOpt.NonLinearProgram | Info ] : Inertia correction needed. 
│             Attempting correction by adding diagonal matrix with positive values for the Jacobian of the stationary equations
└             and negative values for the Jacobian of the constraints.
┌ DiffOpt.NonLinearProgram | Info ] : Inertia correction needed. 
│             Attempting correction by adding diagonal matrix with positive values for the Jacobian of the stationary equations
└             and negative values for the Jacobian of the constraints.
┌ DiffOpt.NonLinearProgram | Info ] : Inertia correction needed. 
│             Attempting correction by adding diagonal matrix with positive values for the Jacobian of the stationary equations
└             and negative values for the Jacobian of the constraints.
┌ DiffOpt.NonLinearProgram | Info ] : Inertia correction needed. 
│             Attempting correction by adding diagonal matrix with positive values for the Jacobian of the stationary equations
└             and negative values for the Jacobian of the constraints.
┌ DiffOpt.NonLinearProgram | Info ] : Inertia correction needed. 
│             Attempting correction by adding diagonal matrix with positive values for the Jacobian of the stationary equations
└             and negative values for the Jacobian of the constraints.
┌ DiffOpt.NonLinearProgram | Info ] : Inertia correction needed. 
│             Attempting correction by adding diagonal matrix with positive values for the Jacobian of the stationary equations
└             and negative values for the Jacobian of the constraints.
┌ DiffOpt.NonLinearProgram | Info ] : Inertia correction needed. 
│             Attempting correction by adding diagonal matrix with positive values for the Jacobian of the stationary equations
└             and negative values for the Jacobian of the constraints.
┌ DiffOpt.NonLinearProgram | Info ] : Inertia correction needed. 
│             Attempting correction by adding diagonal matrix with positive values for the Jacobian of the stationary equations
└             and negative values for the Jacobian of the constraints.
┌ DiffOpt.NonLinearProgram | Info ] : Inertia correction needed. 
│             Attempting correction by adding diagonal matrix with positive values for the Jacobian of the stationary equations
└             and negative values for the Jacobian of the constraints.
┌ DiffOpt.NonLinearProgram | Info ] : Inertia correction needed. 
│             Attempting correction by adding diagonal matrix with positive values for the Jacobian of the stationary equations
└             and negative values for the Jacobian of the constraints.
┌ DiffOpt.NonLinearProgram | Info ] : Inertia correction needed. 
│             Attempting correction by adding diagonal matrix with positive values for the Jacobian of the stationary equations
└             and negative values for the Jacobian of the constraints.
┌ DiffOpt.NonLinearProgram | Info ] : Inertia correction needed. 
│             Attempting correction by adding diagonal matrix with positive values for the Jacobian of the stationary equations
└             and negative values for the Jacobian of the constraints.
┌ DiffOpt.NonLinearProgram | Info ] : Inertia correction needed. 
│             Attempting correction by adding diagonal matrix with positive values for the Jacobian of the stationary equations
└             and negative values for the Jacobian of the constraints.
┌ DiffOpt.NonLinearProgram | Info ] : Inertia correction needed. 
│             Attempting correction by adding diagonal matrix with positive values for the Jacobian of the stationary equations
└             and negative values for the Jacobian of the constraints.
┌ DiffOpt.NonLinearProgram | Info ] : Inertia correction needed. 
│             Attempting correction by adding diagonal matrix with positive values for the Jacobian of the stationary equations
└             and negative values for the Jacobian of the constraints.
┌ DiffOpt.NonLinearProgram | Info ] : Inertia correction needed. 
│             Attempting correction by adding diagonal matrix with positive values for the Jacobian of the stationary equations
└             and negative values for the Jacobian of the constraints.
┌ DiffOpt.NonLinearProgram | Info ] : Inertia correction needed. 
│             Attempting correction by adding diagonal matrix with positive values for the Jacobian of the stationary equations
└             and negative values for the Jacobian of the constraints.
┌ DiffOpt.NonLinearProgram | Info ] : Inertia correction needed. 
│             Attempting correction by adding diagonal matrix with positive values for the Jacobian of the stationary equations
└             and negative values for the Jacobian of the constraints.
┌ DiffOpt.NonLinearProgram | Info ] : Inertia correction needed. 
│             Attempting correction by adding diagonal matrix with positive values for the Jacobian of the stationary equations
└             and negative values for the Jacobian of the constraints.
┌ DiffOpt.NonLinearProgram | Info ] : Inertia correction needed. 
│             Attempting correction by adding diagonal matrix with positive values for the Jacobian of the stationary equations
└             and negative values for the Jacobian of the constraints.
┌ DiffOpt.NonLinearProgram | Info ] : Inertia correction needed. 
│             Attempting correction by adding diagonal matrix with positive values for the Jacobian of the stationary equations
└             and negative values for the Jacobian of the constraints.
┌ DiffOpt.NonLinearProgram | Info ] : Inertia correction needed. 
│             Attempting correction by adding diagonal matrix with positive values for the Jacobian of the stationary equations
└             and negative values for the Jacobian of the constraints.
┌ DiffOpt.NonLinearProgram | Info ] : Inertia correction needed. 
│             Attempting correction by adding diagonal matrix with positive values for the Jacobian of the stationary equations
└             and negative values for the Jacobian of the constraints.
┌ DiffOpt.NonLinearProgram | Info ] : Inertia correction needed. 
│             Attempting correction by adding diagonal matrix with positive values for the Jacobian of the stationary equations
└             and negative values for the Jacobian of the constraints.
┌ DiffOpt.NonLinearProgram | Info ] : Inertia correction needed. 
│             Attempting correction by adding diagonal matrix with positive values for the Jacobian of the stationary equations
└             and negative values for the Jacobian of the constraints.
┌ DiffOpt.NonLinearProgram | Info ] : Inertia correction needed. 
│             Attempting correction by adding diagonal matrix with positive values for the Jacobian of the stationary equations
└             and negative values for the Jacobian of the constraints.
┌ DiffOpt.NonLinearProgram | Info ] : Inertia correction needed. 
│             Attempting correction by adding diagonal matrix with positive values for the Jacobian of the stationary equations
└             and negative values for the Jacobian of the constraints.
┌ DiffOpt.NonLinearProgram | Info ] : Inertia correction needed. 
│             Attempting correction by adding diagonal matrix with positive values for the Jacobian of the stationary equations
└             and negative values for the Jacobian of the constraints.
┌ DiffOpt.NonLinearProgram | Info ] : Inertia correction needed. 
│             Attempting correction by adding diagonal matrix with positive values for the Jacobian of the stationary equations
└             and negative values for the Jacobian of the constraints.
┌ DiffOpt.NonLinearProgram | Info ] : Inertia correction needed. 
│             Attempting correction by adding diagonal matrix with positive values for the Jacobian of the stationary equations
└             and negative values for the Jacobian of the constraints.
┌ DiffOpt.NonLinearProgram | Info ] : Inertia correction needed. 
│             Attempting correction by adding diagonal matrix with positive values for the Jacobian of the stationary equations
└             and negative values for the Jacobian of the constraints.
┌ DiffOpt.NonLinearProgram | Info ] : Inertia correction needed. 
│             Attempting correction by adding diagonal matrix with positive values for the Jacobian of the stationary equations
└             and negative values for the Jacobian of the constraints.
┌ DiffOpt.NonLinearProgram | Info ] : Inertia correction needed. 
│             Attempting correction by adding diagonal matrix with positive values for the Jacobian of the stationary equations
└             and negative values for the Jacobian of the constraints.
[ Main | Info ] : [Gini formal CC] Jacobian is block-diagonal (max off-block-diag = 0.0)
[ Main | Info ] : [Gini formal CC] T=4, N=9, m=36 (indicator-constraint form, σ unbounded above)
[ Main | Info ] : [Gini formal CC] Solver status: OPTIMAL (solve_time=15.24s)
[ Main | Info ] : [gini/absolute] iter 4 upper-level status = OPTIMAL
[ Main | Info ] : [gini/absolute] iter 4 timings: int=0.0s lower=9.3s (primal=2.3s jac=7.0s) upper=15.2s total=24.5s
[ FairLoadDelivery | Info ] : Iteration 5: Solving multiperiod lower-level MLD with 36 per-period weights
┌ DiffOpt.NonLinearProgram | Info ] : Inertia correction needed. 
│             Attempting correction by adding diagonal matrix with positive values for the Jacobian of the stationary equations
└             and negative values for the Jacobian of the constraints.
┌ DiffOpt.NonLinearProgram | Info ] : Inertia correction needed. 
│             Attempting correction by adding diagonal matrix with positive values for the Jacobian of the stationary equations
└             and negative values for the Jacobian of the constraints.
┌ DiffOpt.NonLinearProgram | Info ] : Inertia correction needed. 
│             Attempting correction by adding diagonal matrix with positive values for the Jacobian of the stationary equations
└             and negative values for the Jacobian of the constraints.
┌ DiffOpt.NonLinearProgram | Info ] : Inertia correction needed. 
│             Attempting correction by adding diagonal matrix with positive values for the Jacobian of the stationary equations
└             and negative values for the Jacobian of the constraints.
┌ DiffOpt.NonLinearProgram | Info ] : Inertia correction needed. 
│             Attempting correction by adding diagonal matrix with positive values for the Jacobian of the stationary equations
└             and negative values for the Jacobian of the constraints.
┌ DiffOpt.NonLinearProgram | Info ] : Inertia correction needed. 
│             Attempting correction by adding diagonal matrix with positive values for the Jacobian of the stationary equations
└             and negative values for the Jacobian of the constraints.
┌ DiffOpt.NonLinearProgram | Info ] : Inertia correction needed. 
│             Attempting correction by adding diagonal matrix with positive values for the Jacobian of the stationary equations
└             and negative values for the Jacobian of the constraints.
┌ DiffOpt.NonLinearProgram | Info ] : Inertia correction needed. 
│             Attempting correction by adding diagonal matrix with positive values for the Jacobian of the stationary equations
└             and negative values for the Jacobian of the constraints.
┌ DiffOpt.NonLinearProgram | Info ] : Inertia correction needed. 
│             Attempting correction by adding diagonal matrix with positive values for the Jacobian of the stationary equations
└             and negative values for the Jacobian of the constraints.
┌ DiffOpt.NonLinearProgram | Info ] : Inertia correction needed. 
│             Attempting correction by adding diagonal matrix with positive values for the Jacobian of the stationary equations
└             and negative values for the Jacobian of the constraints.
┌ DiffOpt.NonLinearProgram | Info ] : Inertia correction needed. 
│             Attempting correction by adding diagonal matrix with positive values for the Jacobian of the stationary equations
└             and negative values for the Jacobian of the constraints.
┌ DiffOpt.NonLinearProgram | Info ] : Inertia correction needed. 
│             Attempting correction by adding diagonal matrix with positive values for the Jacobian of the stationary equations
└             and negative values for the Jacobian of the constraints.
┌ DiffOpt.NonLinearProgram | Info ] : Inertia correction needed. 
│             Attempting correction by adding diagonal matrix with positive values for the Jacobian of the stationary equations
└             and negative values for the Jacobian of the constraints.
┌ DiffOpt.NonLinearProgram | Info ] : Inertia correction needed. 
│             Attempting correction by adding diagonal matrix with positive values for the Jacobian of the stationary equations
└             and negative values for the Jacobian of the constraints.
┌ DiffOpt.NonLinearProgram | Info ] : Inertia correction needed. 
│             Attempting correction by adding diagonal matrix with positive values for the Jacobian of the stationary equations
└             and negative values for the Jacobian of the constraints.
┌ DiffOpt.NonLinearProgram | Info ] : Inertia correction needed. 
│             Attempting correction by adding diagonal matrix with positive values for the Jacobian of the stationary equations
└             and negative values for the Jacobian of the constraints.
┌ DiffOpt.NonLinearProgram | Info ] : Inertia correction needed. 
│             Attempting correction by adding diagonal matrix with positive values for the Jacobian of the stationary equations
└             and negative values for the Jacobian of the constraints.
┌ DiffOpt.NonLinearProgram | Info ] : Inertia correction needed. 
│             Attempting correction by adding diagonal matrix with positive values for the Jacobian of the stationary equations
└             and negative values for the Jacobian of the constraints.
┌ DiffOpt.NonLinearProgram | Info ] : Inertia correction needed. 
│             Attempting correction by adding diagonal matrix with positive values for the Jacobian of the stationary equations
└             and negative values for the Jacobian of the constraints.
┌ DiffOpt.NonLinearProgram | Info ] : Inertia correction needed. 
│             Attempting correction by adding diagonal matrix with positive values for the Jacobian of the stationary equations
└             and negative values for the Jacobian of the constraints.
┌ DiffOpt.NonLinearProgram | Info ] : Inertia correction needed. 
│             Attempting correction by adding diagonal matrix with positive values for the Jacobian of the stationary equations
└             and negative values for the Jacobian of the constraints.
┌ DiffOpt.NonLinearProgram | Info ] : Inertia correction needed. 
│             Attempting correction by adding diagonal matrix with positive values for the Jacobian of the stationary equations
└             and negative values for the Jacobian of the constraints.
┌ DiffOpt.NonLinearProgram | Info ] : Inertia correction needed. 
│             Attempting correction by adding diagonal matrix with positive values for the Jacobian of the stationary equations
└             and negative values for the Jacobian of the constraints.
┌ DiffOpt.NonLinearProgram | Info ] : Inertia correction needed. 
│             Attempting correction by adding diagonal matrix with positive values for the Jacobian of the stationary equations
└             and negative values for the Jacobian of the constraints.
┌ DiffOpt.NonLinearProgram | Info ] : Inertia correction needed. 
│             Attempting correction by adding diagonal matrix with positive values for the Jacobian of the stationary equations
└             and negative values for the Jacobian of the constraints.
┌ DiffOpt.NonLinearProgram | Info ] : Inertia correction needed. 
│             Attempting correction by adding diagonal matrix with positive values for the Jacobian of the stationary equations
└             and negative values for the Jacobian of the constraints.
┌ DiffOpt.NonLinearProgram | Info ] : Inertia correction needed. 
│             Attempting correction by adding diagonal matrix with positive values for the Jacobian of the stationary equations
└             and negative values for the Jacobian of the constraints.
┌ DiffOpt.NonLinearProgram | Info ] : Inertia correction needed. 
│             Attempting correction by adding diagonal matrix with positive values for the Jacobian of the stationary equations
└             and negative values for the Jacobian of the constraints.
┌ DiffOpt.NonLinearProgram | Info ] : Inertia correction needed. 
│             Attempting correction by adding diagonal matrix with positive values for the Jacobian of the stationary equations
└             and negative values for the Jacobian of the constraints.
┌ DiffOpt.NonLinearProgram | Info ] : Inertia correction needed. 
│             Attempting correction by adding diagonal matrix with positive values for the Jacobian of the stationary equations
└             and negative values for the Jacobian of the constraints.
┌ DiffOpt.NonLinearProgram | Info ] : Inertia correction needed. 
│             Attempting correction by adding diagonal matrix with positive values for the Jacobian of the stationary equations
└             and negative values for the Jacobian of the constraints.
┌ DiffOpt.NonLinearProgram | Info ] : Inertia correction needed. 
│             Attempting correction by adding diagonal matrix with positive values for the Jacobian of the stationary equations
└             and negative values for the Jacobian of the constraints.
┌ DiffOpt.NonLinearProgram | Info ] : Inertia correction needed. 
│             Attempting correction by adding diagonal matrix with positive values for the Jacobian of the stationary equations
└             and negative values for the Jacobian of the constraints.
┌ DiffOpt.NonLinearProgram | Info ] : Inertia correction needed. 
│             Attempting correction by adding diagonal matrix with positive values for the Jacobian of the stationary equations
└             and negative values for the Jacobian of the constraints.
┌ DiffOpt.NonLinearProgram | Info ] : Inertia correction needed. 
│             Attempting correction by adding diagonal matrix with positive values for the Jacobian of the stationary equations
└             and negative values for the Jacobian of the constraints.
┌ DiffOpt.NonLinearProgram | Info ] : Inertia correction needed. 
│             Attempting correction by adding diagonal matrix with positive values for the Jacobian of the stationary equations
└             and negative values for the Jacobian of the constraints.
[ Main | Info ] : [Gini formal CC] Jacobian is block-diagonal (max off-block-diag = 0.0)
[ Main | Info ] : [Gini formal CC] T=4, N=9, m=36 (indicator-constraint form, σ unbounded above)
[ Main | Info ] : [Gini formal CC] Solver status: OPTIMAL (solve_time=13.57s)
[ Main | Info ] : [gini/absolute] iter 5 upper-level status = OPTIMAL
[ Main | Info ] : [gini/absolute] iter 5 timings: int=0.0s lower=8.4s (primal=1.5s jac=6.9s) upper=13.6s total=22.0s
[ FairLoadDelivery | Info ] : Iteration 6: Solving multiperiod lower-level MLD with 36 per-period weights
┌ DiffOpt.NonLinearProgram | Info ] : Inertia correction needed. 
│             Attempting correction by adding diagonal matrix with positive values for the Jacobian of the stationary equations
└             and negative values for the Jacobian of the constraints.
┌ DiffOpt.NonLinearProgram | Info ] : Inertia correction needed. 
│             Attempting correction by adding diagonal matrix with positive values for the Jacobian of the stationary equations
└             and negative values for the Jacobian of the constraints.
┌ DiffOpt.NonLinearProgram | Info ] : Inertia correction needed. 
│             Attempting correction by adding diagonal matrix with positive values for the Jacobian of the stationary equations
└             and negative values for the Jacobian of the constraints.
┌ DiffOpt.NonLinearProgram | Info ] : Inertia correction needed. 
│             Attempting correction by adding diagonal matrix with positive values for the Jacobian of the stationary equations
└             and negative values for the Jacobian of the constraints.
┌ DiffOpt.NonLinearProgram | Info ] : Inertia correction needed. 
│             Attempting correction by adding diagonal matrix with positive values for the Jacobian of the stationary equations
└             and negative values for the Jacobian of the constraints.
┌ DiffOpt.NonLinearProgram | Info ] : Inertia correction needed. 
│             Attempting correction by adding diagonal matrix with positive values for the Jacobian of the stationary equations
└             and negative values for the Jacobian of the constraints.
┌ DiffOpt.NonLinearProgram | Info ] : Inertia correction needed. 
│             Attempting correction by adding diagonal matrix with positive values for the Jacobian of the stationary equations
└             and negative values for the Jacobian of the constraints.
┌ DiffOpt.NonLinearProgram | Info ] : Inertia correction needed. 
│             Attempting correction by adding diagonal matrix with positive values for the Jacobian of the stationary equations
└             and negative values for the Jacobian of the constraints.
┌ DiffOpt.NonLinearProgram | Info ] : Inertia correction needed. 
│             Attempting correction by adding diagonal matrix with positive values for the Jacobian of the stationary equations
└             and negative values for the Jacobian of the constraints.
┌ DiffOpt.NonLinearProgram | Info ] : Inertia correction needed. 
│             Attempting correction by adding diagonal matrix with positive values for the Jacobian of the stationary equations
└             and negative values for the Jacobian of the constraints.
┌ DiffOpt.NonLinearProgram | Info ] : Inertia correction needed. 
│             Attempting correction by adding diagonal matrix with positive values for the Jacobian of the stationary equations
└             and negative values for the Jacobian of the constraints.
┌ DiffOpt.NonLinearProgram | Info ] : Inertia correction needed. 
│             Attempting correction by adding diagonal matrix with positive values for the Jacobian of the stationary equations
└             and negative values for the Jacobian of the constraints.
┌ DiffOpt.NonLinearProgram | Info ] : Inertia correction needed. 
│             Attempting correction by adding diagonal matrix with positive values for the Jacobian of the stationary equations
└             and negative values for the Jacobian of the constraints.
┌ DiffOpt.NonLinearProgram | Info ] : Inertia correction needed. 
│             Attempting correction by adding diagonal matrix with positive values for the Jacobian of the stationary equations
└             and negative values for the Jacobian of the constraints.
┌ DiffOpt.NonLinearProgram | Info ] : Inertia correction needed. 
│             Attempting correction by adding diagonal matrix with positive values for the Jacobian of the stationary equations
└             and negative values for the Jacobian of the constraints.
┌ DiffOpt.NonLinearProgram | Info ] : Inertia correction needed. 
│             Attempting correction by adding diagonal matrix with positive values for the Jacobian of the stationary equations
└             and negative values for the Jacobian of the constraints.
┌ DiffOpt.NonLinearProgram | Info ] : Inertia correction needed. 
│             Attempting correction by adding diagonal matrix with positive values for the Jacobian of the stationary equations
└             and negative values for the Jacobian of the constraints.
┌ DiffOpt.NonLinearProgram | Info ] : Inertia correction needed. 
│             Attempting correction by adding diagonal matrix with positive values for the Jacobian of the stationary equations
└             and negative values for the Jacobian of the constraints.
┌ DiffOpt.NonLinearProgram | Info ] : Inertia correction needed. 
│             Attempting correction by adding diagonal matrix with positive values for the Jacobian of the stationary equations
└             and negative values for the Jacobian of the constraints.
┌ DiffOpt.NonLinearProgram | Info ] : Inertia correction needed. 
│             Attempting correction by adding diagonal matrix with positive values for the Jacobian of the stationary equations
└             and negative values for the Jacobian of the constraints.
┌ DiffOpt.NonLinearProgram | Info ] : Inertia correction needed. 
│             Attempting correction by adding diagonal matrix with positive values for the Jacobian of the stationary equations
└             and negative values for the Jacobian of the constraints.
┌ DiffOpt.NonLinearProgram | Info ] : Inertia correction needed. 
│             Attempting correction by adding diagonal matrix with positive values for the Jacobian of the stationary equations
└             and negative values for the Jacobian of the constraints.
┌ DiffOpt.NonLinearProgram | Info ] : Inertia correction needed. 
│             Attempting correction by adding diagonal matrix with positive values for the Jacobian of the stationary equations
└             and negative values for the Jacobian of the constraints.
┌ DiffOpt.NonLinearProgram | Info ] : Inertia correction needed. 
│             Attempting correction by adding diagonal matrix with positive values for the Jacobian of the stationary equations
└             and negative values for the Jacobian of the constraints.
┌ DiffOpt.NonLinearProgram | Info ] : Inertia correction needed. 
│             Attempting correction by adding diagonal matrix with positive values for the Jacobian of the stationary equations
└             and negative values for the Jacobian of the constraints.
┌ DiffOpt.NonLinearProgram | Info ] : Inertia correction needed. 
│             Attempting correction by adding diagonal matrix with positive values for the Jacobian of the stationary equations
└             and negative values for the Jacobian of the constraints.
┌ DiffOpt.NonLinearProgram | Info ] : Inertia correction needed. 
│             Attempting correction by adding diagonal matrix with positive values for the Jacobian of the stationary equations
└             and negative values for the Jacobian of the constraints.
┌ DiffOpt.NonLinearProgram | Info ] : Inertia correction needed. 
│             Attempting correction by adding diagonal matrix with positive values for the Jacobian of the stationary equations
└             and negative values for the Jacobian of the constraints.
┌ DiffOpt.NonLinearProgram | Info ] : Inertia correction needed. 
│             Attempting correction by adding diagonal matrix with positive values for the Jacobian of the stationary equations
└             and negative values for the Jacobian of the constraints.
┌ DiffOpt.NonLinearProgram | Info ] : Inertia correction needed. 
│             Attempting correction by adding diagonal matrix with positive values for the Jacobian of the stationary equations
└             and negative values for the Jacobian of the constraints.
┌ DiffOpt.NonLinearProgram | Info ] : Inertia correction needed. 
│             Attempting correction by adding diagonal matrix with positive values for the Jacobian of the stationary equations
└             and negative values for the Jacobian of the constraints.
┌ DiffOpt.NonLinearProgram | Info ] : Inertia correction needed. 
│             Attempting correction by adding diagonal matrix with positive values for the Jacobian of the stationary equations
└             and negative values for the Jacobian of the constraints.
┌ DiffOpt.NonLinearProgram | Info ] : Inertia correction needed. 
│             Attempting correction by adding diagonal matrix with positive values for the Jacobian of the stationary equations
└             and negative values for the Jacobian of the constraints.
┌ DiffOpt.NonLinearProgram | Info ] : Inertia correction needed. 
│             Attempting correction by adding diagonal matrix with positive values for the Jacobian of the stationary equations
└             and negative values for the Jacobian of the constraints.
┌ DiffOpt.NonLinearProgram | Info ] : Inertia correction needed. 
│             Attempting correction by adding diagonal matrix with positive values for the Jacobian of the stationary equations
└             and negative values for the Jacobian of the constraints.
┌ DiffOpt.NonLinearProgram | Info ] : Inertia correction needed. 
│             Attempting correction by adding diagonal matrix with positive values for the Jacobian of the stationary equations
└             and negative values for the Jacobian of the constraints.
[ Main | Info ] : [Gini formal CC] Jacobian is block-diagonal (max off-block-diag = 0.0)
[ Main | Info ] : [Gini formal CC] T=4, N=9, m=36 (indicator-constraint form, σ unbounded above)
[ Main | Info ] : [Gini formal CC] Solver status: OPTIMAL (solve_time=14.13s)
[ Main | Info ] : [gini/absolute] iter 6 upper-level status = OPTIMAL
[ Main | Info ] : [gini/absolute] iter 6 timings: int=0.0s lower=8.3s (primal=2.0s jac=6.3s) upper=14.1s total=22.5s
[ FairLoadDelivery | Info ] : Iteration 7: Solving multiperiod lower-level MLD with 36 per-period weights
┌ DiffOpt.NonLinearProgram | Info ] : Inertia correction needed. 
│             Attempting correction by adding diagonal matrix with positive values for the Jacobian of the stationary equations
└             and negative values for the Jacobian of the constraints.
Set parameter Username
Set parameter LicenseID to value 2813843
Academic license - for non-commercial use only - expires 2027-04-27
Set parameter Username
Set parameter LicenseID to value 2813843
Academic license - for non-commercial use only - expires 2027-04-27
Set parameter Username
Set parameter LicenseID to value 2813843
Academic license - for non-commercial use only - expires 2027-04-27
┌ DiffOpt.NonLinearProgram | Info ] : Inertia correction needed. 
│             Attempting correction by adding diagonal matrix with positive values for the Jacobian of the stationary equations
└             and negative values for the Jacobian of the constraints.
┌ DiffOpt.NonLinearProgram | Info ] : Inertia correction needed. 
│             Attempting correction by adding diagonal matrix with positive values for the Jacobian of the stationary equations
└             and negative values for the Jacobian of the constraints.
┌ DiffOpt.NonLinearProgram | Info ] : Inertia correction needed. 
│             Attempting correction by adding diagonal matrix with positive values for the Jacobian of the stationary equations
└             and negative values for the Jacobian of the constraints.
┌ DiffOpt.NonLinearProgram | Info ] : Inertia correction needed. 
│             Attempting correction by adding diagonal matrix with positive values for the Jacobian of the stationary equations
└             and negative values for the Jacobian of the constraints.
┌ DiffOpt.NonLinearProgram | Info ] : Inertia correction needed. 
│             Attempting correction by adding diagonal matrix with positive values for the Jacobian of the stationary equations
└             and negative values for the Jacobian of the constraints.
┌ DiffOpt.NonLinearProgram | Info ] : Inertia correction needed. 
│             Attempting correction by adding diagonal matrix with positive values for the Jacobian of the stationary equations
└             and negative values for the Jacobian of the constraints.
┌ DiffOpt.NonLinearProgram | Info ] : Inertia correction needed. 
│             Attempting correction by adding diagonal matrix with positive values for the Jacobian of the stationary equations
└             and negative values for the Jacobian of the constraints.
┌ DiffOpt.NonLinearProgram | Info ] : Inertia correction needed. 
│             Attempting correction by adding diagonal matrix with positive values for the Jacobian of the stationary equations
└             and negative values for the Jacobian of the constraints.
┌ DiffOpt.NonLinearProgram | Info ] : Inertia correction needed. 
│             Attempting correction by adding diagonal matrix with positive values for the Jacobian of the stationary equations
└             and negative values for the Jacobian of the constraints.
┌ DiffOpt.NonLinearProgram | Info ] : Inertia correction needed. 
│             Attempting correction by adding diagonal matrix with positive values for the Jacobian of the stationary equations
└             and negative values for the Jacobian of the constraints.
┌ DiffOpt.NonLinearProgram | Info ] : Inertia correction needed. 
│             Attempting correction by adding diagonal matrix with positive values for the Jacobian of the stationary equations
└             and negative values for the Jacobian of the constraints.
┌ DiffOpt.NonLinearProgram | Info ] : Inertia correction needed. 
│             Attempting correction by adding diagonal matrix with positive values for the Jacobian of the stationary equations
└             and negative values for the Jacobian of the constraints.
┌ DiffOpt.NonLinearProgram | Info ] : Inertia correction needed. 
│             Attempting correction by adding diagonal matrix with positive values for the Jacobian of the stationary equations
└             and negative values for the Jacobian of the constraints.
┌ DiffOpt.NonLinearProgram | Info ] : Inertia correction needed. 
│             Attempting correction by adding diagonal matrix with positive values for the Jacobian of the stationary equations
└             and negative values for the Jacobian of the constraints.
┌ DiffOpt.NonLinearProgram | Info ] : Inertia correction needed. 
│             Attempting correction by adding diagonal matrix with positive values for the Jacobian of the stationary equations
└             and negative values for the Jacobian of the constraints.
┌ DiffOpt.NonLinearProgram | Info ] : Inertia correction needed. 
│             Attempting correction by adding diagonal matrix with positive values for the Jacobian of the stationary equations
└             and negative values for the Jacobian of the constraints.
┌ DiffOpt.NonLinearProgram | Info ] : Inertia correction needed. 
│             Attempting correction by adding diagonal matrix with positive values for the Jacobian of the stationary equations
└             and negative values for the Jacobian of the constraints.
┌ DiffOpt.NonLinearProgram | Info ] : Inertia correction needed. 
│             Attempting correction by adding diagonal matrix with positive values for the Jacobian of the stationary equations
└             and negative values for the Jacobian of the constraints.
┌ DiffOpt.NonLinearProgram | Info ] : Inertia correction needed. 
│             Attempting correction by adding diagonal matrix with positive values for the Jacobian of the stationary equations
└             and negative values for the Jacobian of the constraints.
┌ DiffOpt.NonLinearProgram | Info ] : Inertia correction needed. 
│             Attempting correction by adding diagonal matrix with positive values for the Jacobian of the stationary equations
└             and negative values for the Jacobian of the constraints.
┌ DiffOpt.NonLinearProgram | Info ] : Inertia correction needed. 
│             Attempting correction by adding diagonal matrix with positive values for the Jacobian of the stationary equations
└             and negative values for the Jacobian of the constraints.
┌ DiffOpt.NonLinearProgram | Info ] : Inertia correction needed. 
│             Attempting correction by adding diagonal matrix with positive values for the Jacobian of the stationary equations
└             and negative values for the Jacobian of the constraints.
┌ DiffOpt.NonLinearProgram | Info ] : Inertia correction needed. 
│             Attempting correction by adding diagonal matrix with positive values for the Jacobian of the stationary equations
└             and negative values for the Jacobian of the constraints.
┌ DiffOpt.NonLinearProgram | Info ] : Inertia correction needed. 
│             Attempting correction by adding diagonal matrix with positive values for the Jacobian of the stationary equations
└             and negative values for the Jacobian of the constraints.
┌ DiffOpt.NonLinearProgram | Info ] : Inertia correction needed. 
│             Attempting correction by adding diagonal matrix with positive values for the Jacobian of the stationary equations
└             and negative values for the Jacobian of the constraints.
┌ DiffOpt.NonLinearProgram | Info ] : Inertia correction needed. 
│             Attempting correction by adding diagonal matrix with positive values for the Jacobian of the stationary equations
└             and negative values for the Jacobian of the constraints.
┌ DiffOpt.NonLinearProgram | Info ] : Inertia correction needed. 
│             Attempting correction by adding diagonal matrix with positive values for the Jacobian of the stationary equations
└             and negative values for the Jacobian of the constraints.
┌ DiffOpt.NonLinearProgram | Info ] : Inertia correction needed. 
│             Attempting correction by adding diagonal matrix with positive values for the Jacobian of the stationary equations
└             and negative values for the Jacobian of the constraints.
┌ DiffOpt.NonLinearProgram | Info ] : Inertia correction needed. 
│             Attempting correction by adding diagonal matrix with positive values for the Jacobian of the stationary equations
└             and negative values for the Jacobian of the constraints.
┌ DiffOpt.NonLinearProgram | Info ] : Inertia correction needed. 
│             Attempting correction by adding diagonal matrix with positive values for the Jacobian of the stationary equations
└             and negative values for the Jacobian of the constraints.
┌ DiffOpt.NonLinearProgram | Info ] : Inertia correction needed. 
│             Attempting correction by adding diagonal matrix with positive values for the Jacobian of the stationary equations
└             and negative values for the Jacobian of the constraints.
┌ DiffOpt.NonLinearProgram | Info ] : Inertia correction needed. 
│             Attempting correction by adding diagonal matrix with positive values for the Jacobian of the stationary equations
└             and negative values for the Jacobian of the constraints.
┌ DiffOpt.NonLinearProgram | Info ] : Inertia correction needed. 
│             Attempting correction by adding diagonal matrix with positive values for the Jacobian of the stationary equations
└             and negative values for the Jacobian of the constraints.
┌ DiffOpt.NonLinearProgram | Info ] : Inertia correction needed. 
│             Attempting correction by adding diagonal matrix with positive values for the Jacobian of the stationary equations
└             and negative values for the Jacobian of the constraints.
┌ DiffOpt.NonLinearProgram | Info ] : Inertia correction needed. 
│             Attempting correction by adding diagonal matrix with positive values for the Jacobian of the stationary equations
└             and negative values for the Jacobian of the constraints.
[ Main | Info ] : [Gini formal CC] Jacobian is block-diagonal (max off-block-diag = 0.0)
[ Main | Info ] : [Gini formal CC] T=4, N=9, m=36 (indicator-constraint form, σ unbounded above)
[ Main | Info ] : [Gini formal CC] Solver status: OPTIMAL (solve_time=17.34s)
[ Main | Info ] : [gini/absolute] iter 7 upper-level status = OPTIMAL
[ Main | Info ] : [gini/absolute] iter 7 timings: int=0.0s lower=8.3s (primal=2.0s jac=6.2s) upper=17.3s total=25.6s
[ FairLoadDelivery | Info ] : Iteration 8: Solving multiperiod lower-level MLD with 36 per-period weights
┌ DiffOpt.NonLinearProgram | Info ] : Inertia correction needed. 
│             Attempting correction by adding diagonal matrix with positive values for the Jacobian of the stationary equations
└             and negative values for the Jacobian of the constraints.
┌ DiffOpt.NonLinearProgram | Info ] : Inertia correction needed. 
│             Attempting correction by adding diagonal matrix with positive values for the Jacobian of the stationary equations
└             and negative values for the Jacobian of the constraints.
┌ DiffOpt.NonLinearProgram | Info ] : Inertia correction needed. 
│             Attempting correction by adding diagonal matrix with positive values for the Jacobian of the stationary equations
└             and negative values for the Jacobian of the constraints.
┌ DiffOpt.NonLinearProgram | Info ] : Inertia correction needed. 
│             Attempting correction by adding diagonal matrix with positive values for the Jacobian of the stationary equations
└             and negative values for the Jacobian of the constraints.
┌ DiffOpt.NonLinearProgram | Info ] : Inertia correction needed. 
│             Attempting correction by adding diagonal matrix with positive values for the Jacobian of the stationary equations
└             and negative values for the Jacobian of the constraints.
┌ DiffOpt.NonLinearProgram | Info ] : Inertia correction needed. 
│             Attempting correction by adding diagonal matrix with positive values for the Jacobian of the stationary equations
└             and negative values for the Jacobian of the constraints.
┌ DiffOpt.NonLinearProgram | Info ] : Inertia correction needed. 
│             Attempting correction by adding diagonal matrix with positive values for the Jacobian of the stationary equations
└             and negative values for the Jacobian of the constraints.
┌ DiffOpt.NonLinearProgram | Info ] : Inertia correction needed. 
│             Attempting correction by adding diagonal matrix with positive values for the Jacobian of the stationary equations
└             and negative values for the Jacobian of the constraints.
┌ DiffOpt.NonLinearProgram | Info ] : Inertia correction needed. 
│             Attempting correction by adding diagonal matrix with positive values for the Jacobian of the stationary equations
└             and negative values for the Jacobian of the constraints.
┌ DiffOpt.NonLinearProgram | Info ] : Inertia correction needed. 
│             Attempting correction by adding diagonal matrix with positive values for the Jacobian of the stationary equations
└             and negative values for the Jacobian of the constraints.
┌ DiffOpt.NonLinearProgram | Info ] : Inertia correction needed. 
│             Attempting correction by adding diagonal matrix with positive values for the Jacobian of the stationary equations
└             and negative values for the Jacobian of the constraints.
┌ DiffOpt.NonLinearProgram | Info ] : Inertia correction needed. 
│             Attempting correction by adding diagonal matrix with positive values for the Jacobian of the stationary equations
└             and negative values for the Jacobian of the constraints.
┌ DiffOpt.NonLinearProgram | Info ] : Inertia correction needed. 
│             Attempting correction by adding diagonal matrix with positive values for the Jacobian of the stationary equations
└             and negative values for the Jacobian of the constraints.
┌ DiffOpt.NonLinearProgram | Info ] : Inertia correction needed. 
│             Attempting correction by adding diagonal matrix with positive values for the Jacobian of the stationary equations
└             and negative values for the Jacobian of the constraints.
┌ DiffOpt.NonLinearProgram | Info ] : Inertia correction needed. 
│             Attempting correction by adding diagonal matrix with positive values for the Jacobian of the stationary equations
└             and negative values for the Jacobian of the constraints.
┌ DiffOpt.NonLinearProgram | Info ] : Inertia correction needed. 
│             Attempting correction by adding diagonal matrix with positive values for the Jacobian of the stationary equations
└             and negative values for the Jacobian of the constraints.
┌ DiffOpt.NonLinearProgram | Info ] : Inertia correction needed. 
│             Attempting correction by adding diagonal matrix with positive values for the Jacobian of the stationary equations
└             and negative values for the Jacobian of the constraints.
┌ DiffOpt.NonLinearProgram | Info ] : Inertia correction needed. 
│             Attempting correction by adding diagonal matrix with positive values for the Jacobian of the stationary equations
└             and negative values for the Jacobian of the constraints.
┌ DiffOpt.NonLinearProgram | Info ] : Inertia correction needed. 
│             Attempting correction by adding diagonal matrix with positive values for the Jacobian of the stationary equations
└             and negative values for the Jacobian of the constraints.
┌ DiffOpt.NonLinearProgram | Info ] : Inertia correction needed. 
│             Attempting correction by adding diagonal matrix with positive values for the Jacobian of the stationary equations
└             and negative values for the Jacobian of the constraints.
┌ DiffOpt.NonLinearProgram | Info ] : Inertia correction needed. 
│             Attempting correction by adding diagonal matrix with positive values for the Jacobian of the stationary equations
└             and negative values for the Jacobian of the constraints.
┌ DiffOpt.NonLinearProgram | Info ] : Inertia correction needed. 
│             Attempting correction by adding diagonal matrix with positive values for the Jacobian of the stationary equations
└             and negative values for the Jacobian of the constraints.
┌ DiffOpt.NonLinearProgram | Info ] : Inertia correction needed. 
│             Attempting correction by adding diagonal matrix with positive values for the Jacobian of the stationary equations
└             and negative values for the Jacobian of the constraints.
┌ DiffOpt.NonLinearProgram | Info ] : Inertia correction needed. 
│             Attempting correction by adding diagonal matrix with positive values for the Jacobian of the stationary equations
└             and negative values for the Jacobian of the constraints.
┌ DiffOpt.NonLinearProgram | Info ] : Inertia correction needed. 
│             Attempting correction by adding diagonal matrix with positive values for the Jacobian of the stationary equations
└             and negative values for the Jacobian of the constraints.
┌ DiffOpt.NonLinearProgram | Info ] : Inertia correction needed. 
│             Attempting correction by adding diagonal matrix with positive values for the Jacobian of the stationary equations
└             and negative values for the Jacobian of the constraints.
┌ DiffOpt.NonLinearProgram | Info ] : Inertia correction needed. 
│             Attempting correction by adding diagonal matrix with positive values for the Jacobian of the stationary equations
└             and negative values for the Jacobian of the constraints.
┌ DiffOpt.NonLinearProgram | Info ] : Inertia correction needed. 
│             Attempting correction by adding diagonal matrix with positive values for the Jacobian of the stationary equations
└             and negative values for the Jacobian of the constraints.
┌ DiffOpt.NonLinearProgram | Info ] : Inertia correction needed. 
│             Attempting correction by adding diagonal matrix with positive values for the Jacobian of the stationary equations
└             and negative values for the Jacobian of the constraints.
┌ DiffOpt.NonLinearProgram | Info ] : Inertia correction needed. 
│             Attempting correction by adding diagonal matrix with positive values for the Jacobian of the stationary equations
└             and negative values for the Jacobian of the constraints.
┌ DiffOpt.NonLinearProgram | Info ] : Inertia correction needed. 
│             Attempting correction by adding diagonal matrix with positive values for the Jacobian of the stationary equations
└             and negative values for the Jacobian of the constraints.
┌ DiffOpt.NonLinearProgram | Info ] : Inertia correction needed. 
│             Attempting correction by adding diagonal matrix with positive values for the Jacobian of the stationary equations
└             and negative values for the Jacobian of the constraints.
┌ DiffOpt.NonLinearProgram | Info ] : Inertia correction needed. 
│             Attempting correction by adding diagonal matrix with positive values for the Jacobian of the stationary equations
└             and negative values for the Jacobian of the constraints.
┌ DiffOpt.NonLinearProgram | Info ] : Inertia correction needed. 
│             Attempting correction by adding diagonal matrix with positive values for the Jacobian of the stationary equations
└             and negative values for the Jacobian of the constraints.
┌ DiffOpt.NonLinearProgram | Info ] : Inertia correction needed. 
│             Attempting correction by adding diagonal matrix with positive values for the Jacobian of the stationary equations
└             and negative values for the Jacobian of the constraints.
┌ DiffOpt.NonLinearProgram | Info ] : Inertia correction needed. 
│             Attempting correction by adding diagonal matrix with positive values for the Jacobian of the stationary equations
└             and negative values for the Jacobian of the constraints.
[ Main | Info ] : [Gini formal CC] Jacobian is block-diagonal (max off-block-diag = 0.0)
[ Main | Info ] : [Gini formal CC] T=4, N=9, m=36 (indicator-constraint form, σ unbounded above)
[ Main | Info ] : [Gini formal CC] Solver status: OPTIMAL (solve_time=13.93s)
[ Main | Info ] : [gini/absolute] iter 8 upper-level status = OPTIMAL
[ Main | Info ] : [gini/absolute] iter 8 timings: int=0.0s lower=9.7s (primal=2.3s jac=7.3s) upper=13.9s total=23.6s
[ FairLoadDelivery | Info ] : Iteration 9: Solving multiperiod lower-level MLD with 36 per-period weights
┌ DiffOpt.NonLinearProgram | Info ] : Inertia correction needed. 
│             Attempting correction by adding diagonal matrix with positive values for the Jacobian of the stationary equations
└             and negative values for the Jacobian of the constraints.
┌ DiffOpt.NonLinearProgram | Info ] : Inertia correction needed. 
│             Attempting correction by adding diagonal matrix with positive values for the Jacobian of the stationary equations
└             and negative values for the Jacobian of the constraints.
┌ DiffOpt.NonLinearProgram | Info ] : Inertia correction needed. 
│             Attempting correction by adding diagonal matrix with positive values for the Jacobian of the stationary equations
└             and negative values for the Jacobian of the constraints.
┌ DiffOpt.NonLinearProgram | Info ] : Inertia correction needed. 
│             Attempting correction by adding diagonal matrix with positive values for the Jacobian of the stationary equations
└             and negative values for the Jacobian of the constraints.
┌ DiffOpt.NonLinearProgram | Info ] : Inertia correction needed. 
│             Attempting correction by adding diagonal matrix with positive values for the Jacobian of the stationary equations
└             and negative values for the Jacobian of the constraints.
┌ DiffOpt.NonLinearProgram | Info ] : Inertia correction needed. 
│             Attempting correction by adding diagonal matrix with positive values for the Jacobian of the stationary equations
└             and negative values for the Jacobian of the constraints.
┌ DiffOpt.NonLinearProgram | Info ] : Inertia correction needed. 
│             Attempting correction by adding diagonal matrix with positive values for the Jacobian of the stationary equations
└             and negative values for the Jacobian of the constraints.
┌ DiffOpt.NonLinearProgram | Info ] : Inertia correction needed. 
│             Attempting correction by adding diagonal matrix with positive values for the Jacobian of the stationary equations
└             and negative values for the Jacobian of the constraints.
┌ DiffOpt.NonLinearProgram | Info ] : Inertia correction needed. 
│             Attempting correction by adding diagonal matrix with positive values for the Jacobian of the stationary equations
└             and negative values for the Jacobian of the constraints.
┌ DiffOpt.NonLinearProgram | Info ] : Inertia correction needed. 
│             Attempting correction by adding diagonal matrix with positive values for the Jacobian of the stationary equations
└             and negative values for the Jacobian of the constraints.
┌ DiffOpt.NonLinearProgram | Info ] : Inertia correction needed. 
│             Attempting correction by adding diagonal matrix with positive values for the Jacobian of the stationary equations
└             and negative values for the Jacobian of the constraints.
┌ DiffOpt.NonLinearProgram | Info ] : Inertia correction needed. 
│             Attempting correction by adding diagonal matrix with positive values for the Jacobian of the stationary equations
└             and negative values for the Jacobian of the constraints.
┌ DiffOpt.NonLinearProgram | Info ] : Inertia correction needed. 
│             Attempting correction by adding diagonal matrix with positive values for the Jacobian of the stationary equations
└             and negative values for the Jacobian of the constraints.
┌ DiffOpt.NonLinearProgram | Info ] : Inertia correction needed. 
│             Attempting correction by adding diagonal matrix with positive values for the Jacobian of the stationary equations
└             and negative values for the Jacobian of the constraints.
┌ DiffOpt.NonLinearProgram | Info ] : Inertia correction needed. 
│             Attempting correction by adding diagonal matrix with positive values for the Jacobian of the stationary equations
└             and negative values for the Jacobian of the constraints.
┌ DiffOpt.NonLinearProgram | Info ] : Inertia correction needed. 
│             Attempting correction by adding diagonal matrix with positive values for the Jacobian of the stationary equations
└             and negative values for the Jacobian of the constraints.
┌ DiffOpt.NonLinearProgram | Info ] : Inertia correction needed. 
│             Attempting correction by adding diagonal matrix with positive values for the Jacobian of the stationary equations
└             and negative values for the Jacobian of the constraints.
┌ DiffOpt.NonLinearProgram | Info ] : Inertia correction needed. 
│             Attempting correction by adding diagonal matrix with positive values for the Jacobian of the stationary equations
└             and negative values for the Jacobian of the constraints.
┌ DiffOpt.NonLinearProgram | Info ] : Inertia correction needed. 
│             Attempting correction by adding diagonal matrix with positive values for the Jacobian of the stationary equations
└             and negative values for the Jacobian of the constraints.
┌ DiffOpt.NonLinearProgram | Info ] : Inertia correction needed. 
│             Attempting correction by adding diagonal matrix with positive values for the Jacobian of the stationary equations
└             and negative values for the Jacobian of the constraints.
┌ DiffOpt.NonLinearProgram | Info ] : Inertia correction needed. 
│             Attempting correction by adding diagonal matrix with positive values for the Jacobian of the stationary equations
└             and negative values for the Jacobian of the constraints.
┌ DiffOpt.NonLinearProgram | Info ] : Inertia correction needed. 
│             Attempting correction by adding diagonal matrix with positive values for the Jacobian of the stationary equations
└             and negative values for the Jacobian of the constraints.
┌ DiffOpt.NonLinearProgram | Info ] : Inertia correction needed. 
│             Attempting correction by adding diagonal matrix with positive values for the Jacobian of the stationary equations
└             and negative values for the Jacobian of the constraints.
┌ DiffOpt.NonLinearProgram | Info ] : Inertia correction needed. 
│             Attempting correction by adding diagonal matrix with positive values for the Jacobian of the stationary equations
└             and negative values for the Jacobian of the constraints.
┌ DiffOpt.NonLinearProgram | Info ] : Inertia correction needed. 
│             Attempting correction by adding diagonal matrix with positive values for the Jacobian of the stationary equations
└             and negative values for the Jacobian of the constraints.
┌ DiffOpt.NonLinearProgram | Info ] : Inertia correction needed. 
│             Attempting correction by adding diagonal matrix with positive values for the Jacobian of the stationary equations
└             and negative values for the Jacobian of the constraints.
┌ DiffOpt.NonLinearProgram | Info ] : Inertia correction needed. 
│             Attempting correction by adding diagonal matrix with positive values for the Jacobian of the stationary equations
└             and negative values for the Jacobian of the constraints.
┌ DiffOpt.NonLinearProgram | Info ] : Inertia correction needed. 
│             Attempting correction by adding diagonal matrix with positive values for the Jacobian of the stationary equations
└             and negative values for the Jacobian of the constraints.
┌ DiffOpt.NonLinearProgram | Info ] : Inertia correction needed. 
│             Attempting correction by adding diagonal matrix with positive values for the Jacobian of the stationary equations
└             and negative values for the Jacobian of the constraints.
┌ DiffOpt.NonLinearProgram | Info ] : Inertia correction needed. 
│             Attempting correction by adding diagonal matrix with positive values for the Jacobian of the stationary equations
└             and negative values for the Jacobian of the constraints.
┌ DiffOpt.NonLinearProgram | Info ] : Inertia correction needed. 
│             Attempting correction by adding diagonal matrix with positive values for the Jacobian of the stationary equations
└             and negative values for the Jacobian of the constraints.
┌ DiffOpt.NonLinearProgram | Info ] : Inertia correction needed. 
│             Attempting correction by adding diagonal matrix with positive values for the Jacobian of the stationary equations
└             and negative values for the Jacobian of the constraints.
┌ DiffOpt.NonLinearProgram | Info ] : Inertia correction needed. 
│             Attempting correction by adding diagonal matrix with positive values for the Jacobian of the stationary equations
└             and negative values for the Jacobian of the constraints.
┌ DiffOpt.NonLinearProgram | Info ] : Inertia correction needed. 
│             Attempting correction by adding diagonal matrix with positive values for the Jacobian of the stationary equations
└             and negative values for the Jacobian of the constraints.
┌ DiffOpt.NonLinearProgram | Info ] : Inertia correction needed. 
│             Attempting correction by adding diagonal matrix with positive values for the Jacobian of the stationary equations
└             and negative values for the Jacobian of the constraints.
┌ DiffOpt.NonLinearProgram | Info ] : Inertia correction needed. 
│             Attempting correction by adding diagonal matrix with positive values for the Jacobian of the stationary equations
└             and negative values for the Jacobian of the constraints.
[ Main | Info ] : [Gini formal CC] Jacobian is block-diagonal (max off-block-diag = 0.0)
[ Main | Info ] : [Gini formal CC] T=4, N=9, m=36 (indicator-constraint form, σ unbounded above)
[ Main | Info ] : [Gini formal CC] Solver status: OPTIMAL (solve_time=15.69s)
[ Main | Info ] : [gini/absolute] iter 9 upper-level status = OPTIMAL
[ Main | Info ] : [gini/absolute] iter 9 timings: int=0.0s lower=8.9s (primal=2.4s jac=6.4s) upper=15.7s total=24.6s
[ FairLoadDelivery | Info ] : Iteration 10: Solving multiperiod lower-level MLD with 36 per-period weights
┌ DiffOpt.NonLinearProgram | Info ] : Inertia correction needed. 
│             Attempting correction by adding diagonal matrix with positive values for the Jacobian of the stationary equations
└             and negative values for the Jacobian of the constraints.
┌ DiffOpt.NonLinearProgram | Info ] : Inertia correction needed. 
│             Attempting correction by adding diagonal matrix with positive values for the Jacobian of the stationary equations
└             and negative values for the Jacobian of the constraints.
┌ DiffOpt.NonLinearProgram | Info ] : Inertia correction needed. 
│             Attempting correction by adding diagonal matrix with positive values for the Jacobian of the stationary equations
└             and negative values for the Jacobian of the constraints.
┌ DiffOpt.NonLinearProgram | Info ] : Inertia correction needed. 
│             Attempting correction by adding diagonal matrix with positive values for the Jacobian of the stationary equations
└             and negative values for the Jacobian of the constraints.
┌ DiffOpt.NonLinearProgram | Info ] : Inertia correction needed. 
│             Attempting correction by adding diagonal matrix with positive values for the Jacobian of the stationary equations
└             and negative values for the Jacobian of the constraints.
┌ DiffOpt.NonLinearProgram | Info ] : Inertia correction needed. 
│             Attempting correction by adding diagonal matrix with positive values for the Jacobian of the stationary equations
└             and negative values for the Jacobian of the constraints.
┌ DiffOpt.NonLinearProgram | Info ] : Inertia correction needed. 
│             Attempting correction by adding diagonal matrix with positive values for the Jacobian of the stationary equations
└             and negative values for the Jacobian of the constraints.
Set parameter Username
Set parameter LicenseID to value 2813843
Academic license - for non-commercial use only - expires 2027-04-27
Set parameter Username
Set parameter LicenseID to value 2813843
Academic license - for non-commercial use only - expires 2027-04-27
Set parameter Username
Set parameter LicenseID to value 2813843
Academic license - for non-commercial use only - expires 2027-04-27
┌ DiffOpt.NonLinearProgram | Info ] : Inertia correction needed. 
│             Attempting correction by adding diagonal matrix with positive values for the Jacobian of the stationary equations
└             and negative values for the Jacobian of the constraints.
┌ DiffOpt.NonLinearProgram | Info ] : Inertia correction needed. 
│             Attempting correction by adding diagonal matrix with positive values for the Jacobian of the stationary equations
└             and negative values for the Jacobian of the constraints.
┌ DiffOpt.NonLinearProgram | Info ] : Inertia correction needed. 
│             Attempting correction by adding diagonal matrix with positive values for the Jacobian of the stationary equations
└             and negative values for the Jacobian of the constraints.
┌ DiffOpt.NonLinearProgram | Info ] : Inertia correction needed. 
│             Attempting correction by adding diagonal matrix with positive values for the Jacobian of the stationary equations
└             and negative values for the Jacobian of the constraints.
┌ DiffOpt.NonLinearProgram | Info ] : Inertia correction needed. 
│             Attempting correction by adding diagonal matrix with positive values for the Jacobian of the stationary equations
└             and negative values for the Jacobian of the constraints.
┌ DiffOpt.NonLinearProgram | Info ] : Inertia correction needed. 
│             Attempting correction by adding diagonal matrix with positive values for the Jacobian of the stationary equations
└             and negative values for the Jacobian of the constraints.
┌ DiffOpt.NonLinearProgram | Info ] : Inertia correction needed. 
│             Attempting correction by adding diagonal matrix with positive values for the Jacobian of the stationary equations
└             and negative values for the Jacobian of the constraints.
┌ DiffOpt.NonLinearProgram | Info ] : Inertia correction needed. 
│             Attempting correction by adding diagonal matrix with positive values for the Jacobian of the stationary equations
└             and negative values for the Jacobian of the constraints.
┌ DiffOpt.NonLinearProgram | Info ] : Inertia correction needed. 
│             Attempting correction by adding diagonal matrix with positive values for the Jacobian of the stationary equations
└             and negative values for the Jacobian of the constraints.
┌ DiffOpt.NonLinearProgram | Info ] : Inertia correction needed. 
│             Attempting correction by adding diagonal matrix with positive values for the Jacobian of the stationary equations
└             and negative values for the Jacobian of the constraints.
┌ DiffOpt.NonLinearProgram | Info ] : Inertia correction needed. 
│             Attempting correction by adding diagonal matrix with positive values for the Jacobian of the stationary equations
└             and negative values for the Jacobian of the constraints.
┌ DiffOpt.NonLinearProgram | Info ] : Inertia correction needed. 
│             Attempting correction by adding diagonal matrix with positive values for the Jacobian of the stationary equations
└             and negative values for the Jacobian of the constraints.
┌ DiffOpt.NonLinearProgram | Info ] : Inertia correction needed. 
│             Attempting correction by adding diagonal matrix with positive values for the Jacobian of the stationary equations
└             and negative values for the Jacobian of the constraints.
┌ DiffOpt.NonLinearProgram | Info ] : Inertia correction needed. 
│             Attempting correction by adding diagonal matrix with positive values for the Jacobian of the stationary equations
└             and negative values for the Jacobian of the constraints.
┌ DiffOpt.NonLinearProgram | Info ] : Inertia correction needed. 
│             Attempting correction by adding diagonal matrix with positive values for the Jacobian of the stationary equations
└             and negative values for the Jacobian of the constraints.
┌ DiffOpt.NonLinearProgram | Info ] : Inertia correction needed. 
│             Attempting correction by adding diagonal matrix with positive values for the Jacobian of the stationary equations
└             and negative values for the Jacobian of the constraints.
┌ DiffOpt.NonLinearProgram | Info ] : Inertia correction needed. 
│             Attempting correction by adding diagonal matrix with positive values for the Jacobian of the stationary equations
└             and negative values for the Jacobian of the constraints.
┌ DiffOpt.NonLinearProgram | Info ] : Inertia correction needed. 
│             Attempting correction by adding diagonal matrix with positive values for the Jacobian of the stationary equations
└             and negative values for the Jacobian of the constraints.
┌ DiffOpt.NonLinearProgram | Info ] : Inertia correction needed. 
│             Attempting correction by adding diagonal matrix with positive values for the Jacobian of the stationary equations
└             and negative values for the Jacobian of the constraints.
┌ DiffOpt.NonLinearProgram | Info ] : Inertia correction needed. 
│             Attempting correction by adding diagonal matrix with positive values for the Jacobian of the stationary equations
└             and negative values for the Jacobian of the constraints.
┌ DiffOpt.NonLinearProgram | Info ] : Inertia correction needed. 
│             Attempting correction by adding diagonal matrix with positive values for the Jacobian of the stationary equations
└             and negative values for the Jacobian of the constraints.
┌ DiffOpt.NonLinearProgram | Info ] : Inertia correction needed. 
│             Attempting correction by adding diagonal matrix with positive values for the Jacobian of the stationary equations
└             and negative values for the Jacobian of the constraints.
┌ DiffOpt.NonLinearProgram | Info ] : Inertia correction needed. 
│             Attempting correction by adding diagonal matrix with positive values for the Jacobian of the stationary equations
└             and negative values for the Jacobian of the constraints.
┌ DiffOpt.NonLinearProgram | Info ] : Inertia correction needed. 
│             Attempting correction by adding diagonal matrix with positive values for the Jacobian of the stationary equations
└             and negative values for the Jacobian of the constraints.
┌ DiffOpt.NonLinearProgram | Info ] : Inertia correction needed. 
│             Attempting correction by adding diagonal matrix with positive values for the Jacobian of the stationary equations
└             and negative values for the Jacobian of the constraints.
┌ DiffOpt.NonLinearProgram | Info ] : Inertia correction needed. 
│             Attempting correction by adding diagonal matrix with positive values for the Jacobian of the stationary equations
└             and negative values for the Jacobian of the constraints.
┌ DiffOpt.NonLinearProgram | Info ] : Inertia correction needed. 
│             Attempting correction by adding diagonal matrix with positive values for the Jacobian of the stationary equations
└             and negative values for the Jacobian of the constraints.
┌ DiffOpt.NonLinearProgram | Info ] : Inertia correction needed. 
│             Attempting correction by adding diagonal matrix with positive values for the Jacobian of the stationary equations
└             and negative values for the Jacobian of the constraints.
┌ DiffOpt.NonLinearProgram | Info ] : Inertia correction needed. 
│             Attempting correction by adding diagonal matrix with positive values for the Jacobian of the stationary equations
└             and negative values for the Jacobian of the constraints.
[ Main | Info ] : [Gini formal CC] Jacobian is block-diagonal (max off-block-diag = 0.0)
[ Main | Info ] : [Gini formal CC] T=4, N=9, m=36 (indicator-constraint form, σ unbounded above)
[ Main | Info ] : [Gini formal CC] Solver status: OPTIMAL (solve_time=15.42s)
[ Main | Info ] : [gini/absolute] iter 10 upper-level status = OPTIMAL
[ Main | Info ] : [gini/absolute] iter 10 timings: int=0.0s lower=9.1s (primal=2.4s jac=6.6s) upper=15.4s total=24.5s
[ FairLoadDelivery | Info ] : Iteration 11: Solving multiperiod lower-level MLD with 36 per-period weights
┌ DiffOpt.NonLinearProgram | Info ] : Inertia correction needed. 
│             Attempting correction by adding diagonal matrix with positive values for the Jacobian of the stationary equations
└             and negative values for the Jacobian of the constraints.
┌ DiffOpt.NonLinearProgram | Info ] : Inertia correction needed. 
│             Attempting correction by adding diagonal matrix with positive values for the Jacobian of the stationary equations
└             and negative values for the Jacobian of the constraints.
┌ DiffOpt.NonLinearProgram | Info ] : Inertia correction needed. 
│             Attempting correction by adding diagonal matrix with positive values for the Jacobian of the stationary equations
└             and negative values for the Jacobian of the constraints.
┌ DiffOpt.NonLinearProgram | Info ] : Inertia correction needed. 
│             Attempting correction by adding diagonal matrix with positive values for the Jacobian of the stationary equations
└             and negative values for the Jacobian of the constraints.
┌ DiffOpt.NonLinearProgram | Info ] : Inertia correction needed. 
│             Attempting correction by adding diagonal matrix with positive values for the Jacobian of the stationary equations
└             and negative values for the Jacobian of the constraints.
┌ DiffOpt.NonLinearProgram | Info ] : Inertia correction needed. 
│             Attempting correction by adding diagonal matrix with positive values for the Jacobian of the stationary equations
└             and negative values for the Jacobian of the constraints.
┌ DiffOpt.NonLinearProgram | Info ] : Inertia correction needed. 
│             Attempting correction by adding diagonal matrix with positive values for the Jacobian of the stationary equations
└             and negative values for the Jacobian of the constraints.
┌ DiffOpt.NonLinearProgram | Info ] : Inertia correction needed. 
│             Attempting correction by adding diagonal matrix with positive values for the Jacobian of the stationary equations
└             and negative values for the Jacobian of the constraints.
┌ DiffOpt.NonLinearProgram | Info ] : Inertia correction needed. 
│             Attempting correction by adding diagonal matrix with positive values for the Jacobian of the stationary equations
└             and negative values for the Jacobian of the constraints.
┌ DiffOpt.NonLinearProgram | Info ] : Inertia correction needed. 
│             Attempting correction by adding diagonal matrix with positive values for the Jacobian of the stationary equations
└             and negative values for the Jacobian of the constraints.
┌ DiffOpt.NonLinearProgram | Info ] : Inertia correction needed. 
│             Attempting correction by adding diagonal matrix with positive values for the Jacobian of the stationary equations
└             and negative values for the Jacobian of the constraints.
┌ DiffOpt.NonLinearProgram | Info ] : Inertia correction needed. 
│             Attempting correction by adding diagonal matrix with positive values for the Jacobian of the stationary equations
└             and negative values for the Jacobian of the constraints.
┌ DiffOpt.NonLinearProgram | Info ] : Inertia correction needed. 
│             Attempting correction by adding diagonal matrix with positive values for the Jacobian of the stationary equations
└             and negative values for the Jacobian of the constraints.
┌ DiffOpt.NonLinearProgram | Info ] : Inertia correction needed. 
│             Attempting correction by adding diagonal matrix with positive values for the Jacobian of the stationary equations
└             and negative values for the Jacobian of the constraints.
┌ DiffOpt.NonLinearProgram | Info ] : Inertia correction needed. 
│             Attempting correction by adding diagonal matrix with positive values for the Jacobian of the stationary equations
└             and negative values for the Jacobian of the constraints.
┌ DiffOpt.NonLinearProgram | Info ] : Inertia correction needed. 
│             Attempting correction by adding diagonal matrix with positive values for the Jacobian of the stationary equations
└             and negative values for the Jacobian of the constraints.
┌ DiffOpt.NonLinearProgram | Info ] : Inertia correction needed. 
│             Attempting correction by adding diagonal matrix with positive values for the Jacobian of the stationary equations
└             and negative values for the Jacobian of the constraints.
┌ DiffOpt.NonLinearProgram | Info ] : Inertia correction needed. 
│             Attempting correction by adding diagonal matrix with positive values for the Jacobian of the stationary equations
└             and negative values for the Jacobian of the constraints.
┌ DiffOpt.NonLinearProgram | Info ] : Inertia correction needed. 
│             Attempting correction by adding diagonal matrix with positive values for the Jacobian of the stationary equations
└             and negative values for the Jacobian of the constraints.
┌ DiffOpt.NonLinearProgram | Info ] : Inertia correction needed. 
│             Attempting correction by adding diagonal matrix with positive values for the Jacobian of the stationary equations
└             and negative values for the Jacobian of the constraints.
┌ DiffOpt.NonLinearProgram | Info ] : Inertia correction needed. 
│             Attempting correction by adding diagonal matrix with positive values for the Jacobian of the stationary equations
└             and negative values for the Jacobian of the constraints.
┌ DiffOpt.NonLinearProgram | Info ] : Inertia correction needed. 
│             Attempting correction by adding diagonal matrix with positive values for the Jacobian of the stationary equations
└             and negative values for the Jacobian of the constraints.
┌ DiffOpt.NonLinearProgram | Info ] : Inertia correction needed. 
│             Attempting correction by adding diagonal matrix with positive values for the Jacobian of the stationary equations
└             and negative values for the Jacobian of the constraints.
┌ DiffOpt.NonLinearProgram | Info ] : Inertia correction needed. 
│             Attempting correction by adding diagonal matrix with positive values for the Jacobian of the stationary equations
└             and negative values for the Jacobian of the constraints.
┌ DiffOpt.NonLinearProgram | Info ] : Inertia correction needed. 
│             Attempting correction by adding diagonal matrix with positive values for the Jacobian of the stationary equations
└             and negative values for the Jacobian of the constraints.
┌ DiffOpt.NonLinearProgram | Info ] : Inertia correction needed. 
│             Attempting correction by adding diagonal matrix with positive values for the Jacobian of the stationary equations
└             and negative values for the Jacobian of the constraints.
┌ DiffOpt.NonLinearProgram | Info ] : Inertia correction needed. 
│             Attempting correction by adding diagonal matrix with positive values for the Jacobian of the stationary equations
└             and negative values for the Jacobian of the constraints.
┌ DiffOpt.NonLinearProgram | Info ] : Inertia correction needed. 
│             Attempting correction by adding diagonal matrix with positive values for the Jacobian of the stationary equations
└             and negative values for the Jacobian of the constraints.
┌ DiffOpt.NonLinearProgram | Info ] : Inertia correction needed. 
│             Attempting correction by adding diagonal matrix with positive values for the Jacobian of the stationary equations
└             and negative values for the Jacobian of the constraints.
┌ DiffOpt.NonLinearProgram | Info ] : Inertia correction needed. 
│             Attempting correction by adding diagonal matrix with positive values for the Jacobian of the stationary equations
└             and negative values for the Jacobian of the constraints.
┌ DiffOpt.NonLinearProgram | Info ] : Inertia correction needed. 
│             Attempting correction by adding diagonal matrix with positive values for the Jacobian of the stationary equations
└             and negative values for the Jacobian of the constraints.
┌ DiffOpt.NonLinearProgram | Info ] : Inertia correction needed. 
│             Attempting correction by adding diagonal matrix with positive values for the Jacobian of the stationary equations
└             and negative values for the Jacobian of the constraints.
┌ DiffOpt.NonLinearProgram | Info ] : Inertia correction needed. 
│             Attempting correction by adding diagonal matrix with positive values for the Jacobian of the stationary equations
└             and negative values for the Jacobian of the constraints.
┌ DiffOpt.NonLinearProgram | Info ] : Inertia correction needed. 
│             Attempting correction by adding diagonal matrix with positive values for the Jacobian of the stationary equations
└             and negative values for the Jacobian of the constraints.
┌ DiffOpt.NonLinearProgram | Info ] : Inertia correction needed. 
│             Attempting correction by adding diagonal matrix with positive values for the Jacobian of the stationary equations
└             and negative values for the Jacobian of the constraints.
┌ DiffOpt.NonLinearProgram | Info ] : Inertia correction needed. 
│             Attempting correction by adding diagonal matrix with positive values for the Jacobian of the stationary equations
└             and negative values for the Jacobian of the constraints.
[ Main | Info ] : [Gini formal CC] Jacobian is block-diagonal (max off-block-diag = 0.0)
[ Main | Info ] : [Gini formal CC] T=4, N=9, m=36 (indicator-constraint form, σ unbounded above)
[ Main | Info ] : [Gini formal CC] Solver status: OPTIMAL (solve_time=16.8s)
[ Main | Info ] : [gini/absolute] iter 11 upper-level status = OPTIMAL
[ Main | Info ] : [gini/absolute] iter 11 timings: int=0.0s lower=9.7s (primal=2.4s jac=7.2s) upper=16.8s total=26.5s
[ FairLoadDelivery | Info ] : Iteration 12: Solving multiperiod lower-level MLD with 36 per-period weights
┌ DiffOpt.NonLinearProgram | Info ] : Inertia correction needed. 
│             Attempting correction by adding diagonal matrix with positive values for the Jacobian of the stationary equations
└             and negative values for the Jacobian of the constraints.
┌ DiffOpt.NonLinearProgram | Info ] : Inertia correction needed. 
│             Attempting correction by adding diagonal matrix with positive values for the Jacobian of the stationary equations
└             and negative values for the Jacobian of the constraints.
┌ DiffOpt.NonLinearProgram | Info ] : Inertia correction needed. 
│             Attempting correction by adding diagonal matrix with positive values for the Jacobian of the stationary equations
└             and negative values for the Jacobian of the constraints.
┌ DiffOpt.NonLinearProgram | Info ] : Inertia correction needed. 
│             Attempting correction by adding diagonal matrix with positive values for the Jacobian of the stationary equations
└             and negative values for the Jacobian of the constraints.
┌ DiffOpt.NonLinearProgram | Info ] : Inertia correction needed. 
│             Attempting correction by adding diagonal matrix with positive values for the Jacobian of the stationary equations
└             and negative values for the Jacobian of the constraints.
┌ DiffOpt.NonLinearProgram | Info ] : Inertia correction needed. 
│             Attempting correction by adding diagonal matrix with positive values for the Jacobian of the stationary equations
└             and negative values for the Jacobian of the constraints.
┌ DiffOpt.NonLinearProgram | Info ] : Inertia correction needed. 
│             Attempting correction by adding diagonal matrix with positive values for the Jacobian of the stationary equations
└             and negative values for the Jacobian of the constraints.
┌ DiffOpt.NonLinearProgram | Info ] : Inertia correction needed. 
│             Attempting correction by adding diagonal matrix with positive values for the Jacobian of the stationary equations
└             and negative values for the Jacobian of the constraints.
┌ DiffOpt.NonLinearProgram | Info ] : Inertia correction needed. 
│             Attempting correction by adding diagonal matrix with positive values for the Jacobian of the stationary equations
└             and negative values for the Jacobian of the constraints.
┌ DiffOpt.NonLinearProgram | Info ] : Inertia correction needed. 
│             Attempting correction by adding diagonal matrix with positive values for the Jacobian of the stationary equations
└             and negative values for the Jacobian of the constraints.
┌ DiffOpt.NonLinearProgram | Info ] : Inertia correction needed. 
│             Attempting correction by adding diagonal matrix with positive values for the Jacobian of the stationary equations
└             and negative values for the Jacobian of the constraints.
┌ DiffOpt.NonLinearProgram | Info ] : Inertia correction needed. 
│             Attempting correction by adding diagonal matrix with positive values for the Jacobian of the stationary equations
└             and negative values for the Jacobian of the constraints.
┌ DiffOpt.NonLinearProgram | Info ] : Inertia correction needed. 
│             Attempting correction by adding diagonal matrix with positive values for the Jacobian of the stationary equations
└             and negative values for the Jacobian of the constraints.
┌ DiffOpt.NonLinearProgram | Info ] : Inertia correction needed. 
│             Attempting correction by adding diagonal matrix with positive values for the Jacobian of the stationary equations
└             and negative values for the Jacobian of the constraints.
┌ DiffOpt.NonLinearProgram | Info ] : Inertia correction needed. 
│             Attempting correction by adding diagonal matrix with positive values for the Jacobian of the stationary equations
└             and negative values for the Jacobian of the constraints.
┌ DiffOpt.NonLinearProgram | Info ] : Inertia correction needed. 
│             Attempting correction by adding diagonal matrix with positive values for the Jacobian of the stationary equations
└             and negative values for the Jacobian of the constraints.
┌ DiffOpt.NonLinearProgram | Info ] : Inertia correction needed. 
│             Attempting correction by adding diagonal matrix with positive values for the Jacobian of the stationary equations
└             and negative values for the Jacobian of the constraints.
┌ DiffOpt.NonLinearProgram | Info ] : Inertia correction needed. 
│             Attempting correction by adding diagonal matrix with positive values for the Jacobian of the stationary equations
└             and negative values for the Jacobian of the constraints.
┌ DiffOpt.NonLinearProgram | Info ] : Inertia correction needed. 
│             Attempting correction by adding diagonal matrix with positive values for the Jacobian of the stationary equations
└             and negative values for the Jacobian of the constraints.
┌ DiffOpt.NonLinearProgram | Info ] : Inertia correction needed. 
│             Attempting correction by adding diagonal matrix with positive values for the Jacobian of the stationary equations
└             and negative values for the Jacobian of the constraints.
┌ DiffOpt.NonLinearProgram | Info ] : Inertia correction needed. 
│             Attempting correction by adding diagonal matrix with positive values for the Jacobian of the stationary equations
└             and negative values for the Jacobian of the constraints.
┌ DiffOpt.NonLinearProgram | Info ] : Inertia correction needed. 
│             Attempting correction by adding diagonal matrix with positive values for the Jacobian of the stationary equations
└             and negative values for the Jacobian of the constraints.
┌ DiffOpt.NonLinearProgram | Info ] : Inertia correction needed. 
│             Attempting correction by adding diagonal matrix with positive values for the Jacobian of the stationary equations
└             and negative values for the Jacobian of the constraints.
┌ DiffOpt.NonLinearProgram | Info ] : Inertia correction needed. 
│             Attempting correction by adding diagonal matrix with positive values for the Jacobian of the stationary equations
└             and negative values for the Jacobian of the constraints.
┌ DiffOpt.NonLinearProgram | Info ] : Inertia correction needed. 
│             Attempting correction by adding diagonal matrix with positive values for the Jacobian of the stationary equations
└             and negative values for the Jacobian of the constraints.
┌ DiffOpt.NonLinearProgram | Info ] : Inertia correction needed. 
│             Attempting correction by adding diagonal matrix with positive values for the Jacobian of the stationary equations
└             and negative values for the Jacobian of the constraints.
┌ DiffOpt.NonLinearProgram | Info ] : Inertia correction needed. 
│             Attempting correction by adding diagonal matrix with positive values for the Jacobian of the stationary equations
└             and negative values for the Jacobian of the constraints.
┌ DiffOpt.NonLinearProgram | Info ] : Inertia correction needed. 
│             Attempting correction by adding diagonal matrix with positive values for the Jacobian of the stationary equations
└             and negative values for the Jacobian of the constraints.
┌ DiffOpt.NonLinearProgram | Info ] : Inertia correction needed. 
│             Attempting correction by adding diagonal matrix with positive values for the Jacobian of the stationary equations
└             and negative values for the Jacobian of the constraints.
┌ DiffOpt.NonLinearProgram | Info ] : Inertia correction needed. 
│             Attempting correction by adding diagonal matrix with positive values for the Jacobian of the stationary equations
└             and negative values for the Jacobian of the constraints.
┌ DiffOpt.NonLinearProgram | Info ] : Inertia correction needed. 
│             Attempting correction by adding diagonal matrix with positive values for the Jacobian of the stationary equations
└             and negative values for the Jacobian of the constraints.
┌ DiffOpt.NonLinearProgram | Info ] : Inertia correction needed. 
│             Attempting correction by adding diagonal matrix with positive values for the Jacobian of the stationary equations
└             and negative values for the Jacobian of the constraints.
┌ DiffOpt.NonLinearProgram | Info ] : Inertia correction needed. 
│             Attempting correction by adding diagonal matrix with positive values for the Jacobian of the stationary equations
└             and negative values for the Jacobian of the constraints.
┌ DiffOpt.NonLinearProgram | Info ] : Inertia correction needed. 
│             Attempting correction by adding diagonal matrix with positive values for the Jacobian of the stationary equations
└             and negative values for the Jacobian of the constraints.
┌ DiffOpt.NonLinearProgram | Info ] : Inertia correction needed. 
│             Attempting correction by adding diagonal matrix with positive values for the Jacobian of the stationary equations
└             and negative values for the Jacobian of the constraints.
┌ DiffOpt.NonLinearProgram | Info ] : Inertia correction needed. 
│             Attempting correction by adding diagonal matrix with positive values for the Jacobian of the stationary equations
└             and negative values for the Jacobian of the constraints.
[ Main | Info ] : [Gini formal CC] Jacobian is block-diagonal (max off-block-diag = 0.0)
[ Main | Info ] : [Gini formal CC] T=4, N=9, m=36 (indicator-constraint form, σ unbounded above)
[ Main | Info ] : [Gini formal CC] Solver status: OPTIMAL (solve_time=13.29s)
[ Main | Info ] : [gini/absolute] iter 12 upper-level status = OPTIMAL
[ Main | Info ] : [gini/absolute] iter 12 timings: int=0.0s lower=8.1s (primal=2.0s jac=6.1s) upper=13.3s total=21.4s
[ FairLoadDelivery | Info ] : Iteration 13: Solving multiperiod lower-level MLD with 36 per-period weights
┌ DiffOpt.NonLinearProgram | Info ] : Inertia correction needed. 
│             Attempting correction by adding diagonal matrix with positive values for the Jacobian of the stationary equations
└             and negative values for the Jacobian of the constraints.
┌ DiffOpt.NonLinearProgram | Info ] : Inertia correction needed. 
│             Attempting correction by adding diagonal matrix with positive values for the Jacobian of the stationary equations
└             and negative values for the Jacobian of the constraints.
┌ DiffOpt.NonLinearProgram | Info ] : Inertia correction needed. 
│             Attempting correction by adding diagonal matrix with positive values for the Jacobian of the stationary equations
└             and negative values for the Jacobian of the constraints.
┌ DiffOpt.NonLinearProgram | Info ] : Inertia correction needed. 
│             Attempting correction by adding diagonal matrix with positive values for the Jacobian of the stationary equations
└             and negative values for the Jacobian of the constraints.
┌ DiffOpt.NonLinearProgram | Info ] : Inertia correction needed. 
│             Attempting correction by adding diagonal matrix with positive values for the Jacobian of the stationary equations
└             and negative values for the Jacobian of the constraints.
┌ DiffOpt.NonLinearProgram | Info ] : Inertia correction needed. 
│             Attempting correction by adding diagonal matrix with positive values for the Jacobian of the stationary equations
└             and negative values for the Jacobian of the constraints.
┌ DiffOpt.NonLinearProgram | Info ] : Inertia correction needed. 
│             Attempting correction by adding diagonal matrix with positive values for the Jacobian of the stationary equations
└             and negative values for the Jacobian of the constraints.
┌ DiffOpt.NonLinearProgram | Info ] : Inertia correction needed. 
│             Attempting correction by adding diagonal matrix with positive values for the Jacobian of the stationary equations
└             and negative values for the Jacobian of the constraints.
┌ DiffOpt.NonLinearProgram | Info ] : Inertia correction needed. 
│             Attempting correction by adding diagonal matrix with positive values for the Jacobian of the stationary equations
└             and negative values for the Jacobian of the constraints.
┌ DiffOpt.NonLinearProgram | Info ] : Inertia correction needed. 
│             Attempting correction by adding diagonal matrix with positive values for the Jacobian of the stationary equations
└             and negative values for the Jacobian of the constraints.
┌ DiffOpt.NonLinearProgram | Info ] : Inertia correction needed. 
│             Attempting correction by adding diagonal matrix with positive values for the Jacobian of the stationary equations
└             and negative values for the Jacobian of the constraints.
┌ DiffOpt.NonLinearProgram | Info ] : Inertia correction needed. 
│             Attempting correction by adding diagonal matrix with positive values for the Jacobian of the stationary equations
└             and negative values for the Jacobian of the constraints.
┌ DiffOpt.NonLinearProgram | Info ] : Inertia correction needed. 
│             Attempting correction by adding diagonal matrix with positive values for the Jacobian of the stationary equations
└             and negative values for the Jacobian of the constraints.
Set parameter Username
Set parameter LicenseID to value 2813843
Academic license - for non-commercial use only - expires 2027-04-27
Set parameter Username
Set parameter LicenseID to value 2813843
Academic license - for non-commercial use only - expires 2027-04-27
Set parameter Username
Set parameter LicenseID to value 2813843
Academic license - for non-commercial use only - expires 2027-04-27
┌ DiffOpt.NonLinearProgram | Info ] : Inertia correction needed. 
│             Attempting correction by adding diagonal matrix with positive values for the Jacobian of the stationary equations
└             and negative values for the Jacobian of the constraints.
┌ DiffOpt.NonLinearProgram | Info ] : Inertia correction needed. 
│             Attempting correction by adding diagonal matrix with positive values for the Jacobian of the stationary equations
└             and negative values for the Jacobian of the constraints.
┌ DiffOpt.NonLinearProgram | Info ] : Inertia correction needed. 
│             Attempting correction by adding diagonal matrix with positive values for the Jacobian of the stationary equations
└             and negative values for the Jacobian of the constraints.
┌ DiffOpt.NonLinearProgram | Info ] : Inertia correction needed. 
│             Attempting correction by adding diagonal matrix with positive values for the Jacobian of the stationary equations
└             and negative values for the Jacobian of the constraints.
┌ DiffOpt.NonLinearProgram | Info ] : Inertia correction needed. 
│             Attempting correction by adding diagonal matrix with positive values for the Jacobian of the stationary equations
└             and negative values for the Jacobian of the constraints.
┌ DiffOpt.NonLinearProgram | Info ] : Inertia correction needed. 
│             Attempting correction by adding diagonal matrix with positive values for the Jacobian of the stationary equations
└             and negative values for the Jacobian of the constraints.
┌ DiffOpt.NonLinearProgram | Info ] : Inertia correction needed. 
│             Attempting correction by adding diagonal matrix with positive values for the Jacobian of the stationary equations
└             and negative values for the Jacobian of the constraints.
┌ DiffOpt.NonLinearProgram | Info ] : Inertia correction needed. 
│             Attempting correction by adding diagonal matrix with positive values for the Jacobian of the stationary equations
└             and negative values for the Jacobian of the constraints.
┌ DiffOpt.NonLinearProgram | Info ] : Inertia correction needed. 
│             Attempting correction by adding diagonal matrix with positive values for the Jacobian of the stationary equations
└             and negative values for the Jacobian of the constraints.
┌ DiffOpt.NonLinearProgram | Info ] : Inertia correction needed. 
│             Attempting correction by adding diagonal matrix with positive values for the Jacobian of the stationary equations
└             and negative values for the Jacobian of the constraints.
┌ DiffOpt.NonLinearProgram | Info ] : Inertia correction needed. 
│             Attempting correction by adding diagonal matrix with positive values for the Jacobian of the stationary equations
└             and negative values for the Jacobian of the constraints.
┌ DiffOpt.NonLinearProgram | Info ] : Inertia correction needed. 
│             Attempting correction by adding diagonal matrix with positive values for the Jacobian of the stationary equations
└             and negative values for the Jacobian of the constraints.
┌ DiffOpt.NonLinearProgram | Info ] : Inertia correction needed. 
│             Attempting correction by adding diagonal matrix with positive values for the Jacobian of the stationary equations
└             and negative values for the Jacobian of the constraints.
┌ DiffOpt.NonLinearProgram | Info ] : Inertia correction needed. 
│             Attempting correction by adding diagonal matrix with positive values for the Jacobian of the stationary equations
└             and negative values for the Jacobian of the constraints.
┌ DiffOpt.NonLinearProgram | Info ] : Inertia correction needed. 
│             Attempting correction by adding diagonal matrix with positive values for the Jacobian of the stationary equations
└             and negative values for the Jacobian of the constraints.
┌ DiffOpt.NonLinearProgram | Info ] : Inertia correction needed. 
│             Attempting correction by adding diagonal matrix with positive values for the Jacobian of the stationary equations
└             and negative values for the Jacobian of the constraints.
┌ DiffOpt.NonLinearProgram | Info ] : Inertia correction needed. 
│             Attempting correction by adding diagonal matrix with positive values for the Jacobian of the stationary equations
└             and negative values for the Jacobian of the constraints.
┌ DiffOpt.NonLinearProgram | Info ] : Inertia correction needed. 
│             Attempting correction by adding diagonal matrix with positive values for the Jacobian of the stationary equations
└             and negative values for the Jacobian of the constraints.
┌ DiffOpt.NonLinearProgram | Info ] : Inertia correction needed. 
│             Attempting correction by adding diagonal matrix with positive values for the Jacobian of the stationary equations
└             and negative values for the Jacobian of the constraints.
┌ DiffOpt.NonLinearProgram | Info ] : Inertia correction needed. 
│             Attempting correction by adding diagonal matrix with positive values for the Jacobian of the stationary equations
└             and negative values for the Jacobian of the constraints.
┌ DiffOpt.NonLinearProgram | Info ] : Inertia correction needed. 
│             Attempting correction by adding diagonal matrix with positive values for the Jacobian of the stationary equations
└             and negative values for the Jacobian of the constraints.
┌ DiffOpt.NonLinearProgram | Info ] : Inertia correction needed. 
│             Attempting correction by adding diagonal matrix with positive values for the Jacobian of the stationary equations
└             and negative values for the Jacobian of the constraints.
┌ DiffOpt.NonLinearProgram | Info ] : Inertia correction needed. 
│             Attempting correction by adding diagonal matrix with positive values for the Jacobian of the stationary equations
└             and negative values for the Jacobian of the constraints.
[ Main | Info ] : [Gini formal CC] Jacobian is block-diagonal (max off-block-diag = 0.0)
[ Main | Info ] : [Gini formal CC] T=4, N=9, m=36 (indicator-constraint form, σ unbounded above)
[ Main | Info ] : [Gini formal CC] Solver status: OPTIMAL (solve_time=19.23s)
[ Main | Info ] : [gini/absolute] iter 13 upper-level status = OPTIMAL
[ Main | Info ] : [gini/absolute] iter 13 timings: int=0.0s lower=8.8s (primal=2.1s jac=6.6s) upper=19.2s total=28.0s
[ FairLoadDelivery | Info ] : Iteration 14: Solving multiperiod lower-level MLD with 36 per-period weights
┌ DiffOpt.NonLinearProgram | Info ] : Inertia correction needed. 
│             Attempting correction by adding diagonal matrix with positive values for the Jacobian of the stationary equations
└             and negative values for the Jacobian of the constraints.
┌ DiffOpt.NonLinearProgram | Info ] : Inertia correction needed. 
│             Attempting correction by adding diagonal matrix with positive values for the Jacobian of the stationary equations
└             and negative values for the Jacobian of the constraints.
┌ DiffOpt.NonLinearProgram | Info ] : Inertia correction needed. 
│             Attempting correction by adding diagonal matrix with positive values for the Jacobian of the stationary equations
└             and negative values for the Jacobian of the constraints.
┌ DiffOpt.NonLinearProgram | Info ] : Inertia correction needed. 
│             Attempting correction by adding diagonal matrix with positive values for the Jacobian of the stationary equations
└             and negative values for the Jacobian of the constraints.
┌ DiffOpt.NonLinearProgram | Info ] : Inertia correction needed. 
│             Attempting correction by adding diagonal matrix with positive values for the Jacobian of the stationary equations
└             and negative values for the Jacobian of the constraints.
┌ DiffOpt.NonLinearProgram | Info ] : Inertia correction needed. 
│             Attempting correction by adding diagonal matrix with positive values for the Jacobian of the stationary equations
└             and negative values for the Jacobian of the constraints.
┌ DiffOpt.NonLinearProgram | Info ] : Inertia correction needed. 
│             Attempting correction by adding diagonal matrix with positive values for the Jacobian of the stationary equations
└             and negative values for the Jacobian of the constraints.
┌ DiffOpt.NonLinearProgram | Info ] : Inertia correction needed. 
│             Attempting correction by adding diagonal matrix with positive values for the Jacobian of the stationary equations
└             and negative values for the Jacobian of the constraints.
┌ DiffOpt.NonLinearProgram | Info ] : Inertia correction needed. 
│             Attempting correction by adding diagonal matrix with positive values for the Jacobian of the stationary equations
└             and negative values for the Jacobian of the constraints.
┌ DiffOpt.NonLinearProgram | Info ] : Inertia correction needed. 
│             Attempting correction by adding diagonal matrix with positive values for the Jacobian of the stationary equations
└             and negative values for the Jacobian of the constraints.
┌ DiffOpt.NonLinearProgram | Info ] : Inertia correction needed. 
│             Attempting correction by adding diagonal matrix with positive values for the Jacobian of the stationary equations
└             and negative values for the Jacobian of the constraints.
┌ DiffOpt.NonLinearProgram | Info ] : Inertia correction needed. 
│             Attempting correction by adding diagonal matrix with positive values for the Jacobian of the stationary equations
└             and negative values for the Jacobian of the constraints.
┌ DiffOpt.NonLinearProgram | Info ] : Inertia correction needed. 
│             Attempting correction by adding diagonal matrix with positive values for the Jacobian of the stationary equations
└             and negative values for the Jacobian of the constraints.
┌ DiffOpt.NonLinearProgram | Info ] : Inertia correction needed. 
│             Attempting correction by adding diagonal matrix with positive values for the Jacobian of the stationary equations
└             and negative values for the Jacobian of the constraints.
┌ DiffOpt.NonLinearProgram | Info ] : Inertia correction needed. 
│             Attempting correction by adding diagonal matrix with positive values for the Jacobian of the stationary equations
└             and negative values for the Jacobian of the constraints.
┌ DiffOpt.NonLinearProgram | Info ] : Inertia correction needed. 
│             Attempting correction by adding diagonal matrix with positive values for the Jacobian of the stationary equations
└             and negative values for the Jacobian of the constraints.
┌ DiffOpt.NonLinearProgram | Info ] : Inertia correction needed. 
│             Attempting correction by adding diagonal matrix with positive values for the Jacobian of the stationary equations
└             and negative values for the Jacobian of the constraints.
┌ DiffOpt.NonLinearProgram | Info ] : Inertia correction needed. 
│             Attempting correction by adding diagonal matrix with positive values for the Jacobian of the stationary equations
└             and negative values for the Jacobian of the constraints.
┌ DiffOpt.NonLinearProgram | Info ] : Inertia correction needed. 
│             Attempting correction by adding diagonal matrix with positive values for the Jacobian of the stationary equations
└             and negative values for the Jacobian of the constraints.
┌ DiffOpt.NonLinearProgram | Info ] : Inertia correction needed. 
│             Attempting correction by adding diagonal matrix with positive values for the Jacobian of the stationary equations
└             and negative values for the Jacobian of the constraints.
┌ DiffOpt.NonLinearProgram | Info ] : Inertia correction needed. 
│             Attempting correction by adding diagonal matrix with positive values for the Jacobian of the stationary equations
└             and negative values for the Jacobian of the constraints.
┌ DiffOpt.NonLinearProgram | Info ] : Inertia correction needed. 
│             Attempting correction by adding diagonal matrix with positive values for the Jacobian of the stationary equations
└             and negative values for the Jacobian of the constraints.
┌ DiffOpt.NonLinearProgram | Info ] : Inertia correction needed. 
│             Attempting correction by adding diagonal matrix with positive values for the Jacobian of the stationary equations
└             and negative values for the Jacobian of the constraints.
┌ DiffOpt.NonLinearProgram | Info ] : Inertia correction needed. 
│             Attempting correction by adding diagonal matrix with positive values for the Jacobian of the stationary equations
└             and negative values for the Jacobian of the constraints.
┌ DiffOpt.NonLinearProgram | Info ] : Inertia correction needed. 
│             Attempting correction by adding diagonal matrix with positive values for the Jacobian of the stationary equations
└             and negative values for the Jacobian of the constraints.
┌ DiffOpt.NonLinearProgram | Info ] : Inertia correction needed. 
│             Attempting correction by adding diagonal matrix with positive values for the Jacobian of the stationary equations
└             and negative values for the Jacobian of the constraints.
┌ DiffOpt.NonLinearProgram | Info ] : Inertia correction needed. 
│             Attempting correction by adding diagonal matrix with positive values for the Jacobian of the stationary equations
└             and negative values for the Jacobian of the constraints.
┌ DiffOpt.NonLinearProgram | Info ] : Inertia correction needed. 
│             Attempting correction by adding diagonal matrix with positive values for the Jacobian of the stationary equations
└             and negative values for the Jacobian of the constraints.
┌ DiffOpt.NonLinearProgram | Info ] : Inertia correction needed. 
│             Attempting correction by adding diagonal matrix with positive values for the Jacobian of the stationary equations
└             and negative values for the Jacobian of the constraints.
┌ DiffOpt.NonLinearProgram | Info ] : Inertia correction needed. 
│             Attempting correction by adding diagonal matrix with positive values for the Jacobian of the stationary equations
└             and negative values for the Jacobian of the constraints.
┌ DiffOpt.NonLinearProgram | Info ] : Inertia correction needed. 
│             Attempting correction by adding diagonal matrix with positive values for the Jacobian of the stationary equations
└             and negative values for the Jacobian of the constraints.
┌ DiffOpt.NonLinearProgram | Info ] : Inertia correction needed. 
│             Attempting correction by adding diagonal matrix with positive values for the Jacobian of the stationary equations
└             and negative values for the Jacobian of the constraints.
┌ DiffOpt.NonLinearProgram | Info ] : Inertia correction needed. 
│             Attempting correction by adding diagonal matrix with positive values for the Jacobian of the stationary equations
└             and negative values for the Jacobian of the constraints.
┌ DiffOpt.NonLinearProgram | Info ] : Inertia correction needed. 
│             Attempting correction by adding diagonal matrix with positive values for the Jacobian of the stationary equations
└             and negative values for the Jacobian of the constraints.
┌ DiffOpt.NonLinearProgram | Info ] : Inertia correction needed. 
│             Attempting correction by adding diagonal matrix with positive values for the Jacobian of the stationary equations
└             and negative values for the Jacobian of the constraints.
┌ DiffOpt.NonLinearProgram | Info ] : Inertia correction needed. 
│             Attempting correction by adding diagonal matrix with positive values for the Jacobian of the stationary equations
└             and negative values for the Jacobian of the constraints.
[ Main | Info ] : [Gini formal CC] Jacobian is block-diagonal (max off-block-diag = 0.0)
[ Main | Info ] : [Gini formal CC] T=4, N=9, m=36 (indicator-constraint form, σ unbounded above)
[ Main | Info ] : [Gini formal CC] Solver status: OPTIMAL (solve_time=14.82s)
[ Main | Info ] : [gini/absolute] iter 14 upper-level status = OPTIMAL
[ Main | Info ] : [gini/absolute] iter 14 timings: int=0.0s lower=11.9s (primal=4.6s jac=7.2s) upper=14.8s total=26.7s
[ FairLoadDelivery | Info ] : Iteration 15: Solving multiperiod lower-level MLD with 36 per-period weights
┌ DiffOpt.NonLinearProgram | Info ] : Inertia correction needed. 
│             Attempting correction by adding diagonal matrix with positive values for the Jacobian of the stationary equations
└             and negative values for the Jacobian of the constraints.
┌ DiffOpt.NonLinearProgram | Info ] : Inertia correction needed. 
│             Attempting correction by adding diagonal matrix with positive values for the Jacobian of the stationary equations
└             and negative values for the Jacobian of the constraints.
┌ DiffOpt.NonLinearProgram | Info ] : Inertia correction needed. 
│             Attempting correction by adding diagonal matrix with positive values for the Jacobian of the stationary equations
└             and negative values for the Jacobian of the constraints.
┌ DiffOpt.NonLinearProgram | Info ] : Inertia correction needed. 
│             Attempting correction by adding diagonal matrix with positive values for the Jacobian of the stationary equations
└             and negative values for the Jacobian of the constraints.
┌ DiffOpt.NonLinearProgram | Info ] : Inertia correction needed. 
│             Attempting correction by adding diagonal matrix with positive values for the Jacobian of the stationary equations
└             and negative values for the Jacobian of the constraints.
┌ DiffOpt.NonLinearProgram | Info ] : Inertia correction needed. 
│             Attempting correction by adding diagonal matrix with positive values for the Jacobian of the stationary equations
└             and negative values for the Jacobian of the constraints.
┌ DiffOpt.NonLinearProgram | Info ] : Inertia correction needed. 
│             Attempting correction by adding diagonal matrix with positive values for the Jacobian of the stationary equations
└             and negative values for the Jacobian of the constraints.
┌ DiffOpt.NonLinearProgram | Info ] : Inertia correction needed. 
│             Attempting correction by adding diagonal matrix with positive values for the Jacobian of the stationary equations
└             and negative values for the Jacobian of the constraints.
┌ DiffOpt.NonLinearProgram | Info ] : Inertia correction needed. 
│             Attempting correction by adding diagonal matrix with positive values for the Jacobian of the stationary equations
└             and negative values for the Jacobian of the constraints.
┌ DiffOpt.NonLinearProgram | Info ] : Inertia correction needed. 
│             Attempting correction by adding diagonal matrix with positive values for the Jacobian of the stationary equations
└             and negative values for the Jacobian of the constraints.
┌ DiffOpt.NonLinearProgram | Info ] : Inertia correction needed. 
│             Attempting correction by adding diagonal matrix with positive values for the Jacobian of the stationary equations
└             and negative values for the Jacobian of the constraints.
┌ DiffOpt.NonLinearProgram | Info ] : Inertia correction needed. 
│             Attempting correction by adding diagonal matrix with positive values for the Jacobian of the stationary equations
└             and negative values for the Jacobian of the constraints.
┌ DiffOpt.NonLinearProgram | Info ] : Inertia correction needed. 
│             Attempting correction by adding diagonal matrix with positive values for the Jacobian of the stationary equations
└             and negative values for the Jacobian of the constraints.
┌ DiffOpt.NonLinearProgram | Info ] : Inertia correction needed. 
│             Attempting correction by adding diagonal matrix with positive values for the Jacobian of the stationary equations
└             and negative values for the Jacobian of the constraints.
┌ DiffOpt.NonLinearProgram | Info ] : Inertia correction needed. 
│             Attempting correction by adding diagonal matrix with positive values for the Jacobian of the stationary equations
└             and negative values for the Jacobian of the constraints.
┌ DiffOpt.NonLinearProgram | Info ] : Inertia correction needed. 
│             Attempting correction by adding diagonal matrix with positive values for the Jacobian of the stationary equations
└             and negative values for the Jacobian of the constraints.
┌ DiffOpt.NonLinearProgram | Info ] : Inertia correction needed. 
│             Attempting correction by adding diagonal matrix with positive values for the Jacobian of the stationary equations
└             and negative values for the Jacobian of the constraints.
┌ DiffOpt.NonLinearProgram | Info ] : Inertia correction needed. 
│             Attempting correction by adding diagonal matrix with positive values for the Jacobian of the stationary equations
└             and negative values for the Jacobian of the constraints.
┌ DiffOpt.NonLinearProgram | Info ] : Inertia correction needed. 
│             Attempting correction by adding diagonal matrix with positive values for the Jacobian of the stationary equations
└             and negative values for the Jacobian of the constraints.
┌ DiffOpt.NonLinearProgram | Info ] : Inertia correction needed. 
│             Attempting correction by adding diagonal matrix with positive values for the Jacobian of the stationary equations
└             and negative values for the Jacobian of the constraints.
┌ DiffOpt.NonLinearProgram | Info ] : Inertia correction needed. 
│             Attempting correction by adding diagonal matrix with positive values for the Jacobian of the stationary equations
└             and negative values for the Jacobian of the constraints.
┌ DiffOpt.NonLinearProgram | Info ] : Inertia correction needed. 
│             Attempting correction by adding diagonal matrix with positive values for the Jacobian of the stationary equations
└             and negative values for the Jacobian of the constraints.
┌ DiffOpt.NonLinearProgram | Info ] : Inertia correction needed. 
│             Attempting correction by adding diagonal matrix with positive values for the Jacobian of the stationary equations
└             and negative values for the Jacobian of the constraints.
┌ DiffOpt.NonLinearProgram | Info ] : Inertia correction needed. 
│             Attempting correction by adding diagonal matrix with positive values for the Jacobian of the stationary equations
└             and negative values for the Jacobian of the constraints.
┌ DiffOpt.NonLinearProgram | Info ] : Inertia correction needed. 
│             Attempting correction by adding diagonal matrix with positive values for the Jacobian of the stationary equations
└             and negative values for the Jacobian of the constraints.
┌ DiffOpt.NonLinearProgram | Info ] : Inertia correction needed. 
│             Attempting correction by adding diagonal matrix with positive values for the Jacobian of the stationary equations
└             and negative values for the Jacobian of the constraints.
┌ DiffOpt.NonLinearProgram | Info ] : Inertia correction needed. 
│             Attempting correction by adding diagonal matrix with positive values for the Jacobian of the stationary equations
└             and negative values for the Jacobian of the constraints.
┌ DiffOpt.NonLinearProgram | Info ] : Inertia correction needed. 
│             Attempting correction by adding diagonal matrix with positive values for the Jacobian of the stationary equations
└             and negative values for the Jacobian of the constraints.
┌ DiffOpt.NonLinearProgram | Info ] : Inertia correction needed. 
│             Attempting correction by adding diagonal matrix with positive values for the Jacobian of the stationary equations
└             and negative values for the Jacobian of the constraints.
┌ DiffOpt.NonLinearProgram | Info ] : Inertia correction needed. 
│             Attempting correction by adding diagonal matrix with positive values for the Jacobian of the stationary equations
└             and negative values for the Jacobian of the constraints.
┌ DiffOpt.NonLinearProgram | Info ] : Inertia correction needed. 
│             Attempting correction by adding diagonal matrix with positive values for the Jacobian of the stationary equations
└             and negative values for the Jacobian of the constraints.
┌ DiffOpt.NonLinearProgram | Info ] : Inertia correction needed. 
│             Attempting correction by adding diagonal matrix with positive values for the Jacobian of the stationary equations
└             and negative values for the Jacobian of the constraints.
┌ DiffOpt.NonLinearProgram | Info ] : Inertia correction needed. 
│             Attempting correction by adding diagonal matrix with positive values for the Jacobian of the stationary equations
└             and negative values for the Jacobian of the constraints.
┌ DiffOpt.NonLinearProgram | Info ] : Inertia correction needed. 
│             Attempting correction by adding diagonal matrix with positive values for the Jacobian of the stationary equations
└             and negative values for the Jacobian of the constraints.
┌ DiffOpt.NonLinearProgram | Info ] : Inertia correction needed. 
│             Attempting correction by adding diagonal matrix with positive values for the Jacobian of the stationary equations
└             and negative values for the Jacobian of the constraints.
┌ DiffOpt.NonLinearProgram | Info ] : Inertia correction needed. 
│             Attempting correction by adding diagonal matrix with positive values for the Jacobian of the stationary equations
└             and negative values for the Jacobian of the constraints.
[ Main | Info ] : [Gini formal CC] Jacobian is block-diagonal (max off-block-diag = 0.0)
[ Main | Info ] : [Gini formal CC] T=4, N=9, m=36 (indicator-constraint form, σ unbounded above)
[ Main | Info ] : [Gini formal CC] Solver status: OPTIMAL (solve_time=14.49s)
[ Main | Info ] : [gini/absolute] iter 15 upper-level status = OPTIMAL
[ Main | Info ] : [gini/absolute] iter 15 timings: int=0.0s lower=11.1s (primal=4.8s jac=6.2s) upper=14.5s total=25.6s
[ FairLoadDelivery | Info ] : Iteration 16: Solving multiperiod lower-level MLD with 36 per-period weights
┌ DiffOpt.NonLinearProgram | Info ] : Inertia correction needed. 
│             Attempting correction by adding diagonal matrix with positive values for the Jacobian of the stationary equations
└             and negative values for the Jacobian of the constraints.
┌ DiffOpt.NonLinearProgram | Info ] : Inertia correction needed. 
│             Attempting correction by adding diagonal matrix with positive values for the Jacobian of the stationary equations
└             and negative values for the Jacobian of the constraints.
┌ DiffOpt.NonLinearProgram | Info ] : Inertia correction needed. 
│             Attempting correction by adding diagonal matrix with positive values for the Jacobian of the stationary equations
└             and negative values for the Jacobian of the constraints.
┌ DiffOpt.NonLinearProgram | Info ] : Inertia correction needed. 
│             Attempting correction by adding diagonal matrix with positive values for the Jacobian of the stationary equations
└             and negative values for the Jacobian of the constraints.
┌ DiffOpt.NonLinearProgram | Info ] : Inertia correction needed. 
│             Attempting correction by adding diagonal matrix with positive values for the Jacobian of the stationary equations
└             and negative values for the Jacobian of the constraints.
┌ DiffOpt.NonLinearProgram | Info ] : Inertia correction needed. 
│             Attempting correction by adding diagonal matrix with positive values for the Jacobian of the stationary equations
└             and negative values for the Jacobian of the constraints.
┌ DiffOpt.NonLinearProgram | Info ] : Inertia correction needed. 
│             Attempting correction by adding diagonal matrix with positive values for the Jacobian of the stationary equations
└             and negative values for the Jacobian of the constraints.
┌ DiffOpt.NonLinearProgram | Info ] : Inertia correction needed. 
│             Attempting correction by adding diagonal matrix with positive values for the Jacobian of the stationary equations
└             and negative values for the Jacobian of the constraints.
┌ DiffOpt.NonLinearProgram | Info ] : Inertia correction needed. 
│             Attempting correction by adding diagonal matrix with positive values for the Jacobian of the stationary equations
└             and negative values for the Jacobian of the constraints.
┌ DiffOpt.NonLinearProgram | Info ] : Inertia correction needed. 
│             Attempting correction by adding diagonal matrix with positive values for the Jacobian of the stationary equations
└             and negative values for the Jacobian of the constraints.
┌ DiffOpt.NonLinearProgram | Info ] : Inertia correction needed. 
│             Attempting correction by adding diagonal matrix with positive values for the Jacobian of the stationary equations
└             and negative values for the Jacobian of the constraints.
┌ DiffOpt.NonLinearProgram | Info ] : Inertia correction needed. 
│             Attempting correction by adding diagonal matrix with positive values for the Jacobian of the stationary equations
└             and negative values for the Jacobian of the constraints.
┌ DiffOpt.NonLinearProgram | Info ] : Inertia correction needed. 
│             Attempting correction by adding diagonal matrix with positive values for the Jacobian of the stationary equations
└             and negative values for the Jacobian of the constraints.
┌ DiffOpt.NonLinearProgram | Info ] : Inertia correction needed. 
│             Attempting correction by adding diagonal matrix with positive values for the Jacobian of the stationary equations
└             and negative values for the Jacobian of the constraints.
┌ DiffOpt.NonLinearProgram | Info ] : Inertia correction needed. 
│             Attempting correction by adding diagonal matrix with positive values for the Jacobian of the stationary equations
└             and negative values for the Jacobian of the constraints.
┌ DiffOpt.NonLinearProgram | Info ] : Inertia correction needed. 
│             Attempting correction by adding diagonal matrix with positive values for the Jacobian of the stationary equations
└             and negative values for the Jacobian of the constraints.
┌ DiffOpt.NonLinearProgram | Info ] : Inertia correction needed. 
│             Attempting correction by adding diagonal matrix with positive values for the Jacobian of the stationary equations
└             and negative values for the Jacobian of the constraints.
┌ DiffOpt.NonLinearProgram | Info ] : Inertia correction needed. 
│             Attempting correction by adding diagonal matrix with positive values for the Jacobian of the stationary equations
└             and negative values for the Jacobian of the constraints.
┌ DiffOpt.NonLinearProgram | Info ] : Inertia correction needed. 
│             Attempting correction by adding diagonal matrix with positive values for the Jacobian of the stationary equations
└             and negative values for the Jacobian of the constraints.
Set parameter Username
Set parameter LicenseID to value 2813843
Academic license - for non-commercial use only - expires 2027-04-27
Set parameter Username
Set parameter LicenseID to value 2813843
Academic license - for non-commercial use only - expires 2027-04-27
Set parameter Username
Set parameter LicenseID to value 2813843
Academic license - for non-commercial use only - expires 2027-04-27
┌ DiffOpt.NonLinearProgram | Info ] : Inertia correction needed. 
│             Attempting correction by adding diagonal matrix with positive values for the Jacobian of the stationary equations
└             and negative values for the Jacobian of the constraints.
┌ DiffOpt.NonLinearProgram | Info ] : Inertia correction needed. 
│             Attempting correction by adding diagonal matrix with positive values for the Jacobian of the stationary equations
└             and negative values for the Jacobian of the constraints.
┌ DiffOpt.NonLinearProgram | Info ] : Inertia correction needed. 
│             Attempting correction by adding diagonal matrix with positive values for the Jacobian of the stationary equations
└             and negative values for the Jacobian of the constraints.
┌ DiffOpt.NonLinearProgram | Info ] : Inertia correction needed. 
│             Attempting correction by adding diagonal matrix with positive values for the Jacobian of the stationary equations
└             and negative values for the Jacobian of the constraints.
┌ DiffOpt.NonLinearProgram | Info ] : Inertia correction needed. 
│             Attempting correction by adding diagonal matrix with positive values for the Jacobian of the stationary equations
└             and negative values for the Jacobian of the constraints.
┌ DiffOpt.NonLinearProgram | Info ] : Inertia correction needed. 
│             Attempting correction by adding diagonal matrix with positive values for the Jacobian of the stationary equations
└             and negative values for the Jacobian of the constraints.
┌ DiffOpt.NonLinearProgram | Info ] : Inertia correction needed. 
│             Attempting correction by adding diagonal matrix with positive values for the Jacobian of the stationary equations
└             and negative values for the Jacobian of the constraints.
┌ DiffOpt.NonLinearProgram | Info ] : Inertia correction needed. 
│             Attempting correction by adding diagonal matrix with positive values for the Jacobian of the stationary equations
└             and negative values for the Jacobian of the constraints.
┌ DiffOpt.NonLinearProgram | Info ] : Inertia correction needed. 
│             Attempting correction by adding diagonal matrix with positive values for the Jacobian of the stationary equations
└             and negative values for the Jacobian of the constraints.
┌ DiffOpt.NonLinearProgram | Info ] : Inertia correction needed. 
│             Attempting correction by adding diagonal matrix with positive values for the Jacobian of the stationary equations
└             and negative values for the Jacobian of the constraints.
┌ DiffOpt.NonLinearProgram | Info ] : Inertia correction needed. 
│             Attempting correction by adding diagonal matrix with positive values for the Jacobian of the stationary equations
└             and negative values for the Jacobian of the constraints.
┌ DiffOpt.NonLinearProgram | Info ] : Inertia correction needed. 
│             Attempting correction by adding diagonal matrix with positive values for the Jacobian of the stationary equations
└             and negative values for the Jacobian of the constraints.
┌ DiffOpt.NonLinearProgram | Info ] : Inertia correction needed. 
│             Attempting correction by adding diagonal matrix with positive values for the Jacobian of the stationary equations
└             and negative values for the Jacobian of the constraints.
┌ DiffOpt.NonLinearProgram | Info ] : Inertia correction needed. 
│             Attempting correction by adding diagonal matrix with positive values for the Jacobian of the stationary equations
└             and negative values for the Jacobian of the constraints.
┌ DiffOpt.NonLinearProgram | Info ] : Inertia correction needed. 
│             Attempting correction by adding diagonal matrix with positive values for the Jacobian of the stationary equations
└             and negative values for the Jacobian of the constraints.
┌ DiffOpt.NonLinearProgram | Info ] : Inertia correction needed. 
│             Attempting correction by adding diagonal matrix with positive values for the Jacobian of the stationary equations
└             and negative values for the Jacobian of the constraints.
┌ DiffOpt.NonLinearProgram | Info ] : Inertia correction needed. 
│             Attempting correction by adding diagonal matrix with positive values for the Jacobian of the stationary equations
└             and negative values for the Jacobian of the constraints.
[ Main | Info ] : [Gini formal CC] Jacobian is block-diagonal (max off-block-diag = 0.0)
[ Main | Info ] : [Gini formal CC] T=4, N=9, m=36 (indicator-constraint form, σ unbounded above)
[ Main | Info ] : [Gini formal CC] Solver status: OPTIMAL (solve_time=14.3s)
[ Main | Info ] : [gini/absolute] iter 16 upper-level status = OPTIMAL
[ Main | Info ] : [gini/absolute] iter 16 timings: int=0.0s lower=8.6s (primal=2.3s jac=6.3s) upper=14.3s total=22.9s
[ FairLoadDelivery | Info ] : Iteration 17: Solving multiperiod lower-level MLD with 36 per-period weights
┌ DiffOpt.NonLinearProgram | Info ] : Inertia correction needed. 
│             Attempting correction by adding diagonal matrix with positive values for the Jacobian of the stationary equations
└             and negative values for the Jacobian of the constraints.
┌ DiffOpt.NonLinearProgram | Info ] : Inertia correction needed. 
│             Attempting correction by adding diagonal matrix with positive values for the Jacobian of the stationary equations
└             and negative values for the Jacobian of the constraints.
┌ DiffOpt.NonLinearProgram | Info ] : Inertia correction needed. 
│             Attempting correction by adding diagonal matrix with positive values for the Jacobian of the stationary equations
└             and negative values for the Jacobian of the constraints.
┌ DiffOpt.NonLinearProgram | Info ] : Inertia correction needed. 
│             Attempting correction by adding diagonal matrix with positive values for the Jacobian of the stationary equations
└             and negative values for the Jacobian of the constraints.
┌ DiffOpt.NonLinearProgram | Info ] : Inertia correction needed. 
│             Attempting correction by adding diagonal matrix with positive values for the Jacobian of the stationary equations
└             and negative values for the Jacobian of the constraints.
┌ DiffOpt.NonLinearProgram | Info ] : Inertia correction needed. 
│             Attempting correction by adding diagonal matrix with positive values for the Jacobian of the stationary equations
└             and negative values for the Jacobian of the constraints.
┌ DiffOpt.NonLinearProgram | Info ] : Inertia correction needed. 
│             Attempting correction by adding diagonal matrix with positive values for the Jacobian of the stationary equations
└             and negative values for the Jacobian of the constraints.
┌ DiffOpt.NonLinearProgram | Info ] : Inertia correction needed. 
│             Attempting correction by adding diagonal matrix with positive values for the Jacobian of the stationary equations
└             and negative values for the Jacobian of the constraints.
┌ DiffOpt.NonLinearProgram | Info ] : Inertia correction needed. 
│             Attempting correction by adding diagonal matrix with positive values for the Jacobian of the stationary equations
└             and negative values for the Jacobian of the constraints.
┌ DiffOpt.NonLinearProgram | Info ] : Inertia correction needed. 
│             Attempting correction by adding diagonal matrix with positive values for the Jacobian of the stationary equations
└             and negative values for the Jacobian of the constraints.
┌ DiffOpt.NonLinearProgram | Info ] : Inertia correction needed. 
│             Attempting correction by adding diagonal matrix with positive values for the Jacobian of the stationary equations
└             and negative values for the Jacobian of the constraints.
┌ DiffOpt.NonLinearProgram | Info ] : Inertia correction needed. 
│             Attempting correction by adding diagonal matrix with positive values for the Jacobian of the stationary equations
└             and negative values for the Jacobian of the constraints.
┌ DiffOpt.NonLinearProgram | Info ] : Inertia correction needed. 
│             Attempting correction by adding diagonal matrix with positive values for the Jacobian of the stationary equations
└             and negative values for the Jacobian of the constraints.
┌ DiffOpt.NonLinearProgram | Info ] : Inertia correction needed. 
│             Attempting correction by adding diagonal matrix with positive values for the Jacobian of the stationary equations
└             and negative values for the Jacobian of the constraints.
┌ DiffOpt.NonLinearProgram | Info ] : Inertia correction needed. 
│             Attempting correction by adding diagonal matrix with positive values for the Jacobian of the stationary equations
└             and negative values for the Jacobian of the constraints.
┌ DiffOpt.NonLinearProgram | Info ] : Inertia correction needed. 
│             Attempting correction by adding diagonal matrix with positive values for the Jacobian of the stationary equations
└             and negative values for the Jacobian of the constraints.
┌ DiffOpt.NonLinearProgram | Info ] : Inertia correction needed. 
│             Attempting correction by adding diagonal matrix with positive values for the Jacobian of the stationary equations
└             and negative values for the Jacobian of the constraints.
┌ DiffOpt.NonLinearProgram | Info ] : Inertia correction needed. 
│             Attempting correction by adding diagonal matrix with positive values for the Jacobian of the stationary equations
└             and negative values for the Jacobian of the constraints.
┌ DiffOpt.NonLinearProgram | Info ] : Inertia correction needed. 
│             Attempting correction by adding diagonal matrix with positive values for the Jacobian of the stationary equations
└             and negative values for the Jacobian of the constraints.
┌ DiffOpt.NonLinearProgram | Info ] : Inertia correction needed. 
│             Attempting correction by adding diagonal matrix with positive values for the Jacobian of the stationary equations
└             and negative values for the Jacobian of the constraints.
┌ DiffOpt.NonLinearProgram | Info ] : Inertia correction needed. 
│             Attempting correction by adding diagonal matrix with positive values for the Jacobian of the stationary equations
└             and negative values for the Jacobian of the constraints.
┌ DiffOpt.NonLinearProgram | Info ] : Inertia correction needed. 
│             Attempting correction by adding diagonal matrix with positive values for the Jacobian of the stationary equations
└             and negative values for the Jacobian of the constraints.
┌ DiffOpt.NonLinearProgram | Info ] : Inertia correction needed. 
│             Attempting correction by adding diagonal matrix with positive values for the Jacobian of the stationary equations
└             and negative values for the Jacobian of the constraints.
┌ DiffOpt.NonLinearProgram | Info ] : Inertia correction needed. 
│             Attempting correction by adding diagonal matrix with positive values for the Jacobian of the stationary equations
└             and negative values for the Jacobian of the constraints.
┌ DiffOpt.NonLinearProgram | Info ] : Inertia correction needed. 
│             Attempting correction by adding diagonal matrix with positive values for the Jacobian of the stationary equations
└             and negative values for the Jacobian of the constraints.
┌ DiffOpt.NonLinearProgram | Info ] : Inertia correction needed. 
│             Attempting correction by adding diagonal matrix with positive values for the Jacobian of the stationary equations
└             and negative values for the Jacobian of the constraints.
┌ DiffOpt.NonLinearProgram | Info ] : Inertia correction needed. 
│             Attempting correction by adding diagonal matrix with positive values for the Jacobian of the stationary equations
└             and negative values for the Jacobian of the constraints.
┌ DiffOpt.NonLinearProgram | Info ] : Inertia correction needed. 
│             Attempting correction by adding diagonal matrix with positive values for the Jacobian of the stationary equations
└             and negative values for the Jacobian of the constraints.
┌ DiffOpt.NonLinearProgram | Info ] : Inertia correction needed. 
│             Attempting correction by adding diagonal matrix with positive values for the Jacobian of the stationary equations
└             and negative values for the Jacobian of the constraints.
┌ DiffOpt.NonLinearProgram | Info ] : Inertia correction needed. 
│             Attempting correction by adding diagonal matrix with positive values for the Jacobian of the stationary equations
└             and negative values for the Jacobian of the constraints.
┌ DiffOpt.NonLinearProgram | Info ] : Inertia correction needed. 
│             Attempting correction by adding diagonal matrix with positive values for the Jacobian of the stationary equations
└             and negative values for the Jacobian of the constraints.
┌ DiffOpt.NonLinearProgram | Info ] : Inertia correction needed. 
│             Attempting correction by adding diagonal matrix with positive values for the Jacobian of the stationary equations
└             and negative values for the Jacobian of the constraints.
┌ DiffOpt.NonLinearProgram | Info ] : Inertia correction needed. 
│             Attempting correction by adding diagonal matrix with positive values for the Jacobian of the stationary equations
└             and negative values for the Jacobian of the constraints.
┌ DiffOpt.NonLinearProgram | Info ] : Inertia correction needed. 
│             Attempting correction by adding diagonal matrix with positive values for the Jacobian of the stationary equations
└             and negative values for the Jacobian of the constraints.
┌ DiffOpt.NonLinearProgram | Info ] : Inertia correction needed. 
│             Attempting correction by adding diagonal matrix with positive values for the Jacobian of the stationary equations
└             and negative values for the Jacobian of the constraints.
┌ DiffOpt.NonLinearProgram | Info ] : Inertia correction needed. 
│             Attempting correction by adding diagonal matrix with positive values for the Jacobian of the stationary equations
└             and negative values for the Jacobian of the constraints.
[ Main | Info ] : [Gini formal CC] Jacobian is block-diagonal (max off-block-diag = 0.0)
[ Main | Info ] : [Gini formal CC] T=4, N=9, m=36 (indicator-constraint form, σ unbounded above)
[ Main | Info ] : [Gini formal CC] Solver status: OPTIMAL (solve_time=17.21s)
[ Main | Info ] : [gini/absolute] iter 17 upper-level status = OPTIMAL
[ Main | Info ] : [gini/absolute] iter 17 timings: int=0.0s lower=11.7s (primal=4.8s jac=6.9s) upper=17.2s total=29.0s
[ FairLoadDelivery | Info ] : Iteration 18: Solving multiperiod lower-level MLD with 36 per-period weights
┌ DiffOpt.NonLinearProgram | Info ] : Inertia correction needed. 
│             Attempting correction by adding diagonal matrix with positive values for the Jacobian of the stationary equations
└             and negative values for the Jacobian of the constraints.
┌ DiffOpt.NonLinearProgram | Info ] : Inertia correction needed. 
│             Attempting correction by adding diagonal matrix with positive values for the Jacobian of the stationary equations
└             and negative values for the Jacobian of the constraints.
┌ DiffOpt.NonLinearProgram | Info ] : Inertia correction needed. 
│             Attempting correction by adding diagonal matrix with positive values for the Jacobian of the stationary equations
└             and negative values for the Jacobian of the constraints.
┌ DiffOpt.NonLinearProgram | Info ] : Inertia correction needed. 
│             Attempting correction by adding diagonal matrix with positive values for the Jacobian of the stationary equations
└             and negative values for the Jacobian of the constraints.
┌ DiffOpt.NonLinearProgram | Info ] : Inertia correction needed. 
│             Attempting correction by adding diagonal matrix with positive values for the Jacobian of the stationary equations
└             and negative values for the Jacobian of the constraints.
┌ DiffOpt.NonLinearProgram | Info ] : Inertia correction needed. 
│             Attempting correction by adding diagonal matrix with positive values for the Jacobian of the stationary equations
└             and negative values for the Jacobian of the constraints.
┌ DiffOpt.NonLinearProgram | Info ] : Inertia correction needed. 
│             Attempting correction by adding diagonal matrix with positive values for the Jacobian of the stationary equations
└             and negative values for the Jacobian of the constraints.
┌ DiffOpt.NonLinearProgram | Info ] : Inertia correction needed. 
│             Attempting correction by adding diagonal matrix with positive values for the Jacobian of the stationary equations
└             and negative values for the Jacobian of the constraints.
┌ DiffOpt.NonLinearProgram | Info ] : Inertia correction needed. 
│             Attempting correction by adding diagonal matrix with positive values for the Jacobian of the stationary equations
└             and negative values for the Jacobian of the constraints.
┌ DiffOpt.NonLinearProgram | Info ] : Inertia correction needed. 
│             Attempting correction by adding diagonal matrix with positive values for the Jacobian of the stationary equations
└             and negative values for the Jacobian of the constraints.
┌ DiffOpt.NonLinearProgram | Info ] : Inertia correction needed. 
│             Attempting correction by adding diagonal matrix with positive values for the Jacobian of the stationary equations
└             and negative values for the Jacobian of the constraints.
┌ DiffOpt.NonLinearProgram | Info ] : Inertia correction needed. 
│             Attempting correction by adding diagonal matrix with positive values for the Jacobian of the stationary equations
└             and negative values for the Jacobian of the constraints.
┌ DiffOpt.NonLinearProgram | Info ] : Inertia correction needed. 
│             Attempting correction by adding diagonal matrix with positive values for the Jacobian of the stationary equations
└             and negative values for the Jacobian of the constraints.
┌ DiffOpt.NonLinearProgram | Info ] : Inertia correction needed. 
│             Attempting correction by adding diagonal matrix with positive values for the Jacobian of the stationary equations
└             and negative values for the Jacobian of the constraints.
┌ DiffOpt.NonLinearProgram | Info ] : Inertia correction needed. 
│             Attempting correction by adding diagonal matrix with positive values for the Jacobian of the stationary equations
└             and negative values for the Jacobian of the constraints.
┌ DiffOpt.NonLinearProgram | Info ] : Inertia correction needed. 
│             Attempting correction by adding diagonal matrix with positive values for the Jacobian of the stationary equations
└             and negative values for the Jacobian of the constraints.
┌ DiffOpt.NonLinearProgram | Info ] : Inertia correction needed. 
│             Attempting correction by adding diagonal matrix with positive values for the Jacobian of the stationary equations
└             and negative values for the Jacobian of the constraints.
┌ DiffOpt.NonLinearProgram | Info ] : Inertia correction needed. 
│             Attempting correction by adding diagonal matrix with positive values for the Jacobian of the stationary equations
└             and negative values for the Jacobian of the constraints.
┌ DiffOpt.NonLinearProgram | Info ] : Inertia correction needed. 
│             Attempting correction by adding diagonal matrix with positive values for the Jacobian of the stationary equations
└             and negative values for the Jacobian of the constraints.
┌ DiffOpt.NonLinearProgram | Info ] : Inertia correction needed. 
│             Attempting correction by adding diagonal matrix with positive values for the Jacobian of the stationary equations
└             and negative values for the Jacobian of the constraints.
┌ DiffOpt.NonLinearProgram | Info ] : Inertia correction needed. 
│             Attempting correction by adding diagonal matrix with positive values for the Jacobian of the stationary equations
└             and negative values for the Jacobian of the constraints.
┌ DiffOpt.NonLinearProgram | Info ] : Inertia correction needed. 
│             Attempting correction by adding diagonal matrix with positive values for the Jacobian of the stationary equations
└             and negative values for the Jacobian of the constraints.
┌ DiffOpt.NonLinearProgram | Info ] : Inertia correction needed. 
│             Attempting correction by adding diagonal matrix with positive values for the Jacobian of the stationary equations
└             and negative values for the Jacobian of the constraints.
┌ DiffOpt.NonLinearProgram | Info ] : Inertia correction needed. 
│             Attempting correction by adding diagonal matrix with positive values for the Jacobian of the stationary equations
└             and negative values for the Jacobian of the constraints.
┌ DiffOpt.NonLinearProgram | Info ] : Inertia correction needed. 
│             Attempting correction by adding diagonal matrix with positive values for the Jacobian of the stationary equations
└             and negative values for the Jacobian of the constraints.
┌ DiffOpt.NonLinearProgram | Info ] : Inertia correction needed. 
│             Attempting correction by adding diagonal matrix with positive values for the Jacobian of the stationary equations
└             and negative values for the Jacobian of the constraints.
┌ DiffOpt.NonLinearProgram | Info ] : Inertia correction needed. 
│             Attempting correction by adding diagonal matrix with positive values for the Jacobian of the stationary equations
└             and negative values for the Jacobian of the constraints.
┌ DiffOpt.NonLinearProgram | Info ] : Inertia correction needed. 
│             Attempting correction by adding diagonal matrix with positive values for the Jacobian of the stationary equations
└             and negative values for the Jacobian of the constraints.
┌ DiffOpt.NonLinearProgram | Info ] : Inertia correction needed. 
│             Attempting correction by adding diagonal matrix with positive values for the Jacobian of the stationary equations
└             and negative values for the Jacobian of the constraints.
┌ DiffOpt.NonLinearProgram | Info ] : Inertia correction needed. 
│             Attempting correction by adding diagonal matrix with positive values for the Jacobian of the stationary equations
└             and negative values for the Jacobian of the constraints.
┌ DiffOpt.NonLinearProgram | Info ] : Inertia correction needed. 
│             Attempting correction by adding diagonal matrix with positive values for the Jacobian of the stationary equations
└             and negative values for the Jacobian of the constraints.
┌ DiffOpt.NonLinearProgram | Info ] : Inertia correction needed. 
│             Attempting correction by adding diagonal matrix with positive values for the Jacobian of the stationary equations
└             and negative values for the Jacobian of the constraints.
┌ DiffOpt.NonLinearProgram | Info ] : Inertia correction needed. 
│             Attempting correction by adding diagonal matrix with positive values for the Jacobian of the stationary equations
└             and negative values for the Jacobian of the constraints.
┌ DiffOpt.NonLinearProgram | Info ] : Inertia correction needed. 
│             Attempting correction by adding diagonal matrix with positive values for the Jacobian of the stationary equations
└             and negative values for the Jacobian of the constraints.
┌ DiffOpt.NonLinearProgram | Info ] : Inertia correction needed. 
│             Attempting correction by adding diagonal matrix with positive values for the Jacobian of the stationary equations
└             and negative values for the Jacobian of the constraints.
┌ DiffOpt.NonLinearProgram | Info ] : Inertia correction needed. 
│             Attempting correction by adding diagonal matrix with positive values for the Jacobian of the stationary equations
└             and negative values for the Jacobian of the constraints.
[ Main | Info ] : [Gini formal CC] Jacobian is block-diagonal (max off-block-diag = 0.0)
[ Main | Info ] : [Gini formal CC] T=4, N=9, m=36 (indicator-constraint form, σ unbounded above)
[ Main | Info ] : [Gini formal CC] Solver status: OPTIMAL (solve_time=10.73s)
[ Main | Info ] : [gini/absolute] iter 18 upper-level status = OPTIMAL
[ Main | Info ] : [gini/absolute] iter 18 timings: int=0.0s lower=8.3s (primal=2.0s jac=6.2s) upper=10.7s total=19.1s
[ FairLoadDelivery | Info ] : Iteration 19: Solving multiperiod lower-level MLD with 36 per-period weights
┌ DiffOpt.NonLinearProgram | Info ] : Inertia correction needed. 
│             Attempting correction by adding diagonal matrix with positive values for the Jacobian of the stationary equations
└             and negative values for the Jacobian of the constraints.
┌ DiffOpt.NonLinearProgram | Info ] : Inertia correction needed. 
│             Attempting correction by adding diagonal matrix with positive values for the Jacobian of the stationary equations
└             and negative values for the Jacobian of the constraints.
┌ DiffOpt.NonLinearProgram | Info ] : Inertia correction needed. 
│             Attempting correction by adding diagonal matrix with positive values for the Jacobian of the stationary equations
└             and negative values for the Jacobian of the constraints.
┌ DiffOpt.NonLinearProgram | Info ] : Inertia correction needed. 
│             Attempting correction by adding diagonal matrix with positive values for the Jacobian of the stationary equations
└             and negative values for the Jacobian of the constraints.
┌ DiffOpt.NonLinearProgram | Info ] : Inertia correction needed. 
│             Attempting correction by adding diagonal matrix with positive values for the Jacobian of the stationary equations
└             and negative values for the Jacobian of the constraints.
┌ DiffOpt.NonLinearProgram | Info ] : Inertia correction needed. 
│             Attempting correction by adding diagonal matrix with positive values for the Jacobian of the stationary equations
└             and negative values for the Jacobian of the constraints.
┌ DiffOpt.NonLinearProgram | Info ] : Inertia correction needed. 
│             Attempting correction by adding diagonal matrix with positive values for the Jacobian of the stationary equations
└             and negative values for the Jacobian of the constraints.
┌ DiffOpt.NonLinearProgram | Info ] : Inertia correction needed. 
│             Attempting correction by adding diagonal matrix with positive values for the Jacobian of the stationary equations
└             and negative values for the Jacobian of the constraints.
┌ DiffOpt.NonLinearProgram | Info ] : Inertia correction needed. 
│             Attempting correction by adding diagonal matrix with positive values for the Jacobian of the stationary equations
└             and negative values for the Jacobian of the constraints.
┌ DiffOpt.NonLinearProgram | Info ] : Inertia correction needed. 
│             Attempting correction by adding diagonal matrix with positive values for the Jacobian of the stationary equations
└             and negative values for the Jacobian of the constraints.
┌ DiffOpt.NonLinearProgram | Info ] : Inertia correction needed. 
│             Attempting correction by adding diagonal matrix with positive values for the Jacobian of the stationary equations
└             and negative values for the Jacobian of the constraints.
┌ DiffOpt.NonLinearProgram | Info ] : Inertia correction needed. 
│             Attempting correction by adding diagonal matrix with positive values for the Jacobian of the stationary equations
└             and negative values for the Jacobian of the constraints.
┌ DiffOpt.NonLinearProgram | Info ] : Inertia correction needed. 
│             Attempting correction by adding diagonal matrix with positive values for the Jacobian of the stationary equations
└             and negative values for the Jacobian of the constraints.
┌ DiffOpt.NonLinearProgram | Info ] : Inertia correction needed. 
│             Attempting correction by adding diagonal matrix with positive values for the Jacobian of the stationary equations
└             and negative values for the Jacobian of the constraints.
┌ DiffOpt.NonLinearProgram | Info ] : Inertia correction needed. 
│             Attempting correction by adding diagonal matrix with positive values for the Jacobian of the stationary equations
└             and negative values for the Jacobian of the constraints.
┌ DiffOpt.NonLinearProgram | Info ] : Inertia correction needed. 
│             Attempting correction by adding diagonal matrix with positive values for the Jacobian of the stationary equations
└             and negative values for the Jacobian of the constraints.
┌ DiffOpt.NonLinearProgram | Info ] : Inertia correction needed. 
│             Attempting correction by adding diagonal matrix with positive values for the Jacobian of the stationary equations
└             and negative values for the Jacobian of the constraints.
┌ DiffOpt.NonLinearProgram | Info ] : Inertia correction needed. 
│             Attempting correction by adding diagonal matrix with positive values for the Jacobian of the stationary equations
└             and negative values for the Jacobian of the constraints.
┌ DiffOpt.NonLinearProgram | Info ] : Inertia correction needed. 
│             Attempting correction by adding diagonal matrix with positive values for the Jacobian of the stationary equations
└             and negative values for the Jacobian of the constraints.
┌ DiffOpt.NonLinearProgram | Info ] : Inertia correction needed. 
│             Attempting correction by adding diagonal matrix with positive values for the Jacobian of the stationary equations
└             and negative values for the Jacobian of the constraints.
┌ DiffOpt.NonLinearProgram | Info ] : Inertia correction needed. 
│             Attempting correction by adding diagonal matrix with positive values for the Jacobian of the stationary equations
└             and negative values for the Jacobian of the constraints.
┌ DiffOpt.NonLinearProgram | Info ] : Inertia correction needed. 
│             Attempting correction by adding diagonal matrix with positive values for the Jacobian of the stationary equations
└             and negative values for the Jacobian of the constraints.
┌ DiffOpt.NonLinearProgram | Info ] : Inertia correction needed. 
│             Attempting correction by adding diagonal matrix with positive values for the Jacobian of the stationary equations
└             and negative values for the Jacobian of the constraints.
┌ DiffOpt.NonLinearProgram | Info ] : Inertia correction needed. 
│             Attempting correction by adding diagonal matrix with positive values for the Jacobian of the stationary equations
└             and negative values for the Jacobian of the constraints.
┌ DiffOpt.NonLinearProgram | Info ] : Inertia correction needed. 
│             Attempting correction by adding diagonal matrix with positive values for the Jacobian of the stationary equations
└             and negative values for the Jacobian of the constraints.
Set parameter Username
Set parameter LicenseID to value 2813843
Academic license - for non-commercial use only - expires 2027-04-27
Set parameter Username
Set parameter LicenseID to value 2813843
Academic license - for non-commercial use only - expires 2027-04-27

======================================================================
  VALIDATION: Step 1: Network + Multinetwork Setup
======================================================================
Load profile assignments for case6_unbalanced_switch_more_meshed_good4integer:
  (name = "l5", bus = 1, n_phases = 1, balanced = true, phases = [(1, -1)])
  (name = "l6", bus = 1, n_phases = 1, balanced = true, phases = [(1, 1)])
  (name = "l7", bus = 1, n_phases = 1, balanced = true, phases = [(1, 0)])
  (name = "l1", bus = 4, n_phases = 1, balanced = true, phases = [(1, -1)])
  (name = "l2", bus = 4, n_phases = 1, balanced = true, phases = [(3, -1)])
  (name = "l3", bus = 4, n_phases = 1, balanced = true, phases = [(2, 0)])
  (name = "l4", bus = 5, n_phases = 1, balanced = true, phases = [(2, 0)])
  (name = "l9", bus = 6, n_phases = 3, balanced = true, phases = [(1, 1), (1, -1), (1, 0)])
  (name = "l8", bus = 7, n_phases = 3, balanced = true, phases = [(2, -1), (2, 0), (2, 1)])

======================================================================
  VALIDATION: Step 2: Bilevel Iterations (gini, absolute, 20 iters)
======================================================================

  --- Iteration 1 ---
Building multiperiod implicit diff FLDP with 4 periods...
  Building period 0...
  Building period 1...
  Building period 2...
  Building period 3...
    Σ pshed (lower) = 57.64   Σ pshed (upper) = 57.55

  --- Iteration 2 ---
Building multiperiod implicit diff FLDP with 4 periods...
  Building period 0...
  Building period 1...
  Building period 2...
  Building period 3...
    Σ pshed (lower) = 58.227   Σ pshed (upper) = 60.344

  --- Iteration 3 ---
Building multiperiod implicit diff FLDP with 4 periods...
  Building period 0...
  Building period 1...
  Building period 2...
  Building period 3...
    Σ pshed (lower) = 60.34   Σ pshed (upper) = 60.343

  --- Iteration 4 ---
Building multiperiod implicit diff FLDP with 4 periods...
  Building period 0...
  Building period 1...
  Building period 2...
  Building period 3...
    Σ pshed (lower) = 62.167   Σ pshed (upper) = 60.322

  --- Iteration 5 ---
Building multiperiod implicit diff FLDP with 4 periods...
  Building period 0...
  Building period 1...
  Building period 2...
  Building period 3...
    Σ pshed (lower) = 61.355   Σ pshed (upper) = 56.824

  --- Iteration 6 ---
Building multiperiod implicit diff FLDP with 4 periods...
  Building period 0...
  Building period 1...
  Building period 2...
  Building period 3...
    Σ pshed (lower) = 64.068   Σ pshed (upper) = 64.068

  --- Iteration 7 ---
Building multiperiod implicit diff FLDP with 4 periods...
  Building period 0...
  Building period 1...
  Building period 2...
  Building period 3...
    Σ pshed (lower) = 66.66   Σ pshed (upper) = 56.802

  --- Iteration 8 ---
Building multiperiod implicit diff FLDP with 4 periods...
  Building period 0...
  Building period 1...
  Building period 2...
  Building period 3...
    Σ pshed (lower) = 60.343   Σ pshed (upper) = 60.342

  --- Iteration 9 ---
Building multiperiod implicit diff FLDP with 4 periods...
  Building period 0...
  Building period 1...
  Building period 2...
  Building period 3...
    Σ pshed (lower) = 69.054   Σ pshed (upper) = 60.549

  --- Iteration 10 ---
Building multiperiod implicit diff FLDP with 4 periods...
  Building period 0...
  Building period 1...
  Building period 2...
  Building period 3...
    Σ pshed (lower) = 63.322   Σ pshed (upper) = 60.321

  --- Iteration 11 ---
Building multiperiod implicit diff FLDP with 4 periods...
  Building period 0...
  Building period 1...
  Building period 2...
  Building period 3...
    Σ pshed (lower) = 65.328   Σ pshed (upper) = 56.822

  --- Iteration 12 ---
Building multiperiod implicit diff FLDP with 4 periods...
  Building period 0...
  Building period 1...
  Building period 2...
  Building period 3...
    Σ pshed (lower) = 64.068   Σ pshed (upper) = 64.068

  --- Iteration 13 ---
Building multiperiod implicit diff FLDP with 4 periods...
  Building period 0...
  Building period 1...
  Building period 2...
  Building period 3...
    Σ pshed (lower) = 68.308   Σ pshed (upper) = 56.801

  --- Iteration 14 ---
Building multiperiod implicit diff FLDP with 4 periods...
  Building period 0...
  Building period 1...
  Building period 2...
  Building period 3...
    Σ pshed (lower) = 60.343   Σ pshed (upper) = 60.342

  --- Iteration 15 ---
Building multiperiod implicit diff FLDP with 4 periods...
  Building period 0...
  Building period 1...
  Building period 2...
  Building period 3...
    Σ pshed (lower) = 69.057   Σ pshed (upper) = 60.549

  --- Iteration 16 ---
Building multiperiod implicit diff FLDP with 4 periods...
  Building period 0...
  Building period 1...
  Building period 2...
  Building period 3...
    Σ pshed (lower) = 63.323   Σ pshed (upper) = 60.321

  --- Iteration 17 ---
Building multiperiod implicit diff FLDP with 4 periods...
  Building period 0...
  Building period 1...
  Building period 2...
  Building period 3...
    Σ pshed (lower) = 65.331   Σ pshed (upper) = 56.823

  --- Iteration 18 ---
Building multiperiod implicit diff FLDP with 4 periods...
  Building period 0...
  Building period 1...
  Building period 2...
  Building period 3...
    Σ pshed (lower) = 64.068   Σ pshed (upper) = 64.068

  --- Iteration 19 ---
Building multiperiod implicit diff FLDP with 4 periods...
  Building period 0...
  Building period 1...
  Building period 2...
  Building period 3...
    Σ pshed (lower) = 68.311   Σ pshed (upper) = 56.801

  --- Iteration 20 ---
Building multiperiod implicit diff FLDP with 4 periods...
  Building period 0...
  Building period 1...
  Building period 2...
  Building period 3...
    Σ pshed (lower) = 60.343   Σ pshed (upper) = 60.342

======================================================================
  VALIDATION: Step 3: Final relaxed multi-period MLD with updated weights
======================================================================
Building multiperiod implicit diff FLDP with 4 periods...
  Building period 0...
  Building period 1...
  Building period 2...
  Building period 3...
[warn | InfrastructureModels]: Model already contains optimizer, cannot use optimizer specified in `optimize_model!`
┌ DiffOpt.NonLinearProgram | Info ] : Inertia correction needed. 
│             Attempting correction by adding diagonal matrix with positive values for the Jacobian of the stationary equations
└             and negative values for the Jacobian of the constraints.
┌ DiffOpt.NonLinearProgram | Info ] : Inertia correction needed. 
│             Attempting correction by adding diagonal matrix with positive values for the Jacobian of the stationary equations
└             and negative values for the Jacobian of the constraints.
┌ DiffOpt.NonLinearProgram | Info ] : Inertia correction needed. 
│             Attempting correction by adding diagonal matrix with positive values for the Jacobian of the stationary equations
└             and negative values for the Jacobian of the constraints.
┌ DiffOpt.NonLinearProgram | Info ] : Inertia correction needed. 
│             Attempting correction by adding diagonal matrix with positive values for the Jacobian of the stationary equations
└             and negative values for the Jacobian of the constraints.
┌ DiffOpt.NonLinearProgram | Info ] : Inertia correction needed. 
│             Attempting correction by adding diagonal matrix with positive values for the Jacobian of the stationary equations
└             and negative values for the Jacobian of the constraints.
┌ DiffOpt.NonLinearProgram | Info ] : Inertia correction needed. 
│             Attempting correction by adding diagonal matrix with positive values for the Jacobian of the stationary equations
└             and negative values for the Jacobian of the constraints.
┌ DiffOpt.NonLinearProgram | Info ] : Inertia correction needed. 
│             Attempting correction by adding diagonal matrix with positive values for the Jacobian of the stationary equations
└             and negative values for the Jacobian of the constraints.
┌ DiffOpt.NonLinearProgram | Info ] : Inertia correction needed. 
│             Attempting correction by adding diagonal matrix with positive values for the Jacobian of the stationary equations
└             and negative values for the Jacobian of the constraints.
┌ DiffOpt.NonLinearProgram | Info ] : Inertia correction needed. 
│             Attempting correction by adding diagonal matrix with positive values for the Jacobian of the stationary equations
└             and negative values for the Jacobian of the constraints.
┌ DiffOpt.NonLinearProgram | Info ] : Inertia correction needed. 
│             Attempting correction by adding diagonal matrix with positive values for the Jacobian of the stationary equations
└             and negative values for the Jacobian of the constraints.
┌ DiffOpt.NonLinearProgram | Info ] : Inertia correction needed. 
│             Attempting correction by adding diagonal matrix with positive values for the Jacobian of the stationary equations
└             and negative values for the Jacobian of the constraints.
[ Main | Info ] : [Gini formal CC] Jacobian is block-diagonal (max off-block-diag = 0.0)
[ Main | Info ] : [Gini formal CC] T=4, N=9, m=36 (indicator-constraint form, σ unbounded above)
[ Main | Info ] : [Gini formal CC] Solver status: OPTIMAL (solve_time=20.83s)
[ Main | Info ] : [gini/absolute] iter 19 upper-level status = OPTIMAL
[ Main | Info ] : [gini/absolute] iter 19 timings: int=0.0s lower=13.0s (primal=5.9s jac=7.0s) upper=20.8s total=33.8s
[ FairLoadDelivery | Info ] : Iteration 20: Solving multiperiod lower-level MLD with 36 per-period weights
┌ DiffOpt.NonLinearProgram | Info ] : Inertia correction needed. 
│             Attempting correction by adding diagonal matrix with positive values for the Jacobian of the stationary equations
└             and negative values for the Jacobian of the constraints.
┌ DiffOpt.NonLinearProgram | Info ] : Inertia correction needed. 
│             Attempting correction by adding diagonal matrix with positive values for the Jacobian of the stationary equations
└             and negative values for the Jacobian of the constraints.
┌ DiffOpt.NonLinearProgram | Info ] : Inertia correction needed. 
│             Attempting correction by adding diagonal matrix with positive values for the Jacobian of the stationary equations
└             and negative values for the Jacobian of the constraints.
┌ DiffOpt.NonLinearProgram | Info ] : Inertia correction needed. 
│             Attempting correction by adding diagonal matrix with positive values for the Jacobian of the stationary equations
└             and negative values for the Jacobian of the constraints.
┌ DiffOpt.NonLinearProgram | Info ] : Inertia correction needed. 
│             Attempting correction by adding diagonal matrix with positive values for the Jacobian of the stationary equations
└             and negative values for the Jacobian of the constraints.
┌ DiffOpt.NonLinearProgram | Info ] : Inertia correction needed. 
│             Attempting correction by adding diagonal matrix with positive values for the Jacobian of the stationary equations
└             and negative values for the Jacobian of the constraints.
┌ DiffOpt.NonLinearProgram | Info ] : Inertia correction needed. 
│             Attempting correction by adding diagonal matrix with positive values for the Jacobian of the stationary equations
└             and negative values for the Jacobian of the constraints.
┌ DiffOpt.NonLinearProgram | Info ] : Inertia correction needed. 
│             Attempting correction by adding diagonal matrix with positive values for the Jacobian of the stationary equations
└             and negative values for the Jacobian of the constraints.
┌ DiffOpt.NonLinearProgram | Info ] : Inertia correction needed. 
│             Attempting correction by adding diagonal matrix with positive values for the Jacobian of the stationary equations
└             and negative values for the Jacobian of the constraints.
┌ DiffOpt.NonLinearProgram | Info ] : Inertia correction needed. 
│             Attempting correction by adding diagonal matrix with positive values for the Jacobian of the stationary equations
└             and negative values for the Jacobian of the constraints.
┌ DiffOpt.NonLinearProgram | Info ] : Inertia correction needed. 
│             Attempting correction by adding diagonal matrix with positive values for the Jacobian of the stationary equations
└             and negative values for the Jacobian of the constraints.
┌ DiffOpt.NonLinearProgram | Info ] : Inertia correction needed. 
│             Attempting correction by adding diagonal matrix with positive values for the Jacobian of the stationary equations
└             and negative values for the Jacobian of the constraints.
┌ DiffOpt.NonLinearProgram | Info ] : Inertia correction needed. 
│             Attempting correction by adding diagonal matrix with positive values for the Jacobian of the stationary equations
└             and negative values for the Jacobian of the constraints.
┌ DiffOpt.NonLinearProgram | Info ] : Inertia correction needed. 
│             Attempting correction by adding diagonal matrix with positive values for the Jacobian of the stationary equations
└             and negative values for the Jacobian of the constraints.
┌ DiffOpt.NonLinearProgram | Info ] : Inertia correction needed. 
│             Attempting correction by adding diagonal matrix with positive values for the Jacobian of the stationary equations
└             and negative values for the Jacobian of the constraints.
┌ DiffOpt.NonLinearProgram | Info ] : Inertia correction needed. 
│             Attempting correction by adding diagonal matrix with positive values for the Jacobian of the stationary equations
└             and negative values for the Jacobian of the constraints.
┌ DiffOpt.NonLinearProgram | Info ] : Inertia correction needed. 
│             Attempting correction by adding diagonal matrix with positive values for the Jacobian of the stationary equations
└             and negative values for the Jacobian of the constraints.
┌ DiffOpt.NonLinearProgram | Info ] : Inertia correction needed. 
│             Attempting correction by adding diagonal matrix with positive values for the Jacobian of the stationary equations
└             and negative values for the Jacobian of the constraints.
┌ DiffOpt.NonLinearProgram | Info ] : Inertia correction needed. 
│             Attempting correction by adding diagonal matrix with positive values for the Jacobian of the stationary equations
└             and negative values for the Jacobian of the constraints.
┌ DiffOpt.NonLinearProgram | Info ] : Inertia correction needed. 
│             Attempting correction by adding diagonal matrix with positive values for the Jacobian of the stationary equations
└             and negative values for the Jacobian of the constraints.
┌ DiffOpt.NonLinearProgram | Info ] : Inertia correction needed. 
│             Attempting correction by adding diagonal matrix with positive values for the Jacobian of the stationary equations
└             and negative values for the Jacobian of the constraints.
┌ DiffOpt.NonLinearProgram | Info ] : Inertia correction needed. 
│             Attempting correction by adding diagonal matrix with positive values for the Jacobian of the stationary equations
└             and negative values for the Jacobian of the constraints.
┌ DiffOpt.NonLinearProgram | Info ] : Inertia correction needed. 
│             Attempting correction by adding diagonal matrix with positive values for the Jacobian of the stationary equations
└             and negative values for the Jacobian of the constraints.
┌ DiffOpt.NonLinearProgram | Info ] : Inertia correction needed. 
│             Attempting correction by adding diagonal matrix with positive values for the Jacobian of the stationary equations
└             and negative values for the Jacobian of the constraints.
┌ DiffOpt.NonLinearProgram | Info ] : Inertia correction needed. 
│             Attempting correction by adding diagonal matrix with positive values for the Jacobian of the stationary equations
└             and negative values for the Jacobian of the constraints.
┌ DiffOpt.NonLinearProgram | Info ] : Inertia correction needed. 
│             Attempting correction by adding diagonal matrix with positive values for the Jacobian of the stationary equations
└             and negative values for the Jacobian of the constraints.
┌ DiffOpt.NonLinearProgram | Info ] : Inertia correction needed. 
│             Attempting correction by adding diagonal matrix with positive values for the Jacobian of the stationary equations
└             and negative values for the Jacobian of the constraints.
┌ DiffOpt.NonLinearProgram | Info ] : Inertia correction needed. 
│             Attempting correction by adding diagonal matrix with positive values for the Jacobian of the stationary equations
└             and negative values for the Jacobian of the constraints.
┌ DiffOpt.NonLinearProgram | Info ] : Inertia correction needed. 
│             Attempting correction by adding diagonal matrix with positive values for the Jacobian of the stationary equations
└             and negative values for the Jacobian of the constraints.
┌ DiffOpt.NonLinearProgram | Info ] : Inertia correction needed. 
│             Attempting correction by adding diagonal matrix with positive values for the Jacobian of the stationary equations
└             and negative values for the Jacobian of the constraints.
┌ DiffOpt.NonLinearProgram | Info ] : Inertia correction needed. 
│             Attempting correction by adding diagonal matrix with positive values for the Jacobian of the stationary equations
└             and negative values for the Jacobian of the constraints.
┌ DiffOpt.NonLinearProgram | Info ] : Inertia correction needed. 
│             Attempting correction by adding diagonal matrix with positive values for the Jacobian of the stationary equations
└             and negative values for the Jacobian of the constraints.
┌ DiffOpt.NonLinearProgram | Info ] : Inertia correction needed. 
│             Attempting correction by adding diagonal matrix with positive values for the Jacobian of the stationary equations
└             and negative values for the Jacobian of the constraints.
┌ DiffOpt.NonLinearProgram | Info ] : Inertia correction needed. 
│             Attempting correction by adding diagonal matrix with positive values for the Jacobian of the stationary equations
└             and negative values for the Jacobian of the constraints.
┌ DiffOpt.NonLinearProgram | Info ] : Inertia correction needed. 
│             Attempting correction by adding diagonal matrix with positive values for the Jacobian of the stationary equations
└             and negative values for the Jacobian of the constraints.
┌ DiffOpt.NonLinearProgram | Info ] : Inertia correction needed. 
│             Attempting correction by adding diagonal matrix with positive values for the Jacobian of the stationary equations
└             and negative values for the Jacobian of the constraints.
[ Main | Info ] : [Gini formal CC] Jacobian is block-diagonal (max off-block-diag = 0.0)
[ Main | Info ] : [Gini formal CC] T=4, N=9, m=36 (indicator-constraint form, σ unbounded above)
[ Main | Info ] : [Gini formal CC] Solver status: OPTIMAL (solve_time=12.32s)
[ Main | Info ] : [gini/absolute] iter 20 upper-level status = OPTIMAL
[ Main | Info ] : [gini/absolute] iter 20 timings: int=0.0s lower=9.0s (primal=2.4s jac=6.6s) upper=12.3s total=21.4s
[ Main | Info ] : relaxed multi-period termination: LOCALLY_INFEASIBLE (converged=false)
┌ Main | Warning ] : [gini/absolute] Step 3 final relaxed multi-period MLD did not converge (status LOCALLY_INFEASIBLE). Skipping Steps 4–6 (rounding, AC PF, results block) — saving FALLBACK JLD2 from last completed bilevel iter.
└ @ Main C:\Users\awest\github\FairLoadDelivery\script\bilevel_validation\run_validation_mn.jl:595
Wrote results/2026-06-04/bilevel_validation_mn/case6_unbalanced_switch_more_meshed_good4integer/gini_absolute\step3_aborted.txt
FALLBACK bilevel JLD2 saved → results/2026-06-04/bilevel_validation_mn/case6_unbalanced_switch_more_meshed_good4integer/gini_absolute\bilevel_mn_case6_unbalanced_switch_more_meshed_good4integer_gini_absolute.jld2  (Step 3 NOT converged, matrix is iter-N relaxed pshed_val from inside the bilevel loop)

Multi-period validation halted at Step 3.
