Iteration,Total_Load_Shed,Lower_Level_Load_Shed,Upper_Level_Load_Shed
1,1732.9999827566567,1732.9999827566567,1732.991861274372
