Iteration,Total_Load_Shed,Lower_Level_Load_Shed,Upper_Level_Load_Shed
1,2223.1262258987435,2223.1262258987435,33746.93960238687
