[Mon, May 18, 2026  1:57:58 PM] Starting motivation_c T=8 formal-CC (indicator) bilevel...

******************************************************************************
This program contains Ipopt, a library for large-scale nonlinear optimization.
 Ipopt is released as open source code under the Eclipse Public License (EPL).
         For more information visit https://github.com/coin-or/Ipopt
******************************************************************************

Precompiling packages...
  29487.0 ms  ✓ FairLoadDelivery
  1 dependency successfully precompiled in 63 seconds. 401 already precompiled.
[ Main | Info ] : Logging to results/2026-05-18/bilevel_validation_mn/motivation_c_good4integer_formalcc/palma_absolute\run_validation_mn.log (formalcc Palma variant)
[ PowerModelsDistribution | Info ] : Circuit has been reset with the 'clear' on line 1 in 'motivation_c_good4integer.dss'
[ PowerModelsDistribution | Info ] : Command 'calcv' on line 155 in 'motivation_c_good4integer.dss' is not supported, skipping.
[ PowerModelsDistribution | Info ] : Command 'solve' on line 173 in 'motivation_c_good4integer.dss' is not supported, skipping.
[ PowerModelsDistribution | Info ] : Command 'show' on line 177 in 'motivation_c_good4integer.dss' is not supported, skipping.
[ PowerModelsDistribution | Info ] : Command 'show' on line 178 in 'motivation_c_good4integer.dss' is not supported, skipping.
[ PowerModelsDistribution | Info ] : Command 'show' on line 179 in 'motivation_c_good4integer.dss' is not supported, skipping.
[ PowerModelsDistribution | Info ] : Command 'show' on line 180 in 'motivation_c_good4integer.dss' is not supported, skipping.
[ PowerModelsDistribution | Info ] : Command 'show' on line 181 in 'motivation_c_good4integer.dss' is not supported, skipping.
[ PowerModelsDistribution | Info ] : Command 'addbusmarker' on line 186 in 'motivation_c_good4integer.dss' is not supported, skipping.
[ PowerModelsDistribution | Info ] : Command 'plot' on line 187 in 'motivation_c_good4integer.dss' is not supported, skipping.
[ PowerModelsDistribution | Info ] : Command 'plot' on line 188 in 'motivation_c_good4integer.dss' is not supported, skipping.
[ PowerModelsDistribution | Info ] : Command 'clearbusmarkers' on line 189 in 'motivation_c_good4integer.dss' is not supported, skipping.
[ Main | Info ] : N_PERIODS=8, hours=[4, 6, 8, 12, 15, 18, 20, 22], agg_scales=[0.8191110004975437, 0.96617001495346, 1.0079954441340762, 1.0267612463030686, 1.0790400617587135, 1.24949212222518, 1.1550925412309383, 0.9581321466610027], peak_stress=1.0, λ=[5.0, 5.0, 5.01, 6.4, 17.17, 30.0, 23.15, 11.95]
[ Main | Info ] : Built multinetwork with 8 periods, 16 loads per period (profiled)
[ FairLoadDelivery | Info ] : Iteration 1: Solving multiperiod lower-level MLD with initial parameter values from ref
┌ DiffOpt.NonLinearProgram | Info ] : Inertia correction needed. 
│             Attempting correction by adding diagonal matrix with positive values for the Jacobian of the stationary equations
└             and negative values for the Jacobian of the constraints.
┌ DiffOpt.NonLinearProgram | Info ] : Inertia correction needed. 
│             Attempting correction by adding diagonal matrix with positive values for the Jacobian of the stationary equations
└             and negative values for the Jacobian of the constraints.
┌ DiffOpt.NonLinearProgram | Info ] : Inertia correction needed. 
│             Attempting correction by adding diagonal matrix with positive values for the Jacobian of the stationary equations
└             and negative values for the Jacobian of the constraints.
┌ DiffOpt.NonLinearProgram | Info ] : Inertia correction needed. 
│             Attempting correction by adding diagonal matrix with positive values for the Jacobian of the stationary equations
└             and negative values for the Jacobian of the constraints.
┌ DiffOpt.NonLinearProgram | Info ] : Inertia correction needed. 
│             Attempting correction by adding diagonal matrix with positive values for the Jacobian of the stationary equations
└             and negative values for the Jacobian of the constraints.
┌ DiffOpt.NonLinearProgram | Info ] : Inertia correction needed. 
│             Attempting correction by adding diagonal matrix with positive values for the Jacobian of the stationary equations
└             and negative values for the Jacobian of the constraints.
┌ DiffOpt.NonLinearProgram | Info ] : Inertia correction needed. 
│             Attempting correction by adding diagonal matrix with positive values for the Jacobian of the stationary equations
└             and negative values for the Jacobian of the constraints.
┌ DiffOpt.NonLinearProgram | Info ] : Inertia correction needed. 
│             Attempting correction by adding diagonal matrix with positive values for the Jacobian of the stationary equations
└             and negative values for the Jacobian of the constraints.
┌ DiffOpt.NonLinearProgram | Info ] : Inertia correction needed. 
│             Attempting correction by adding diagonal matrix with positive values for the Jacobian of the stationary equations
└             and negative values for the Jacobian of the constraints.
┌ DiffOpt.NonLinearProgram | Info ] : Inertia correction needed. 
│             Attempting correction by adding diagonal matrix with positive values for the Jacobian of the stationary equations
└             and negative values for the Jacobian of the constraints.
┌ DiffOpt.NonLinearProgram | Info ] : Inertia correction needed. 
│             Attempting correction by adding diagonal matrix with positive values for the Jacobian of the stationary equations
└             and negative values for the Jacobian of the constraints.
┌ DiffOpt.NonLinearProgram | Info ] : Inertia correction needed. 
│             Attempting correction by adding diagonal matrix with positive values for the Jacobian of the stationary equations
└             and negative values for the Jacobian of the constraints.
┌ DiffOpt.NonLinearProgram | Info ] : Inertia correction needed. 
│             Attempting correction by adding diagonal matrix with positive values for the Jacobian of the stationary equations
└             and negative values for the Jacobian of the constraints.
┌ DiffOpt.NonLinearProgram | Info ] : Inertia correction needed. 
│             Attempting correction by adding diagonal matrix with positive values for the Jacobian of the stationary equations
└             and negative values for the Jacobian of the constraints.
┌ DiffOpt.NonLinearProgram | Info ] : Inertia correction needed. 
│             Attempting correction by adding diagonal matrix with positive values for the Jacobian of the stationary equations
└             and negative values for the Jacobian of the constraints.
┌ DiffOpt.NonLinearProgram | Info ] : Inertia correction needed. 
│             Attempting correction by adding diagonal matrix with positive values for the Jacobian of the stationary equations
└             and negative values for the Jacobian of the constraints.
┌ DiffOpt.NonLinearProgram | Info ] : Inertia correction needed. 
│             Attempting correction by adding diagonal matrix with positive values for the Jacobian of the stationary equations
└             and negative values for the Jacobian of the constraints.
┌ DiffOpt.NonLinearProgram | Info ] : Inertia correction needed. 
│             Attempting correction by adding diagonal matrix with positive values for the Jacobian of the stationary equations
└             and negative values for the Jacobian of the constraints.
┌ DiffOpt.NonLinearProgram | Info ] : Inertia correction needed. 
│             Attempting correction by adding diagonal matrix with positive values for the Jacobian of the stationary equations
└             and negative values for the Jacobian of the constraints.
┌ DiffOpt.NonLinearProgram | Info ] : Inertia correction needed. 
│             Attempting correction by adding diagonal matrix with positive values for the Jacobian of the stationary equations
└             and negative values for the Jacobian of the constraints.
┌ DiffOpt.NonLinearProgram | Info ] : Inertia correction needed. 
│             Attempting correction by adding diagonal matrix with positive values for the Jacobian of the stationary equations
└             and negative values for the Jacobian of the constraints.
┌ DiffOpt.NonLinearProgram | Info ] : Inertia correction needed. 
│             Attempting correction by adding diagonal matrix with positive values for the Jacobian of the stationary equations
└             and negative values for the Jacobian of the constraints.
┌ DiffOpt.NonLinearProgram | Info ] : Inertia correction needed. 
│             Attempting correction by adding diagonal matrix with positive values for the Jacobian of the stationary equations
└             and negative values for the Jacobian of the constraints.
┌ DiffOpt.NonLinearProgram | Info ] : Inertia correction needed. 
│             Attempting correction by adding diagonal matrix with positive values for the Jacobian of the stationary equations
└             and negative values for the Jacobian of the constraints.
┌ DiffOpt.NonLinearProgram | Info ] : Inertia correction needed. 
│             Attempting correction by adding diagonal matrix with positive values for the Jacobian of the stationary equations
└             and negative values for the Jacobian of the constraints.
┌ DiffOpt.NonLinearProgram | Info ] : Inertia correction needed. 
│             Attempting correction by adding diagonal matrix with positive values for the Jacobian of the stationary equations
└             and negative values for the Jacobian of the constraints.
┌ DiffOpt.NonLinearProgram | Info ] : Inertia correction needed. 
│             Attempting correction by adding diagonal matrix with positive values for the Jacobian of the stationary equations
└             and negative values for the Jacobian of the constraints.
┌ DiffOpt.NonLinearProgram | Info ] : Inertia correction needed. 
│             Attempting correction by adding diagonal matrix with positive values for the Jacobian of the stationary equations
└             and negative values for the Jacobian of the constraints.
┌ DiffOpt.NonLinearProgram | Info ] : Inertia correction needed. 
│             Attempting correction by adding diagonal matrix with positive values for the Jacobian of the stationary equations
└             and negative values for the Jacobian of the constraints.
┌ DiffOpt.NonLinearProgram | Info ] : Inertia correction needed. 
│             Attempting correction by adding diagonal matrix with positive values for the Jacobian of the stationary equations
└             and negative values for the Jacobian of the constraints.
┌ DiffOpt.NonLinearProgram | Info ] : Inertia correction needed. 
│             Attempting correction by adding diagonal matrix with positive values for the Jacobian of the stationary equations
└             and negative values for the Jacobian of the constraints.
┌ DiffOpt.NonLinearProgram | Info ] : Inertia correction needed. 
│             Attempting correction by adding diagonal matrix with positive values for the Jacobian of the stationary equations
└             and negative values for the Jacobian of the constraints.
┌ DiffOpt.NonLinearProgram | Info ] : Inertia correction needed. 
│             Attempting correction by adding diagonal matrix with positive values for the Jacobian of the stationary equations
└             and negative values for the Jacobian of the constraints.
┌ DiffOpt.NonLinearProgram | Info ] : Inertia correction needed. 
│             Attempting correction by adding diagonal matrix with positive values for the Jacobian of the stationary equations
└             and negative values for the Jacobian of the constraints.
┌ DiffOpt.NonLinearProgram | Info ] : Inertia correction needed. 
│             Attempting correction by adding diagonal matrix with positive values for the Jacobian of the stationary equations
└             and negative values for the Jacobian of the constraints.
┌ DiffOpt.NonLinearProgram | Info ] : Inertia correction needed. 
│             Attempting correction by adding diagonal matrix with positive values for the Jacobian of the stationary equations
└             and negative values for the Jacobian of the constraints.
┌ DiffOpt.NonLinearProgram | Info ] : Inertia correction needed. 
│             Attempting correction by adding diagonal matrix with positive values for the Jacobian of the stationary equations
└             and negative values for the Jacobian of the constraints.
┌ DiffOpt.NonLinearProgram | Info ] : Inertia correction needed. 
│             Attempting correction by adding diagonal matrix with positive values for the Jacobian of the stationary equations
└             and negative values for the Jacobian of the constraints.
┌ DiffOpt.NonLinearProgram | Info ] : Inertia correction needed. 
│             Attempting correction by adding diagonal matrix with positive values for the Jacobian of the stationary equations
└             and negative values for the Jacobian of the constraints.
┌ DiffOpt.NonLinearProgram | Info ] : Inertia correction needed. 
│             Attempting correction by adding diagonal matrix with positive values for the Jacobian of the stationary equations
└             and negative values for the Jacobian of the constraints.
┌ DiffOpt.NonLinearProgram | Info ] : Inertia correction needed. 
│             Attempting correction by adding diagonal matrix with positive values for the Jacobian of the stationary equations
└             and negative values for the Jacobian of the constraints.
┌ DiffOpt.NonLinearProgram | Info ] : Inertia correction needed. 
│             Attempting correction by adding diagonal matrix with positive values for the Jacobian of the stationary equations
└             and negative values for the Jacobian of the constraints.
┌ DiffOpt.NonLinearProgram | Info ] : Inertia correction needed. 
│             Attempting correction by adding diagonal matrix with positive values for the Jacobian of the stationary equations
└             and negative values for the Jacobian of the constraints.
┌ DiffOpt.NonLinearProgram | Info ] : Inertia correction needed. 
│             Attempting correction by adding diagonal matrix with positive values for the Jacobian of the stationary equations
└             and negative values for the Jacobian of the constraints.
┌ DiffOpt.NonLinearProgram | Info ] : Inertia correction needed. 
│             Attempting correction by adding diagonal matrix with positive values for the Jacobian of the stationary equations
└             and negative values for the Jacobian of the constraints.
┌ DiffOpt.NonLinearProgram | Info ] : Inertia correction needed. 
│             Attempting correction by adding diagonal matrix with positive values for the Jacobian of the stationary equations
└             and negative values for the Jacobian of the constraints.
┌ DiffOpt.NonLinearProgram | Info ] : Inertia correction needed. 
│             Attempting correction by adding diagonal matrix with positive values for the Jacobian of the stationary equations
└             and negative values for the Jacobian of the constraints.
┌ DiffOpt.NonLinearProgram | Info ] : Inertia correction needed. 
│             Attempting correction by adding diagonal matrix with positive values for the Jacobian of the stationary equations
└             and negative values for the Jacobian of the constraints.
┌ DiffOpt.NonLinearProgram | Info ] : Inertia correction needed. 
│             Attempting correction by adding diagonal matrix with positive values for the Jacobian of the stationary equations
└             and negative values for the Jacobian of the constraints.
┌ DiffOpt.NonLinearProgram | Info ] : Inertia correction needed. 
│             Attempting correction by adding diagonal matrix with positive values for the Jacobian of the stationary equations
└             and negative values for the Jacobian of the constraints.
┌ DiffOpt.NonLinearProgram | Info ] : Inertia correction needed. 
│             Attempting correction by adding diagonal matrix with positive values for the Jacobian of the stationary equations
└             and negative values for the Jacobian of the constraints.
┌ DiffOpt.NonLinearProgram | Info ] : Inertia correction needed. 
│             Attempting correction by adding diagonal matrix with positive values for the Jacobian of the stationary equations
└             and negative values for the Jacobian of the constraints.
┌ DiffOpt.NonLinearProgram | Info ] : Inertia correction needed. 
│             Attempting correction by adding diagonal matrix with positive values for the Jacobian of the stationary equations
└             and negative values for the Jacobian of the constraints.
┌ DiffOpt.NonLinearProgram | Info ] : Inertia correction needed. 
│             Attempting correction by adding diagonal matrix with positive values for the Jacobian of the stationary equations
└             and negative values for the Jacobian of the constraints.
┌ DiffOpt.NonLinearProgram | Info ] : Inertia correction needed. 
│             Attempting correction by adding diagonal matrix with positive values for the Jacobian of the stationary equations
└             and negative values for the Jacobian of the constraints.
┌ DiffOpt.NonLinearProgram | Info ] : Inertia correction needed. 
│             Attempting correction by adding diagonal matrix with positive values for the Jacobian of the stationary equations
└             and negative values for the Jacobian of the constraints.
┌ DiffOpt.NonLinearProgram | Info ] : Inertia correction needed. 
│             Attempting correction by adding diagonal matrix with positive values for the Jacobian of the stationary equations
└             and negative values for the Jacobian of the constraints.
┌ DiffOpt.NonLinearProgram | Info ] : Inertia correction needed. 
│             Attempting correction by adding diagonal matrix with positive values for the Jacobian of the stationary equations
└             and negative values for the Jacobian of the constraints.
┌ DiffOpt.NonLinearProgram | Info ] : Inertia correction needed. 
│             Attempting correction by adding diagonal matrix with positive values for the Jacobian of the stationary equations
└             and negative values for the Jacobian of the constraints.
┌ DiffOpt.NonLinearProgram | Info ] : Inertia correction needed. 
│             Attempting correction by adding diagonal matrix with positive values for the Jacobian of the stationary equations
└             and negative values for the Jacobian of the constraints.
┌ DiffOpt.NonLinearProgram | Info ] : Inertia correction needed. 
│             Attempting correction by adding diagonal matrix with positive values for the Jacobian of the stationary equations
└             and negative values for the Jacobian of the constraints.
┌ DiffOpt.NonLinearProgram | Info ] : Inertia correction needed. 
│             Attempting correction by adding diagonal matrix with positive values for the Jacobian of the stationary equations
└             and negative values for the Jacobian of the constraints.
┌ DiffOpt.NonLinearProgram | Info ] : Inertia correction needed. 
│             Attempting correction by adding diagonal matrix with positive values for the Jacobian of the stationary equations
└             and negative values for the Jacobian of the constraints.
┌ DiffOpt.NonLinearProgram | Info ] : Inertia correction needed. 
│             Attempting correction by adding diagonal matrix with positive values for the Jacobian of the stationary equations
└             and negative values for the Jacobian of the constraints.
┌ DiffOpt.NonLinearProgram | Info ] : Inertia correction needed. 
│             Attempting correction by adding diagonal matrix with positive values for the Jacobian of the stationary equations
└             and negative values for the Jacobian of the constraints.
┌ DiffOpt.NonLinearProgram | Info ] : Inertia correction needed. 
│             Attempting correction by adding diagonal matrix with positive values for the Jacobian of the stationary equations
└             and negative values for the Jacobian of the constraints.
┌ DiffOpt.NonLinearProgram | Info ] : Inertia correction needed. 
│             Attempting correction by adding diagonal matrix with positive values for the Jacobian of the stationary equations
└             and negative values for the Jacobian of the constraints.
┌ DiffOpt.NonLinearProgram | Info ] : Inertia correction needed. 
│             Attempting correction by adding diagonal matrix with positive values for the Jacobian of the stationary equations
└             and negative values for the Jacobian of the constraints.
┌ DiffOpt.NonLinearProgram | Info ] : Inertia correction needed. 
│             Attempting correction by adding diagonal matrix with positive values for the Jacobian of the stationary equations
└             and negative values for the Jacobian of the constraints.
┌ DiffOpt.NonLinearProgram | Info ] : Inertia correction needed. 
│             Attempting correction by adding diagonal matrix with positive values for the Jacobian of the stationary equations
└             and negative values for the Jacobian of the constraints.
┌ DiffOpt.NonLinearProgram | Info ] : Inertia correction needed. 
│             Attempting correction by adding diagonal matrix with positive values for the Jacobian of the stationary equations
└             and negative values for the Jacobian of the constraints.
┌ DiffOpt.NonLinearProgram | Info ] : Inertia correction needed. 
│             Attempting correction by adding diagonal matrix with positive values for the Jacobian of the stationary equations
└             and negative values for the Jacobian of the constraints.
┌ DiffOpt.NonLinearProgram | Info ] : Inertia correction needed. 
│             Attempting correction by adding diagonal matrix with positive values for the Jacobian of the stationary equations
└             and negative values for the Jacobian of the constraints.
┌ DiffOpt.NonLinearProgram | Info ] : Inertia correction needed. 
│             Attempting correction by adding diagonal matrix with positive values for the Jacobian of the stationary equations
└             and negative values for the Jacobian of the constraints.
┌ DiffOpt.NonLinearProgram | Info ] : Inertia correction needed. 
│             Attempting correction by adding diagonal matrix with positive values for the Jacobian of the stationary equations
└             and negative values for the Jacobian of the constraints.
┌ DiffOpt.NonLinearProgram | Info ] : Inertia correction needed. 
│             Attempting correction by adding diagonal matrix with positive values for the Jacobian of the stationary equations
└             and negative values for the Jacobian of the constraints.
┌ DiffOpt.NonLinearProgram | Info ] : Inertia correction needed. 
│             Attempting correction by adding diagonal matrix with positive values for the Jacobian of the stationary equations
└             and negative values for the Jacobian of the constraints.
┌ DiffOpt.NonLinearProgram | Info ] : Inertia correction needed. 
│             Attempting correction by adding diagonal matrix with positive values for the Jacobian of the stationary equations
└             and negative values for the Jacobian of the constraints.
┌ DiffOpt.NonLinearProgram | Info ] : Inertia correction needed. 
│             Attempting correction by adding diagonal matrix with positive values for the Jacobian of the stationary equations
└             and negative values for the Jacobian of the constraints.
┌ DiffOpt.NonLinearProgram | Info ] : Inertia correction needed. 
│             Attempting correction by adding diagonal matrix with positive values for the Jacobian of the stationary equations
└             and negative values for the Jacobian of the constraints.
┌ DiffOpt.NonLinearProgram | Info ] : Inertia correction needed. 
│             Attempting correction by adding diagonal matrix with positive values for the Jacobian of the stationary equations
└             and negative values for the Jacobian of the constraints.
┌ DiffOpt.NonLinearProgram | Info ] : Inertia correction needed. 
│             Attempting correction by adding diagonal matrix with positive values for the Jacobian of the stationary equations
└             and negative values for the Jacobian of the constraints.
┌ DiffOpt.NonLinearProgram | Info ] : Inertia correction needed. 
│             Attempting correction by adding diagonal matrix with positive values for the Jacobian of the stationary equations
└             and negative values for the Jacobian of the constraints.
┌ DiffOpt.NonLinearProgram | Info ] : Inertia correction needed. 
│             Attempting correction by adding diagonal matrix with positive values for the Jacobian of the stationary equations
└             and negative values for the Jacobian of the constraints.
┌ DiffOpt.NonLinearProgram | Info ] : Inertia correction needed. 
│             Attempting correction by adding diagonal matrix with positive values for the Jacobian of the stationary equations
└             and negative values for the Jacobian of the constraints.
┌ DiffOpt.NonLinearProgram | Info ] : Inertia correction needed. 
│             Attempting correction by adding diagonal matrix with positive values for the Jacobian of the stationary equations
└             and negative values for the Jacobian of the constraints.
┌ DiffOpt.NonLinearProgram | Info ] : Inertia correction needed. 
│             Attempting correction by adding diagonal matrix with positive values for the Jacobian of the stationary equations
└             and negative values for the Jacobian of the constraints.
┌ DiffOpt.NonLinearProgram | Info ] : Inertia correction needed. 
│             Attempting correction by adding diagonal matrix with positive values for the Jacobian of the stationary equations
└             and negative values for the Jacobian of the constraints.
┌ DiffOpt.NonLinearProgram | Info ] : Inertia correction needed. 
│             Attempting correction by adding diagonal matrix with positive values for the Jacobian of the stationary equations
└             and negative values for the Jacobian of the constraints.
┌ DiffOpt.NonLinearProgram | Info ] : Inertia correction needed. 
│             Attempting correction by adding diagonal matrix with positive values for the Jacobian of the stationary equations
└             and negative values for the Jacobian of the constraints.
┌ DiffOpt.NonLinearProgram | Info ] : Inertia correction needed. 
│             Attempting correction by adding diagonal matrix with positive values for the Jacobian of the stationary equations
└             and negative values for the Jacobian of the constraints.
┌ DiffOpt.NonLinearProgram | Info ] : Inertia correction needed. 
│             Attempting correction by adding diagonal matrix with positive values for the Jacobian of the stationary equations
└             and negative values for the Jacobian of the constraints.
┌ DiffOpt.NonLinearProgram | Info ] : Inertia correction needed. 
│             Attempting correction by adding diagonal matrix with positive values for the Jacobian of the stationary equations
└             and negative values for the Jacobian of the constraints.
┌ DiffOpt.NonLinearProgram | Info ] : Inertia correction needed. 
│             Attempting correction by adding diagonal matrix with positive values for the Jacobian of the stationary equations
└             and negative values for the Jacobian of the constraints.
┌ DiffOpt.NonLinearProgram | Info ] : Inertia correction needed. 
│             Attempting correction by adding diagonal matrix with positive values for the Jacobian of the stationary equations
└             and negative values for the Jacobian of the constraints.
┌ DiffOpt.NonLinearProgram | Info ] : Inertia correction needed. 
│             Attempting correction by adding diagonal matrix with positive values for the Jacobian of the stationary equations
└             and negative values for the Jacobian of the constraints.
┌ DiffOpt.NonLinearProgram | Info ] : Inertia correction needed. 
│             Attempting correction by adding diagonal matrix with positive values for the Jacobian of the stationary equations
└             and negative values for the Jacobian of the constraints.
┌ DiffOpt.NonLinearProgram | Info ] : Inertia correction needed. 
│             Attempting correction by adding diagonal matrix with positive values for the Jacobian of the stationary equations
└             and negative values for the Jacobian of the constraints.
┌ DiffOpt.NonLinearProgram | Info ] : Inertia correction needed. 
│             Attempting correction by adding diagonal matrix with positive values for the Jacobian of the stationary equations
└             and negative values for the Jacobian of the constraints.
┌ DiffOpt.NonLinearProgram | Info ] : Inertia correction needed. 
│             Attempting correction by adding diagonal matrix with positive values for the Jacobian of the stationary equations
└             and negative values for the Jacobian of the constraints.
┌ DiffOpt.NonLinearProgram | Info ] : Inertia correction needed. 
│             Attempting correction by adding diagonal matrix with positive values for the Jacobian of the stationary equations
└             and negative values for the Jacobian of the constraints.
┌ DiffOpt.NonLinearProgram | Info ] : Inertia correction needed. 
│             Attempting correction by adding diagonal matrix with positive values for the Jacobian of the stationary equations
└             and negative values for the Jacobian of the constraints.
┌ DiffOpt.NonLinearProgram | Info ] : Inertia correction needed. 
│             Attempting correction by adding diagonal matrix with positive values for the Jacobian of the stationary equations
└             and negative values for the Jacobian of the constraints.
┌ DiffOpt.NonLinearProgram | Info ] : Inertia correction needed. 
│             Attempting correction by adding diagonal matrix with positive values for the Jacobian of the stationary equations
└             and negative values for the Jacobian of the constraints.
┌ DiffOpt.NonLinearProgram | Info ] : Inertia correction needed. 
│             Attempting correction by adding diagonal matrix with positive values for the Jacobian of the stationary equations
└             and negative values for the Jacobian of the constraints.
┌ DiffOpt.NonLinearProgram | Info ] : Inertia correction needed. 
│             Attempting correction by adding diagonal matrix with positive values for the Jacobian of the stationary equations
└             and negative values for the Jacobian of the constraints.
┌ DiffOpt.NonLinearProgram | Info ] : Inertia correction needed. 
│             Attempting correction by adding diagonal matrix with positive values for the Jacobian of the stationary equations
└             and negative values for the Jacobian of the constraints.
┌ DiffOpt.NonLinearProgram | Info ] : Inertia correction needed. 
│             Attempting correction by adding diagonal matrix with positive values for the Jacobian of the stationary equations
└             and negative values for the Jacobian of the constraints.
┌ DiffOpt.NonLinearProgram | Info ] : Inertia correction needed. 
│             Attempting correction by adding diagonal matrix with positive values for the Jacobian of the stationary equations
└             and negative values for the Jacobian of the constraints.
┌ DiffOpt.NonLinearProgram | Info ] : Inertia correction needed. 
│             Attempting correction by adding diagonal matrix with positive values for the Jacobian of the stationary equations
└             and negative values for the Jacobian of the constraints.
┌ DiffOpt.NonLinearProgram | Info ] : Inertia correction needed. 
│             Attempting correction by adding diagonal matrix with positive values for the Jacobian of the stationary equations
└             and negative values for the Jacobian of the constraints.
┌ DiffOpt.NonLinearProgram | Info ] : Inertia correction needed. 
│             Attempting correction by adding diagonal matrix with positive values for the Jacobian of the stationary equations
└             and negative values for the Jacobian of the constraints.
Set parameter Username
Set parameter LicenseID to value 2813843
Academic license - for non-commercial use only - expires 2027-04-27
┌ DiffOpt.NonLinearProgram | Info ] : Inertia correction needed. 
│             Attempting correction by adding diagonal matrix with positive values for the Jacobian of the stationary equations
└             and negative values for the Jacobian of the constraints.
┌ DiffOpt.NonLinearProgram | Info ] : Inertia correction needed. 
│             Attempting correction by adding diagonal matrix with positive values for the Jacobian of the stationary equations
└             and negative values for the Jacobian of the constraints.
┌ DiffOpt.NonLinearProgram | Info ] : Inertia correction needed. 
│             Attempting correction by adding diagonal matrix with positive values for the Jacobian of the stationary equations
└             and negative values for the Jacobian of the constraints.
┌ DiffOpt.NonLinearProgram | Info ] : Inertia correction needed. 
│             Attempting correction by adding diagonal matrix with positive values for the Jacobian of the stationary equations
└             and negative values for the Jacobian of the constraints.
┌ DiffOpt.NonLinearProgram | Info ] : Inertia correction needed. 
│             Attempting correction by adding diagonal matrix with positive values for the Jacobian of the stationary equations
└             and negative values for the Jacobian of the constraints.
┌ DiffOpt.NonLinearProgram | Info ] : Inertia correction needed. 
│             Attempting correction by adding diagonal matrix with positive values for the Jacobian of the stationary equations
└             and negative values for the Jacobian of the constraints.
┌ DiffOpt.NonLinearProgram | Info ] : Inertia correction needed. 
│             Attempting correction by adding diagonal matrix with positive values for the Jacobian of the stationary equations
└             and negative values for the Jacobian of the constraints.
┌ DiffOpt.NonLinearProgram | Info ] : Inertia correction needed. 
│             Attempting correction by adding diagonal matrix with positive values for the Jacobian of the stationary equations
└             and negative values for the Jacobian of the constraints.
┌ DiffOpt.NonLinearProgram | Info ] : Inertia correction needed. 
│             Attempting correction by adding diagonal matrix with positive values for the Jacobian of the stationary equations
└             and negative values for the Jacobian of the constraints.
┌ DiffOpt.NonLinearProgram | Info ] : Inertia correction needed. 
│             Attempting correction by adding diagonal matrix with positive values for the Jacobian of the stationary equations
└             and negative values for the Jacobian of the constraints.
┌ DiffOpt.NonLinearProgram | Info ] : Inertia correction needed. 
│             Attempting correction by adding diagonal matrix with positive values for the Jacobian of the stationary equations
└             and negative values for the Jacobian of the constraints.
┌ DiffOpt.NonLinearProgram | Info ] : Inertia correction needed. 
│             Attempting correction by adding diagonal matrix with positive values for the Jacobian of the stationary equations
└             and negative values for the Jacobian of the constraints.
┌ DiffOpt.NonLinearProgram | Info ] : Inertia correction needed. 
│             Attempting correction by adding diagonal matrix with positive values for the Jacobian of the stationary equations
└             and negative values for the Jacobian of the constraints.
┌ DiffOpt.NonLinearProgram | Info ] : Inertia correction needed. 
│             Attempting correction by adding diagonal matrix with positive values for the Jacobian of the stationary equations
└             and negative values for the Jacobian of the constraints.
┌ DiffOpt.NonLinearProgram | Info ] : Inertia correction needed. 
│             Attempting correction by adding diagonal matrix with positive values for the Jacobian of the stationary equations
└             and negative values for the Jacobian of the constraints.
┌ DiffOpt.NonLinearProgram | Info ] : Inertia correction needed. 
│             Attempting correction by adding diagonal matrix with positive values for the Jacobian of the stationary equations
└             and negative values for the Jacobian of the constraints.
[ Main | Info ] : [Palma formal CC] Jacobian is block-diagonal (max off-block-diag = 0.0)
[ Main | Info ] : [Palma formal CC] T=8, N=16, m=128 (indicator-constraint form, σ unbounded above)
[ Main | Info ] : [Palma formal CC] Solver status: TIME_LIMIT (solve_time=302.27s)
┌ Main | Warning ] : [Palma formal CC] Solver hit TIME_LIMIT with NO incumbent — returning no-progress
└ @ Main C:\Users\awest\github\FairLoadDelivery\src\implementation\load_shed_as_parameter.jl:869
[ Main | Info ] : [palma/absolute weak-CC] iter 1 upper-level status = TIME_LIMIT
┌ Main | Warning ] : [palma/absolute weak-CC] iter 1 upper-level hit TIME_LIMIT — using suboptimal incumbent
└ @ Main C:\Users\awest\github\FairLoadDelivery\script\bilevel_validation\run_validation_mn_motivation_c.jl:183
[ FairLoadDelivery | Info ] : Iteration 2: Solving multiperiod lower-level MLD with 128 per-period weights
┌ DiffOpt.NonLinearProgram | Info ] : Inertia correction needed. 
│             Attempting correction by adding diagonal matrix with positive values for the Jacobian of the stationary equations
└             and negative values for the Jacobian of the constraints.
┌ DiffOpt.NonLinearProgram | Info ] : Inertia correction needed. 
│             Attempting correction by adding diagonal matrix with positive values for the Jacobian of the stationary equations
└             and negative values for the Jacobian of the constraints.
┌ DiffOpt.NonLinearProgram | Info ] : Inertia correction needed. 
│             Attempting correction by adding diagonal matrix with positive values for the Jacobian of the stationary equations
└             and negative values for the Jacobian of the constraints.
┌ DiffOpt.NonLinearProgram | Info ] : Inertia correction needed. 
│             Attempting correction by adding diagonal matrix with positive values for the Jacobian of the stationary equations
└             and negative values for the Jacobian of the constraints.
┌ DiffOpt.NonLinearProgram | Info ] : Inertia correction needed. 
│             Attempting correction by adding diagonal matrix with positive values for the Jacobian of the stationary equations
└             and negative values for the Jacobian of the constraints.
┌ DiffOpt.NonLinearProgram | Info ] : Inertia correction needed. 
│             Attempting correction by adding diagonal matrix with positive values for the Jacobian of the stationary equations
└             and negative values for the Jacobian of the constraints.
┌ DiffOpt.NonLinearProgram | Info ] : Inertia correction needed. 
│             Attempting correction by adding diagonal matrix with positive values for the Jacobian of the stationary equations
└             and negative values for the Jacobian of the constraints.
┌ DiffOpt.NonLinearProgram | Info ] : Inertia correction needed. 
│             Attempting correction by adding diagonal matrix with positive values for the Jacobian of the stationary equations
└             and negative values for the Jacobian of the constraints.
┌ DiffOpt.NonLinearProgram | Info ] : Inertia correction needed. 
│             Attempting correction by adding diagonal matrix with positive values for the Jacobian of the stationary equations
└             and negative values for the Jacobian of the constraints.
┌ DiffOpt.NonLinearProgram | Info ] : Inertia correction needed. 
│             Attempting correction by adding diagonal matrix with positive values for the Jacobian of the stationary equations
└             and negative values for the Jacobian of the constraints.
┌ DiffOpt.NonLinearProgram | Info ] : Inertia correction needed. 
│             Attempting correction by adding diagonal matrix with positive values for the Jacobian of the stationary equations
└             and negative values for the Jacobian of the constraints.
┌ DiffOpt.NonLinearProgram | Info ] : Inertia correction needed. 
│             Attempting correction by adding diagonal matrix with positive values for the Jacobian of the stationary equations
└             and negative values for the Jacobian of the constraints.
┌ DiffOpt.NonLinearProgram | Info ] : Inertia correction needed. 
│             Attempting correction by adding diagonal matrix with positive values for the Jacobian of the stationary equations
└             and negative values for the Jacobian of the constraints.
┌ DiffOpt.NonLinearProgram | Info ] : Inertia correction needed. 
│             Attempting correction by adding diagonal matrix with positive values for the Jacobian of the stationary equations
└             and negative values for the Jacobian of the constraints.
┌ DiffOpt.NonLinearProgram | Info ] : Inertia correction needed. 
│             Attempting correction by adding diagonal matrix with positive values for the Jacobian of the stationary equations
└             and negative values for the Jacobian of the constraints.
┌ DiffOpt.NonLinearProgram | Info ] : Inertia correction needed. 
│             Attempting correction by adding diagonal matrix with positive values for the Jacobian of the stationary equations
└             and negative values for the Jacobian of the constraints.
┌ DiffOpt.NonLinearProgram | Info ] : Inertia correction needed. 
│             Attempting correction by adding diagonal matrix with positive values for the Jacobian of the stationary equations
└             and negative values for the Jacobian of the constraints.
┌ DiffOpt.NonLinearProgram | Info ] : Inertia correction needed. 
│             Attempting correction by adding diagonal matrix with positive values for the Jacobian of the stationary equations
└             and negative values for the Jacobian of the constraints.
┌ DiffOpt.NonLinearProgram | Info ] : Inertia correction needed. 
│             Attempting correction by adding diagonal matrix with positive values for the Jacobian of the stationary equations
└             and negative values for the Jacobian of the constraints.
┌ DiffOpt.NonLinearProgram | Info ] : Inertia correction needed. 
│             Attempting correction by adding diagonal matrix with positive values for the Jacobian of the stationary equations
└             and negative values for the Jacobian of the constraints.
┌ DiffOpt.NonLinearProgram | Info ] : Inertia correction needed. 
│             Attempting correction by adding diagonal matrix with positive values for the Jacobian of the stationary equations
└             and negative values for the Jacobian of the constraints.
┌ DiffOpt.NonLinearProgram | Info ] : Inertia correction needed. 
│             Attempting correction by adding diagonal matrix with positive values for the Jacobian of the stationary equations
└             and negative values for the Jacobian of the constraints.
┌ DiffOpt.NonLinearProgram | Info ] : Inertia correction needed. 
│             Attempting correction by adding diagonal matrix with positive values for the Jacobian of the stationary equations
└             and negative values for the Jacobian of the constraints.
┌ DiffOpt.NonLinearProgram | Info ] : Inertia correction needed. 
│             Attempting correction by adding diagonal matrix with positive values for the Jacobian of the stationary equations
└             and negative values for the Jacobian of the constraints.
┌ DiffOpt.NonLinearProgram | Info ] : Inertia correction needed. 
│             Attempting correction by adding diagonal matrix with positive values for the Jacobian of the stationary equations
└             and negative values for the Jacobian of the constraints.
┌ DiffOpt.NonLinearProgram | Info ] : Inertia correction needed. 
│             Attempting correction by adding diagonal matrix with positive values for the Jacobian of the stationary equations
└             and negative values for the Jacobian of the constraints.
┌ DiffOpt.NonLinearProgram | Info ] : Inertia correction needed. 
│             Attempting correction by adding diagonal matrix with positive values for the Jacobian of the stationary equations
└             and negative values for the Jacobian of the constraints.
┌ DiffOpt.NonLinearProgram | Info ] : Inertia correction needed. 
│             Attempting correction by adding diagonal matrix with positive values for the Jacobian of the stationary equations
└             and negative values for the Jacobian of the constraints.
┌ DiffOpt.NonLinearProgram | Info ] : Inertia correction needed. 
│             Attempting correction by adding diagonal matrix with positive values for the Jacobian of the stationary equations
└             and negative values for the Jacobian of the constraints.
┌ DiffOpt.NonLinearProgram | Info ] : Inertia correction needed. 
│             Attempting correction by adding diagonal matrix with positive values for the Jacobian of the stationary equations
└             and negative values for the Jacobian of the constraints.
┌ DiffOpt.NonLinearProgram | Info ] : Inertia correction needed. 
│             Attempting correction by adding diagonal matrix with positive values for the Jacobian of the stationary equations
└             and negative values for the Jacobian of the constraints.
┌ DiffOpt.NonLinearProgram | Info ] : Inertia correction needed. 
│             Attempting correction by adding diagonal matrix with positive values for the Jacobian of the stationary equations
└             and negative values for the Jacobian of the constraints.
┌ DiffOpt.NonLinearProgram | Info ] : Inertia correction needed. 
│             Attempting correction by adding diagonal matrix with positive values for the Jacobian of the stationary equations
└             and negative values for the Jacobian of the constraints.
┌ DiffOpt.NonLinearProgram | Info ] : Inertia correction needed. 
│             Attempting correction by adding diagonal matrix with positive values for the Jacobian of the stationary equations
└             and negative values for the Jacobian of the constraints.
┌ DiffOpt.NonLinearProgram | Info ] : Inertia correction needed. 
│             Attempting correction by adding diagonal matrix with positive values for the Jacobian of the stationary equations
└             and negative values for the Jacobian of the constraints.
┌ DiffOpt.NonLinearProgram | Info ] : Inertia correction needed. 
│             Attempting correction by adding diagonal matrix with positive values for the Jacobian of the stationary equations
└             and negative values for the Jacobian of the constraints.
┌ DiffOpt.NonLinearProgram | Info ] : Inertia correction needed. 
│             Attempting correction by adding diagonal matrix with positive values for the Jacobian of the stationary equations
└             and negative values for the Jacobian of the constraints.
┌ DiffOpt.NonLinearProgram | Info ] : Inertia correction needed. 
│             Attempting correction by adding diagonal matrix with positive values for the Jacobian of the stationary equations
└             and negative values for the Jacobian of the constraints.
┌ DiffOpt.NonLinearProgram | Info ] : Inertia correction needed. 
│             Attempting correction by adding diagonal matrix with positive values for the Jacobian of the stationary equations
└             and negative values for the Jacobian of the constraints.
┌ DiffOpt.NonLinearProgram | Info ] : Inertia correction needed. 
│             Attempting correction by adding diagonal matrix with positive values for the Jacobian of the stationary equations
└             and negative values for the Jacobian of the constraints.
┌ DiffOpt.NonLinearProgram | Info ] : Inertia correction needed. 
│             Attempting correction by adding diagonal matrix with positive values for the Jacobian of the stationary equations
└             and negative values for the Jacobian of the constraints.
┌ DiffOpt.NonLinearProgram | Info ] : Inertia correction needed. 
│             Attempting correction by adding diagonal matrix with positive values for the Jacobian of the stationary equations
└             and negative values for the Jacobian of the constraints.
┌ DiffOpt.NonLinearProgram | Info ] : Inertia correction needed. 
│             Attempting correction by adding diagonal matrix with positive values for the Jacobian of the stationary equations
└             and negative values for the Jacobian of the constraints.
┌ DiffOpt.NonLinearProgram | Info ] : Inertia correction needed. 
│             Attempting correction by adding diagonal matrix with positive values for the Jacobian of the stationary equations
└             and negative values for the Jacobian of the constraints.
┌ DiffOpt.NonLinearProgram | Info ] : Inertia correction needed. 
│             Attempting correction by adding diagonal matrix with positive values for the Jacobian of the stationary equations
└             and negative values for the Jacobian of the constraints.
┌ DiffOpt.NonLinearProgram | Info ] : Inertia correction needed. 
│             Attempting correction by adding diagonal matrix with positive values for the Jacobian of the stationary equations
└             and negative values for the Jacobian of the constraints.
┌ DiffOpt.NonLinearProgram | Info ] : Inertia correction needed. 
│             Attempting correction by adding diagonal matrix with positive values for the Jacobian of the stationary equations
└             and negative values for the Jacobian of the constraints.
┌ DiffOpt.NonLinearProgram | Info ] : Inertia correction needed. 
│             Attempting correction by adding diagonal matrix with positive values for the Jacobian of the stationary equations
└             and negative values for the Jacobian of the constraints.
┌ DiffOpt.NonLinearProgram | Info ] : Inertia correction needed. 
│             Attempting correction by adding diagonal matrix with positive values for the Jacobian of the stationary equations
└             and negative values for the Jacobian of the constraints.
┌ DiffOpt.NonLinearProgram | Info ] : Inertia correction needed. 
│             Attempting correction by adding diagonal matrix with positive values for the Jacobian of the stationary equations
└             and negative values for the Jacobian of the constraints.
┌ DiffOpt.NonLinearProgram | Info ] : Inertia correction needed. 
│             Attempting correction by adding diagonal matrix with positive values for the Jacobian of the stationary equations
└             and negative values for the Jacobian of the constraints.
┌ DiffOpt.NonLinearProgram | Info ] : Inertia correction needed. 
│             Attempting correction by adding diagonal matrix with positive values for the Jacobian of the stationary equations
└             and negative values for the Jacobian of the constraints.
┌ DiffOpt.NonLinearProgram | Info ] : Inertia correction needed. 
│             Attempting correction by adding diagonal matrix with positive values for the Jacobian of the stationary equations
└             and negative values for the Jacobian of the constraints.
┌ DiffOpt.NonLinearProgram | Info ] : Inertia correction needed. 
│             Attempting correction by adding diagonal matrix with positive values for the Jacobian of the stationary equations
└             and negative values for the Jacobian of the constraints.
┌ DiffOpt.NonLinearProgram | Info ] : Inertia correction needed. 
│             Attempting correction by adding diagonal matrix with positive values for the Jacobian of the stationary equations
└             and negative values for the Jacobian of the constraints.
┌ DiffOpt.NonLinearProgram | Info ] : Inertia correction needed. 
│             Attempting correction by adding diagonal matrix with positive values for the Jacobian of the stationary equations
└             and negative values for the Jacobian of the constraints.
┌ DiffOpt.NonLinearProgram | Info ] : Inertia correction needed. 
│             Attempting correction by adding diagonal matrix with positive values for the Jacobian of the stationary equations
└             and negative values for the Jacobian of the constraints.
┌ DiffOpt.NonLinearProgram | Info ] : Inertia correction needed. 
│             Attempting correction by adding diagonal matrix with positive values for the Jacobian of the stationary equations
└             and negative values for the Jacobian of the constraints.
┌ DiffOpt.NonLinearProgram | Info ] : Inertia correction needed. 
│             Attempting correction by adding diagonal matrix with positive values for the Jacobian of the stationary equations
└             and negative values for the Jacobian of the constraints.
┌ DiffOpt.NonLinearProgram | Info ] : Inertia correction needed. 
│             Attempting correction by adding diagonal matrix with positive values for the Jacobian of the stationary equations
└             and negative values for the Jacobian of the constraints.
┌ DiffOpt.NonLinearProgram | Info ] : Inertia correction needed. 
│             Attempting correction by adding diagonal matrix with positive values for the Jacobian of the stationary equations
└             and negative values for the Jacobian of the constraints.
┌ DiffOpt.NonLinearProgram | Info ] : Inertia correction needed. 
│             Attempting correction by adding diagonal matrix with positive values for the Jacobian of the stationary equations
└             and negative values for the Jacobian of the constraints.
┌ DiffOpt.NonLinearProgram | Info ] : Inertia correction needed. 
│             Attempting correction by adding diagonal matrix with positive values for the Jacobian of the stationary equations
└             and negative values for the Jacobian of the constraints.
┌ DiffOpt.NonLinearProgram | Info ] : Inertia correction needed. 
│             Attempting correction by adding diagonal matrix with positive values for the Jacobian of the stationary equations
└             and negative values for the Jacobian of the constraints.
┌ DiffOpt.NonLinearProgram | Info ] : Inertia correction needed. 
│             Attempting correction by adding diagonal matrix with positive values for the Jacobian of the stationary equations
└             and negative values for the Jacobian of the constraints.
┌ DiffOpt.NonLinearProgram | Info ] : Inertia correction needed. 
│             Attempting correction by adding diagonal matrix with positive values for the Jacobian of the stationary equations
└             and negative values for the Jacobian of the constraints.
┌ DiffOpt.NonLinearProgram | Info ] : Inertia correction needed. 
│             Attempting correction by adding diagonal matrix with positive values for the Jacobian of the stationary equations
└             and negative values for the Jacobian of the constraints.
┌ DiffOpt.NonLinearProgram | Info ] : Inertia correction needed. 
│             Attempting correction by adding diagonal matrix with positive values for the Jacobian of the stationary equations
└             and negative values for the Jacobian of the constraints.
┌ DiffOpt.NonLinearProgram | Info ] : Inertia correction needed. 
│             Attempting correction by adding diagonal matrix with positive values for the Jacobian of the stationary equations
└             and negative values for the Jacobian of the constraints.
┌ DiffOpt.NonLinearProgram | Info ] : Inertia correction needed. 
│             Attempting correction by adding diagonal matrix with positive values for the Jacobian of the stationary equations
└             and negative values for the Jacobian of the constraints.
┌ DiffOpt.NonLinearProgram | Info ] : Inertia correction needed. 
│             Attempting correction by adding diagonal matrix with positive values for the Jacobian of the stationary equations
└             and negative values for the Jacobian of the constraints.
┌ DiffOpt.NonLinearProgram | Info ] : Inertia correction needed. 
│             Attempting correction by adding diagonal matrix with positive values for the Jacobian of the stationary equations
└             and negative values for the Jacobian of the constraints.
┌ DiffOpt.NonLinearProgram | Info ] : Inertia correction needed. 
│             Attempting correction by adding diagonal matrix with positive values for the Jacobian of the stationary equations
└             and negative values for the Jacobian of the constraints.
┌ DiffOpt.NonLinearProgram | Info ] : Inertia correction needed. 
│             Attempting correction by adding diagonal matrix with positive values for the Jacobian of the stationary equations
└             and negative values for the Jacobian of the constraints.
┌ DiffOpt.NonLinearProgram | Info ] : Inertia correction needed. 
│             Attempting correction by adding diagonal matrix with positive values for the Jacobian of the stationary equations
└             and negative values for the Jacobian of the constraints.
┌ DiffOpt.NonLinearProgram | Info ] : Inertia correction needed. 
│             Attempting correction by adding diagonal matrix with positive values for the Jacobian of the stationary equations
└             and negative values for the Jacobian of the constraints.
┌ DiffOpt.NonLinearProgram | Info ] : Inertia correction needed. 
│             Attempting correction by adding diagonal matrix with positive values for the Jacobian of the stationary equations
└             and negative values for the Jacobian of the constraints.
┌ DiffOpt.NonLinearProgram | Info ] : Inertia correction needed. 
│             Attempting correction by adding diagonal matrix with positive values for the Jacobian of the stationary equations
└             and negative values for the Jacobian of the constraints.
┌ DiffOpt.NonLinearProgram | Info ] : Inertia correction needed. 
│             Attempting correction by adding diagonal matrix with positive values for the Jacobian of the stationary equations
└             and negative values for the Jacobian of the constraints.
┌ DiffOpt.NonLinearProgram | Info ] : Inertia correction needed. 
│             Attempting correction by adding diagonal matrix with positive values for the Jacobian of the stationary equations
└             and negative values for the Jacobian of the constraints.
┌ DiffOpt.NonLinearProgram | Info ] : Inertia correction needed. 
│             Attempting correction by adding diagonal matrix with positive values for the Jacobian of the stationary equations
└             and negative values for the Jacobian of the constraints.
┌ DiffOpt.NonLinearProgram | Info ] : Inertia correction needed. 
│             Attempting correction by adding diagonal matrix with positive values for the Jacobian of the stationary equations
└             and negative values for the Jacobian of the constraints.
┌ DiffOpt.NonLinearProgram | Info ] : Inertia correction needed. 
│             Attempting correction by adding diagonal matrix with positive values for the Jacobian of the stationary equations
└             and negative values for the Jacobian of the constraints.
┌ DiffOpt.NonLinearProgram | Info ] : Inertia correction needed. 
│             Attempting correction by adding diagonal matrix with positive values for the Jacobian of the stationary equations
└             and negative values for the Jacobian of the constraints.
┌ DiffOpt.NonLinearProgram | Info ] : Inertia correction needed. 
│             Attempting correction by adding diagonal matrix with positive values for the Jacobian of the stationary equations
└             and negative values for the Jacobian of the constraints.
┌ DiffOpt.NonLinearProgram | Info ] : Inertia correction needed. 
│             Attempting correction by adding diagonal matrix with positive values for the Jacobian of the stationary equations
└             and negative values for the Jacobian of the constraints.
┌ DiffOpt.NonLinearProgram | Info ] : Inertia correction needed. 
│             Attempting correction by adding diagonal matrix with positive values for the Jacobian of the stationary equations
└             and negative values for the Jacobian of the constraints.
┌ DiffOpt.NonLinearProgram | Info ] : Inertia correction needed. 
│             Attempting correction by adding diagonal matrix with positive values for the Jacobian of the stationary equations
└             and negative values for the Jacobian of the constraints.
┌ DiffOpt.NonLinearProgram | Info ] : Inertia correction needed. 
│             Attempting correction by adding diagonal matrix with positive values for the Jacobian of the stationary equations
└             and negative values for the Jacobian of the constraints.
┌ DiffOpt.NonLinearProgram | Info ] : Inertia correction needed. 
│             Attempting correction by adding diagonal matrix with positive values for the Jacobian of the stationary equations
└             and negative values for the Jacobian of the constraints.
┌ DiffOpt.NonLinearProgram | Info ] : Inertia correction needed. 
│             Attempting correction by adding diagonal matrix with positive values for the Jacobian of the stationary equations
└             and negative values for the Jacobian of the constraints.
┌ DiffOpt.NonLinearProgram | Info ] : Inertia correction needed. 
│             Attempting correction by adding diagonal matrix with positive values for the Jacobian of the stationary equations
└             and negative values for the Jacobian of the constraints.
┌ DiffOpt.NonLinearProgram | Info ] : Inertia correction needed. 
│             Attempting correction by adding diagonal matrix with positive values for the Jacobian of the stationary equations
└             and negative values for the Jacobian of the constraints.
┌ DiffOpt.NonLinearProgram | Info ] : Inertia correction needed. 
│             Attempting correction by adding diagonal matrix with positive values for the Jacobian of the stationary equations
└             and negative values for the Jacobian of the constraints.
┌ DiffOpt.NonLinearProgram | Info ] : Inertia correction needed. 
│             Attempting correction by adding diagonal matrix with positive values for the Jacobian of the stationary equations
└             and negative values for the Jacobian of the constraints.
┌ DiffOpt.NonLinearProgram | Info ] : Inertia correction needed. 
│             Attempting correction by adding diagonal matrix with positive values for the Jacobian of the stationary equations
└             and negative values for the Jacobian of the constraints.
┌ DiffOpt.NonLinearProgram | Info ] : Inertia correction needed. 
│             Attempting correction by adding diagonal matrix with positive values for the Jacobian of the stationary equations
└             and negative values for the Jacobian of the constraints.
┌ DiffOpt.NonLinearProgram | Info ] : Inertia correction needed. 
│             Attempting correction by adding diagonal matrix with positive values for the Jacobian of the stationary equations
└             and negative values for the Jacobian of the constraints.
┌ DiffOpt.NonLinearProgram | Info ] : Inertia correction needed. 
│             Attempting correction by adding diagonal matrix with positive values for the Jacobian of the stationary equations
└             and negative values for the Jacobian of the constraints.
┌ DiffOpt.NonLinearProgram | Info ] : Inertia correction needed. 
│             Attempting correction by adding diagonal matrix with positive values for the Jacobian of the stationary equations
└             and negative values for the Jacobian of the constraints.
┌ DiffOpt.NonLinearProgram | Info ] : Inertia correction needed. 
│             Attempting correction by adding diagonal matrix with positive values for the Jacobian of the stationary equations
└             and negative values for the Jacobian of the constraints.
Set parameter Username
Set parameter LicenseID to value 2813843
Academic license - for non-commercial use only - expires 2027-04-27
┌ DiffOpt.NonLinearProgram | Info ] : Inertia correction needed. 
│             Attempting correction by adding diagonal matrix with positive values for the Jacobian of the stationary equations
└             and negative values for the Jacobian of the constraints.
┌ DiffOpt.NonLinearProgram | Info ] : Inertia correction needed. 
│             Attempting correction by adding diagonal matrix with positive values for the Jacobian of the stationary equations
└             and negative values for the Jacobian of the constraints.
┌ DiffOpt.NonLinearProgram | Info ] : Inertia correction needed. 
│             Attempting correction by adding diagonal matrix with positive values for the Jacobian of the stationary equations
└             and negative values for the Jacobian of the constraints.
┌ DiffOpt.NonLinearProgram | Info ] : Inertia correction needed. 
│             Attempting correction by adding diagonal matrix with positive values for the Jacobian of the stationary equations
└             and negative values for the Jacobian of the constraints.
┌ DiffOpt.NonLinearProgram | Info ] : Inertia correction needed. 
│             Attempting correction by adding diagonal matrix with positive values for the Jacobian of the stationary equations
└             and negative values for the Jacobian of the constraints.
┌ DiffOpt.NonLinearProgram | Info ] : Inertia correction needed. 
│             Attempting correction by adding diagonal matrix with positive values for the Jacobian of the stationary equations
└             and negative values for the Jacobian of the constraints.
┌ DiffOpt.NonLinearProgram | Info ] : Inertia correction needed. 
│             Attempting correction by adding diagonal matrix with positive values for the Jacobian of the stationary equations
└             and negative values for the Jacobian of the constraints.
┌ DiffOpt.NonLinearProgram | Info ] : Inertia correction needed. 
│             Attempting correction by adding diagonal matrix with positive values for the Jacobian of the stationary equations
└             and negative values for the Jacobian of the constraints.
┌ DiffOpt.NonLinearProgram | Info ] : Inertia correction needed. 
│             Attempting correction by adding diagonal matrix with positive values for the Jacobian of the stationary equations
└             and negative values for the Jacobian of the constraints.
┌ DiffOpt.NonLinearProgram | Info ] : Inertia correction needed. 
│             Attempting correction by adding diagonal matrix with positive values for the Jacobian of the stationary equations
└             and negative values for the Jacobian of the constraints.
┌ DiffOpt.NonLinearProgram | Info ] : Inertia correction needed. 
│             Attempting correction by adding diagonal matrix with positive values for the Jacobian of the stationary equations
└             and negative values for the Jacobian of the constraints.
┌ DiffOpt.NonLinearProgram | Info ] : Inertia correction needed. 
│             Attempting correction by adding diagonal matrix with positive values for the Jacobian of the stationary equations
└             and negative values for the Jacobian of the constraints.
┌ DiffOpt.NonLinearProgram | Info ] : Inertia correction needed. 
│             Attempting correction by adding diagonal matrix with positive values for the Jacobian of the stationary equations
└             and negative values for the Jacobian of the constraints.
┌ DiffOpt.NonLinearProgram | Info ] : Inertia correction needed. 
│             Attempting correction by adding diagonal matrix with positive values for the Jacobian of the stationary equations
└             and negative values for the Jacobian of the constraints.
┌ DiffOpt.NonLinearProgram | Info ] : Inertia correction needed. 
│             Attempting correction by adding diagonal matrix with positive values for the Jacobian of the stationary equations
└             and negative values for the Jacobian of the constraints.
┌ DiffOpt.NonLinearProgram | Info ] : Inertia correction needed. 
│             Attempting correction by adding diagonal matrix with positive values for the Jacobian of the stationary equations
└             and negative values for the Jacobian of the constraints.
┌ DiffOpt.NonLinearProgram | Info ] : Inertia correction needed. 
│             Attempting correction by adding diagonal matrix with positive values for the Jacobian of the stationary equations
└             and negative values for the Jacobian of the constraints.
┌ DiffOpt.NonLinearProgram | Info ] : Inertia correction needed. 
│             Attempting correction by adding diagonal matrix with positive values for the Jacobian of the stationary equations
└             and negative values for the Jacobian of the constraints.
┌ DiffOpt.NonLinearProgram | Info ] : Inertia correction needed. 
│             Attempting correction by adding diagonal matrix with positive values for the Jacobian of the stationary equations
└             and negative values for the Jacobian of the constraints.
┌ DiffOpt.NonLinearProgram | Info ] : Inertia correction needed. 
│             Attempting correction by adding diagonal matrix with positive values for the Jacobian of the stationary equations
└             and negative values for the Jacobian of the constraints.
┌ DiffOpt.NonLinearProgram | Info ] : Inertia correction needed. 
│             Attempting correction by adding diagonal matrix with positive values for the Jacobian of the stationary equations
└             and negative values for the Jacobian of the constraints.
┌ DiffOpt.NonLinearProgram | Info ] : Inertia correction needed. 
│             Attempting correction by adding diagonal matrix with positive values for the Jacobian of the stationary equations
└             and negative values for the Jacobian of the constraints.
┌ DiffOpt.NonLinearProgram | Info ] : Inertia correction needed. 
│             Attempting correction by adding diagonal matrix with positive values for the Jacobian of the stationary equations
└             and negative values for the Jacobian of the constraints.
┌ DiffOpt.NonLinearProgram | Info ] : Inertia correction needed. 
│             Attempting correction by adding diagonal matrix with positive values for the Jacobian of the stationary equations
└             and negative values for the Jacobian of the constraints.
┌ DiffOpt.NonLinearProgram | Info ] : Inertia correction needed. 
│             Attempting correction by adding diagonal matrix with positive values for the Jacobian of the stationary equations
└             and negative values for the Jacobian of the constraints.
┌ DiffOpt.NonLinearProgram | Info ] : Inertia correction needed. 
│             Attempting correction by adding diagonal matrix with positive values for the Jacobian of the stationary equations
└             and negative values for the Jacobian of the constraints.
┌ DiffOpt.NonLinearProgram | Info ] : Inertia correction needed. 
│             Attempting correction by adding diagonal matrix with positive values for the Jacobian of the stationary equations
└             and negative values for the Jacobian of the constraints.
[ Main | Info ] : [Palma formal CC] Jacobian is block-diagonal (max off-block-diag = 0.0)
[ Main | Info ] : [Palma formal CC] T=8, N=16, m=128 (indicator-constraint form, σ unbounded above)
[ Main | Info ] : [Palma formal CC] Solver status: TIME_LIMIT (solve_time=300.31s)
┌ Main | Warning ] : [Palma formal CC] Solver hit TIME_LIMIT with NO incumbent — returning no-progress
└ @ Main C:\Users\awest\github\FairLoadDelivery\src\implementation\load_shed_as_parameter.jl:869
[ Main | Info ] : [palma/absolute weak-CC] iter 2 upper-level status = TIME_LIMIT
┌ Main | Warning ] : [palma/absolute weak-CC] iter 2 upper-level hit TIME_LIMIT — using suboptimal incumbent
└ @ Main C:\Users\awest\github\FairLoadDelivery\script\bilevel_validation\run_validation_mn_motivation_c.jl:183
[ FairLoadDelivery | Info ] : Iteration 3: Solving multiperiod lower-level MLD with 128 per-period weights
┌ DiffOpt.NonLinearProgram | Info ] : Inertia correction needed. 
│             Attempting correction by adding diagonal matrix with positive values for the Jacobian of the stationary equations
└             and negative values for the Jacobian of the constraints.
┌ DiffOpt.NonLinearProgram | Info ] : Inertia correction needed. 
│             Attempting correction by adding diagonal matrix with positive values for the Jacobian of the stationary equations
└             and negative values for the Jacobian of the constraints.
┌ DiffOpt.NonLinearProgram | Info ] : Inertia correction needed. 
│             Attempting correction by adding diagonal matrix with positive values for the Jacobian of the stationary equations
└             and negative values for the Jacobian of the constraints.
┌ DiffOpt.NonLinearProgram | Info ] : Inertia correction needed. 
│             Attempting correction by adding diagonal matrix with positive values for the Jacobian of the stationary equations
└             and negative values for the Jacobian of the constraints.
┌ DiffOpt.NonLinearProgram | Info ] : Inertia correction needed. 
│             Attempting correction by adding diagonal matrix with positive values for the Jacobian of the stationary equations
└             and negative values for the Jacobian of the constraints.
┌ DiffOpt.NonLinearProgram | Info ] : Inertia correction needed. 
│             Attempting correction by adding diagonal matrix with positive values for the Jacobian of the stationary equations
└             and negative values for the Jacobian of the constraints.
┌ DiffOpt.NonLinearProgram | Info ] : Inertia correction needed. 
│             Attempting correction by adding diagonal matrix with positive values for the Jacobian of the stationary equations
└             and negative values for the Jacobian of the constraints.
┌ DiffOpt.NonLinearProgram | Info ] : Inertia correction needed. 
│             Attempting correction by adding diagonal matrix with positive values for the Jacobian of the stationary equations
└             and negative values for the Jacobian of the constraints.
┌ DiffOpt.NonLinearProgram | Info ] : Inertia correction needed. 
│             Attempting correction by adding diagonal matrix with positive values for the Jacobian of the stationary equations
└             and negative values for the Jacobian of the constraints.
┌ DiffOpt.NonLinearProgram | Info ] : Inertia correction needed. 
│             Attempting correction by adding diagonal matrix with positive values for the Jacobian of the stationary equations
└             and negative values for the Jacobian of the constraints.
┌ DiffOpt.NonLinearProgram | Info ] : Inertia correction needed. 
│             Attempting correction by adding diagonal matrix with positive values for the Jacobian of the stationary equations
└             and negative values for the Jacobian of the constraints.
┌ DiffOpt.NonLinearProgram | Info ] : Inertia correction needed. 
│             Attempting correction by adding diagonal matrix with positive values for the Jacobian of the stationary equations
└             and negative values for the Jacobian of the constraints.
┌ DiffOpt.NonLinearProgram | Info ] : Inertia correction needed. 
│             Attempting correction by adding diagonal matrix with positive values for the Jacobian of the stationary equations
└             and negative values for the Jacobian of the constraints.
┌ DiffOpt.NonLinearProgram | Info ] : Inertia correction needed. 
│             Attempting correction by adding diagonal matrix with positive values for the Jacobian of the stationary equations
└             and negative values for the Jacobian of the constraints.
┌ DiffOpt.NonLinearProgram | Info ] : Inertia correction needed. 
│             Attempting correction by adding diagonal matrix with positive values for the Jacobian of the stationary equations
└             and negative values for the Jacobian of the constraints.
┌ DiffOpt.NonLinearProgram | Info ] : Inertia correction needed. 
│             Attempting correction by adding diagonal matrix with positive values for the Jacobian of the stationary equations
└             and negative values for the Jacobian of the constraints.
┌ DiffOpt.NonLinearProgram | Info ] : Inertia correction needed. 
│             Attempting correction by adding diagonal matrix with positive values for the Jacobian of the stationary equations
└             and negative values for the Jacobian of the constraints.
┌ DiffOpt.NonLinearProgram | Info ] : Inertia correction needed. 
│             Attempting correction by adding diagonal matrix with positive values for the Jacobian of the stationary equations
└             and negative values for the Jacobian of the constraints.
┌ DiffOpt.NonLinearProgram | Info ] : Inertia correction needed. 
│             Attempting correction by adding diagonal matrix with positive values for the Jacobian of the stationary equations
└             and negative values for the Jacobian of the constraints.
┌ DiffOpt.NonLinearProgram | Info ] : Inertia correction needed. 
│             Attempting correction by adding diagonal matrix with positive values for the Jacobian of the stationary equations
└             and negative values for the Jacobian of the constraints.
┌ DiffOpt.NonLinearProgram | Info ] : Inertia correction needed. 
│             Attempting correction by adding diagonal matrix with positive values for the Jacobian of the stationary equations
└             and negative values for the Jacobian of the constraints.
┌ DiffOpt.NonLinearProgram | Info ] : Inertia correction needed. 
│             Attempting correction by adding diagonal matrix with positive values for the Jacobian of the stationary equations
└             and negative values for the Jacobian of the constraints.
┌ DiffOpt.NonLinearProgram | Info ] : Inertia correction needed. 
│             Attempting correction by adding diagonal matrix with positive values for the Jacobian of the stationary equations
└             and negative values for the Jacobian of the constraints.
┌ DiffOpt.NonLinearProgram | Info ] : Inertia correction needed. 
│             Attempting correction by adding diagonal matrix with positive values for the Jacobian of the stationary equations
└             and negative values for the Jacobian of the constraints.
┌ DiffOpt.NonLinearProgram | Info ] : Inertia correction needed. 
│             Attempting correction by adding diagonal matrix with positive values for the Jacobian of the stationary equations
└             and negative values for the Jacobian of the constraints.
┌ DiffOpt.NonLinearProgram | Info ] : Inertia correction needed. 
│             Attempting correction by adding diagonal matrix with positive values for the Jacobian of the stationary equations
└             and negative values for the Jacobian of the constraints.
┌ DiffOpt.NonLinearProgram | Info ] : Inertia correction needed. 
│             Attempting correction by adding diagonal matrix with positive values for the Jacobian of the stationary equations
└             and negative values for the Jacobian of the constraints.
┌ DiffOpt.NonLinearProgram | Info ] : Inertia correction needed. 
│             Attempting correction by adding diagonal matrix with positive values for the Jacobian of the stationary equations
└             and negative values for the Jacobian of the constraints.
┌ DiffOpt.NonLinearProgram | Info ] : Inertia correction needed. 
│             Attempting correction by adding diagonal matrix with positive values for the Jacobian of the stationary equations
└             and negative values for the Jacobian of the constraints.
┌ DiffOpt.NonLinearProgram | Info ] : Inertia correction needed. 
│             Attempting correction by adding diagonal matrix with positive values for the Jacobian of the stationary equations
└             and negative values for the Jacobian of the constraints.
┌ DiffOpt.NonLinearProgram | Info ] : Inertia correction needed. 
│             Attempting correction by adding diagonal matrix with positive values for the Jacobian of the stationary equations
└             and negative values for the Jacobian of the constraints.
┌ DiffOpt.NonLinearProgram | Info ] : Inertia correction needed. 
│             Attempting correction by adding diagonal matrix with positive values for the Jacobian of the stationary equations
└             and negative values for the Jacobian of the constraints.
┌ DiffOpt.NonLinearProgram | Info ] : Inertia correction needed. 
│             Attempting correction by adding diagonal matrix with positive values for the Jacobian of the stationary equations
└             and negative values for the Jacobian of the constraints.
┌ DiffOpt.NonLinearProgram | Info ] : Inertia correction needed. 
│             Attempting correction by adding diagonal matrix with positive values for the Jacobian of the stationary equations
└             and negative values for the Jacobian of the constraints.
┌ DiffOpt.NonLinearProgram | Info ] : Inertia correction needed. 
│             Attempting correction by adding diagonal matrix with positive values for the Jacobian of the stationary equations
└             and negative values for the Jacobian of the constraints.
┌ DiffOpt.NonLinearProgram | Info ] : Inertia correction needed. 
│             Attempting correction by adding diagonal matrix with positive values for the Jacobian of the stationary equations
└             and negative values for the Jacobian of the constraints.
┌ DiffOpt.NonLinearProgram | Info ] : Inertia correction needed. 
│             Attempting correction by adding diagonal matrix with positive values for the Jacobian of the stationary equations
└             and negative values for the Jacobian of the constraints.
┌ DiffOpt.NonLinearProgram | Info ] : Inertia correction needed. 
│             Attempting correction by adding diagonal matrix with positive values for the Jacobian of the stationary equations
└             and negative values for the Jacobian of the constraints.
┌ DiffOpt.NonLinearProgram | Info ] : Inertia correction needed. 
│             Attempting correction by adding diagonal matrix with positive values for the Jacobian of the stationary equations
└             and negative values for the Jacobian of the constraints.
┌ DiffOpt.NonLinearProgram | Info ] : Inertia correction needed. 
│             Attempting correction by adding diagonal matrix with positive values for the Jacobian of the stationary equations
└             and negative values for the Jacobian of the constraints.
┌ DiffOpt.NonLinearProgram | Info ] : Inertia correction needed. 
│             Attempting correction by adding diagonal matrix with positive values for the Jacobian of the stationary equations
└             and negative values for the Jacobian of the constraints.
┌ DiffOpt.NonLinearProgram | Info ] : Inertia correction needed. 
│             Attempting correction by adding diagonal matrix with positive values for the Jacobian of the stationary equations
└             and negative values for the Jacobian of the constraints.
┌ DiffOpt.NonLinearProgram | Info ] : Inertia correction needed. 
│             Attempting correction by adding diagonal matrix with positive values for the Jacobian of the stationary equations
└             and negative values for the Jacobian of the constraints.
┌ DiffOpt.NonLinearProgram | Info ] : Inertia correction needed. 
│             Attempting correction by adding diagonal matrix with positive values for the Jacobian of the stationary equations
└             and negative values for the Jacobian of the constraints.
┌ DiffOpt.NonLinearProgram | Info ] : Inertia correction needed. 
│             Attempting correction by adding diagonal matrix with positive values for the Jacobian of the stationary equations
└             and negative values for the Jacobian of the constraints.
┌ DiffOpt.NonLinearProgram | Info ] : Inertia correction needed. 
│             Attempting correction by adding diagonal matrix with positive values for the Jacobian of the stationary equations
└             and negative values for the Jacobian of the constraints.
┌ DiffOpt.NonLinearProgram | Info ] : Inertia correction needed. 
│             Attempting correction by adding diagonal matrix with positive values for the Jacobian of the stationary equations
└             and negative values for the Jacobian of the constraints.
┌ DiffOpt.NonLinearProgram | Info ] : Inertia correction needed. 
│             Attempting correction by adding diagonal matrix with positive values for the Jacobian of the stationary equations
└             and negative values for the Jacobian of the constraints.
┌ DiffOpt.NonLinearProgram | Info ] : Inertia correction needed. 
│             Attempting correction by adding diagonal matrix with positive values for the Jacobian of the stationary equations
└             and negative values for the Jacobian of the constraints.
┌ DiffOpt.NonLinearProgram | Info ] : Inertia correction needed. 
│             Attempting correction by adding diagonal matrix with positive values for the Jacobian of the stationary equations
└             and negative values for the Jacobian of the constraints.
┌ DiffOpt.NonLinearProgram | Info ] : Inertia correction needed. 
│             Attempting correction by adding diagonal matrix with positive values for the Jacobian of the stationary equations
└             and negative values for the Jacobian of the constraints.
┌ DiffOpt.NonLinearProgram | Info ] : Inertia correction needed. 
│             Attempting correction by adding diagonal matrix with positive values for the Jacobian of the stationary equations
└             and negative values for the Jacobian of the constraints.
┌ DiffOpt.NonLinearProgram | Info ] : Inertia correction needed. 
│             Attempting correction by adding diagonal matrix with positive values for the Jacobian of the stationary equations
└             and negative values for the Jacobian of the constraints.
┌ DiffOpt.NonLinearProgram | Info ] : Inertia correction needed. 
│             Attempting correction by adding diagonal matrix with positive values for the Jacobian of the stationary equations
└             and negative values for the Jacobian of the constraints.
┌ DiffOpt.NonLinearProgram | Info ] : Inertia correction needed. 
│             Attempting correction by adding diagonal matrix with positive values for the Jacobian of the stationary equations
└             and negative values for the Jacobian of the constraints.
┌ DiffOpt.NonLinearProgram | Info ] : Inertia correction needed. 
│             Attempting correction by adding diagonal matrix with positive values for the Jacobian of the stationary equations
└             and negative values for the Jacobian of the constraints.
┌ DiffOpt.NonLinearProgram | Info ] : Inertia correction needed. 
│             Attempting correction by adding diagonal matrix with positive values for the Jacobian of the stationary equations
└             and negative values for the Jacobian of the constraints.
┌ DiffOpt.NonLinearProgram | Info ] : Inertia correction needed. 
│             Attempting correction by adding diagonal matrix with positive values for the Jacobian of the stationary equations
└             and negative values for the Jacobian of the constraints.
┌ DiffOpt.NonLinearProgram | Info ] : Inertia correction needed. 
│             Attempting correction by adding diagonal matrix with positive values for the Jacobian of the stationary equations
└             and negative values for the Jacobian of the constraints.
┌ DiffOpt.NonLinearProgram | Info ] : Inertia correction needed. 
│             Attempting correction by adding diagonal matrix with positive values for the Jacobian of the stationary equations
└             and negative values for the Jacobian of the constraints.
┌ DiffOpt.NonLinearProgram | Info ] : Inertia correction needed. 
│             Attempting correction by adding diagonal matrix with positive values for the Jacobian of the stationary equations
└             and negative values for the Jacobian of the constraints.
┌ DiffOpt.NonLinearProgram | Info ] : Inertia correction needed. 
│             Attempting correction by adding diagonal matrix with positive values for the Jacobian of the stationary equations
└             and negative values for the Jacobian of the constraints.
┌ DiffOpt.NonLinearProgram | Info ] : Inertia correction needed. 
│             Attempting correction by adding diagonal matrix with positive values for the Jacobian of the stationary equations
└             and negative values for the Jacobian of the constraints.
┌ DiffOpt.NonLinearProgram | Info ] : Inertia correction needed. 
│             Attempting correction by adding diagonal matrix with positive values for the Jacobian of the stationary equations
└             and negative values for the Jacobian of the constraints.
┌ DiffOpt.NonLinearProgram | Info ] : Inertia correction needed. 
│             Attempting correction by adding diagonal matrix with positive values for the Jacobian of the stationary equations
└             and negative values for the Jacobian of the constraints.
┌ DiffOpt.NonLinearProgram | Info ] : Inertia correction needed. 
│             Attempting correction by adding diagonal matrix with positive values for the Jacobian of the stationary equations
└             and negative values for the Jacobian of the constraints.
┌ DiffOpt.NonLinearProgram | Info ] : Inertia correction needed. 
│             Attempting correction by adding diagonal matrix with positive values for the Jacobian of the stationary equations
└             and negative values for the Jacobian of the constraints.
┌ DiffOpt.NonLinearProgram | Info ] : Inertia correction needed. 
│             Attempting correction by adding diagonal matrix with positive values for the Jacobian of the stationary equations
└             and negative values for the Jacobian of the constraints.
┌ DiffOpt.NonLinearProgram | Info ] : Inertia correction needed. 
│             Attempting correction by adding diagonal matrix with positive values for the Jacobian of the stationary equations
└             and negative values for the Jacobian of the constraints.
┌ DiffOpt.NonLinearProgram | Info ] : Inertia correction needed. 
│             Attempting correction by adding diagonal matrix with positive values for the Jacobian of the stationary equations
└             and negative values for the Jacobian of the constraints.
┌ DiffOpt.NonLinearProgram | Info ] : Inertia correction needed. 
│             Attempting correction by adding diagonal matrix with positive values for the Jacobian of the stationary equations
└             and negative values for the Jacobian of the constraints.
┌ DiffOpt.NonLinearProgram | Info ] : Inertia correction needed. 
│             Attempting correction by adding diagonal matrix with positive values for the Jacobian of the stationary equations
└             and negative values for the Jacobian of the constraints.
┌ DiffOpt.NonLinearProgram | Info ] : Inertia correction needed. 
│             Attempting correction by adding diagonal matrix with positive values for the Jacobian of the stationary equations
└             and negative values for the Jacobian of the constraints.
┌ DiffOpt.NonLinearProgram | Info ] : Inertia correction needed. 
│             Attempting correction by adding diagonal matrix with positive values for the Jacobian of the stationary equations
└             and negative values for the Jacobian of the constraints.
┌ DiffOpt.NonLinearProgram | Info ] : Inertia correction needed. 
│             Attempting correction by adding diagonal matrix with positive values for the Jacobian of the stationary equations
└             and negative values for the Jacobian of the constraints.
┌ DiffOpt.NonLinearProgram | Info ] : Inertia correction needed. 
│             Attempting correction by adding diagonal matrix with positive values for the Jacobian of the stationary equations
└             and negative values for the Jacobian of the constraints.
┌ DiffOpt.NonLinearProgram | Info ] : Inertia correction needed. 
│             Attempting correction by adding diagonal matrix with positive values for the Jacobian of the stationary equations
└             and negative values for the Jacobian of the constraints.
┌ DiffOpt.NonLinearProgram | Info ] : Inertia correction needed. 
│             Attempting correction by adding diagonal matrix with positive values for the Jacobian of the stationary equations
└             and negative values for the Jacobian of the constraints.
┌ DiffOpt.NonLinearProgram | Info ] : Inertia correction needed. 
│             Attempting correction by adding diagonal matrix with positive values for the Jacobian of the stationary equations
└             and negative values for the Jacobian of the constraints.
┌ DiffOpt.NonLinearProgram | Info ] : Inertia correction needed. 
│             Attempting correction by adding diagonal matrix with positive values for the Jacobian of the stationary equations
└             and negative values for the Jacobian of the constraints.
┌ DiffOpt.NonLinearProgram | Info ] : Inertia correction needed. 
│             Attempting correction by adding diagonal matrix with positive values for the Jacobian of the stationary equations
└             and negative values for the Jacobian of the constraints.
┌ DiffOpt.NonLinearProgram | Info ] : Inertia correction needed. 
│             Attempting correction by adding diagonal matrix with positive values for the Jacobian of the stationary equations
└             and negative values for the Jacobian of the constraints.
┌ DiffOpt.NonLinearProgram | Info ] : Inertia correction needed. 
│             Attempting correction by adding diagonal matrix with positive values for the Jacobian of the stationary equations
└             and negative values for the Jacobian of the constraints.
┌ DiffOpt.NonLinearProgram | Info ] : Inertia correction needed. 
│             Attempting correction by adding diagonal matrix with positive values for the Jacobian of the stationary equations
└             and negative values for the Jacobian of the constraints.
┌ DiffOpt.NonLinearProgram | Info ] : Inertia correction needed. 
│             Attempting correction by adding diagonal matrix with positive values for the Jacobian of the stationary equations
└             and negative values for the Jacobian of the constraints.
┌ DiffOpt.NonLinearProgram | Info ] : Inertia correction needed. 
│             Attempting correction by adding diagonal matrix with positive values for the Jacobian of the stationary equations
└             and negative values for the Jacobian of the constraints.
┌ DiffOpt.NonLinearProgram | Info ] : Inertia correction needed. 
│             Attempting correction by adding diagonal matrix with positive values for the Jacobian of the stationary equations
└             and negative values for the Jacobian of the constraints.
┌ DiffOpt.NonLinearProgram | Info ] : Inertia correction needed. 
│             Attempting correction by adding diagonal matrix with positive values for the Jacobian of the stationary equations
└             and negative values for the Jacobian of the constraints.
┌ DiffOpt.NonLinearProgram | Info ] : Inertia correction needed. 
│             Attempting correction by adding diagonal matrix with positive values for the Jacobian of the stationary equations
└             and negative values for the Jacobian of the constraints.
┌ DiffOpt.NonLinearProgram | Info ] : Inertia correction needed. 
│             Attempting correction by adding diagonal matrix with positive values for the Jacobian of the stationary equations
└             and negative values for the Jacobian of the constraints.
Set parameter Username
Set parameter LicenseID to value 2813843
Academic license - for non-commercial use only - expires 2027-04-27
┌ DiffOpt.NonLinearProgram | Info ] : Inertia correction needed. 
│             Attempting correction by adding diagonal matrix with positive values for the Jacobian of the stationary equations
└             and negative values for the Jacobian of the constraints.
┌ DiffOpt.NonLinearProgram | Info ] : Inertia correction needed. 
│             Attempting correction by adding diagonal matrix with positive values for the Jacobian of the stationary equations
└             and negative values for the Jacobian of the constraints.
┌ DiffOpt.NonLinearProgram | Info ] : Inertia correction needed. 
│             Attempting correction by adding diagonal matrix with positive values for the Jacobian of the stationary equations
└             and negative values for the Jacobian of the constraints.
┌ DiffOpt.NonLinearProgram | Info ] : Inertia correction needed. 
│             Attempting correction by adding diagonal matrix with positive values for the Jacobian of the stationary equations
└             and negative values for the Jacobian of the constraints.
┌ DiffOpt.NonLinearProgram | Info ] : Inertia correction needed. 
│             Attempting correction by adding diagonal matrix with positive values for the Jacobian of the stationary equations
└             and negative values for the Jacobian of the constraints.
┌ DiffOpt.NonLinearProgram | Info ] : Inertia correction needed. 
│             Attempting correction by adding diagonal matrix with positive values for the Jacobian of the stationary equations
└             and negative values for the Jacobian of the constraints.
┌ DiffOpt.NonLinearProgram | Info ] : Inertia correction needed. 
│             Attempting correction by adding diagonal matrix with positive values for the Jacobian of the stationary equations
└             and negative values for the Jacobian of the constraints.
┌ DiffOpt.NonLinearProgram | Info ] : Inertia correction needed. 
│             Attempting correction by adding diagonal matrix with positive values for the Jacobian of the stationary equations
└             and negative values for the Jacobian of the constraints.
┌ DiffOpt.NonLinearProgram | Info ] : Inertia correction needed. 
│             Attempting correction by adding diagonal matrix with positive values for the Jacobian of the stationary equations
└             and negative values for the Jacobian of the constraints.
┌ DiffOpt.NonLinearProgram | Info ] : Inertia correction needed. 
│             Attempting correction by adding diagonal matrix with positive values for the Jacobian of the stationary equations
└             and negative values for the Jacobian of the constraints.
┌ DiffOpt.NonLinearProgram | Info ] : Inertia correction needed. 
│             Attempting correction by adding diagonal matrix with positive values for the Jacobian of the stationary equations
└             and negative values for the Jacobian of the constraints.
┌ DiffOpt.NonLinearProgram | Info ] : Inertia correction needed. 
│             Attempting correction by adding diagonal matrix with positive values for the Jacobian of the stationary equations
└             and negative values for the Jacobian of the constraints.
┌ DiffOpt.NonLinearProgram | Info ] : Inertia correction needed. 
│             Attempting correction by adding diagonal matrix with positive values for the Jacobian of the stationary equations
└             and negative values for the Jacobian of the constraints.
┌ DiffOpt.NonLinearProgram | Info ] : Inertia correction needed. 
│             Attempting correction by adding diagonal matrix with positive values for the Jacobian of the stationary equations
└             and negative values for the Jacobian of the constraints.
┌ DiffOpt.NonLinearProgram | Info ] : Inertia correction needed. 
│             Attempting correction by adding diagonal matrix with positive values for the Jacobian of the stationary equations
└             and negative values for the Jacobian of the constraints.
┌ DiffOpt.NonLinearProgram | Info ] : Inertia correction needed. 
│             Attempting correction by adding diagonal matrix with positive values for the Jacobian of the stationary equations
└             and negative values for the Jacobian of the constraints.
┌ DiffOpt.NonLinearProgram | Info ] : Inertia correction needed. 
│             Attempting correction by adding diagonal matrix with positive values for the Jacobian of the stationary equations
└             and negative values for the Jacobian of the constraints.
┌ DiffOpt.NonLinearProgram | Info ] : Inertia correction needed. 
│             Attempting correction by adding diagonal matrix with positive values for the Jacobian of the stationary equations
└             and negative values for the Jacobian of the constraints.
┌ DiffOpt.NonLinearProgram | Info ] : Inertia correction needed. 
│             Attempting correction by adding diagonal matrix with positive values for the Jacobian of the stationary equations
└             and negative values for the Jacobian of the constraints.
┌ DiffOpt.NonLinearProgram | Info ] : Inertia correction needed. 
│             Attempting correction by adding diagonal matrix with positive values for the Jacobian of the stationary equations
└             and negative values for the Jacobian of the constraints.
┌ DiffOpt.NonLinearProgram | Info ] : Inertia correction needed. 
│             Attempting correction by adding diagonal matrix with positive values for the Jacobian of the stationary equations
└             and negative values for the Jacobian of the constraints.
┌ DiffOpt.NonLinearProgram | Info ] : Inertia correction needed. 
│             Attempting correction by adding diagonal matrix with positive values for the Jacobian of the stationary equations
└             and negative values for the Jacobian of the constraints.
┌ DiffOpt.NonLinearProgram | Info ] : Inertia correction needed. 
│             Attempting correction by adding diagonal matrix with positive values for the Jacobian of the stationary equations
└             and negative values for the Jacobian of the constraints.
┌ DiffOpt.NonLinearProgram | Info ] : Inertia correction needed. 
│             Attempting correction by adding diagonal matrix with positive values for the Jacobian of the stationary equations
└             and negative values for the Jacobian of the constraints.
┌ DiffOpt.NonLinearProgram | Info ] : Inertia correction needed. 
│             Attempting correction by adding diagonal matrix with positive values for the Jacobian of the stationary equations
└             and negative values for the Jacobian of the constraints.
┌ DiffOpt.NonLinearProgram | Info ] : Inertia correction needed. 
│             Attempting correction by adding diagonal matrix with positive values for the Jacobian of the stationary equations
└             and negative values for the Jacobian of the constraints.
┌ DiffOpt.NonLinearProgram | Info ] : Inertia correction needed. 
│             Attempting correction by adding diagonal matrix with positive values for the Jacobian of the stationary equations
└             and negative values for the Jacobian of the constraints.
┌ DiffOpt.NonLinearProgram | Info ] : Inertia correction needed. 
│             Attempting correction by adding diagonal matrix with positive values for the Jacobian of the stationary equations
└             and negative values for the Jacobian of the constraints.
┌ DiffOpt.NonLinearProgram | Info ] : Inertia correction needed. 
│             Attempting correction by adding diagonal matrix with positive values for the Jacobian of the stationary equations
└             and negative values for the Jacobian of the constraints.
┌ DiffOpt.NonLinearProgram | Info ] : Inertia correction needed. 
│             Attempting correction by adding diagonal matrix with positive values for the Jacobian of the stationary equations
└             and negative values for the Jacobian of the constraints.
┌ DiffOpt.NonLinearProgram | Info ] : Inertia correction needed. 
│             Attempting correction by adding diagonal matrix with positive values for the Jacobian of the stationary equations
└             and negative values for the Jacobian of the constraints.
┌ DiffOpt.NonLinearProgram | Info ] : Inertia correction needed. 
│             Attempting correction by adding diagonal matrix with positive values for the Jacobian of the stationary equations
└             and negative values for the Jacobian of the constraints.
┌ DiffOpt.NonLinearProgram | Info ] : Inertia correction needed. 
│             Attempting correction by adding diagonal matrix with positive values for the Jacobian of the stationary equations
└             and negative values for the Jacobian of the constraints.
┌ DiffOpt.NonLinearProgram | Info ] : Inertia correction needed. 
│             Attempting correction by adding diagonal matrix with positive values for the Jacobian of the stationary equations
└             and negative values for the Jacobian of the constraints.
┌ DiffOpt.NonLinearProgram | Info ] : Inertia correction needed. 
│             Attempting correction by adding diagonal matrix with positive values for the Jacobian of the stationary equations
└             and negative values for the Jacobian of the constraints.
┌ DiffOpt.NonLinearProgram | Info ] : Inertia correction needed. 
│             Attempting correction by adding diagonal matrix with positive values for the Jacobian of the stationary equations
└             and negative values for the Jacobian of the constraints.
┌ DiffOpt.NonLinearProgram | Info ] : Inertia correction needed. 
│             Attempting correction by adding diagonal matrix with positive values for the Jacobian of the stationary equations
└             and negative values for the Jacobian of the constraints.
┌ DiffOpt.NonLinearProgram | Info ] : Inertia correction needed. 
│             Attempting correction by adding diagonal matrix with positive values for the Jacobian of the stationary equations
└             and negative values for the Jacobian of the constraints.
[ Main | Info ] : [Palma formal CC] Jacobian is block-diagonal (max off-block-diag = 0.0)
[ Main | Info ] : [Palma formal CC] T=8, N=16, m=128 (indicator-constraint form, σ unbounded above)
[ Main | Info ] : [Palma formal CC] Solver status: TIME_LIMIT (solve_time=300.37s)
┌ Main | Warning ] : [Palma formal CC] Solver hit TIME_LIMIT with NO incumbent — returning no-progress
└ @ Main C:\Users\awest\github\FairLoadDelivery\src\implementation\load_shed_as_parameter.jl:869
[ Main | Info ] : [palma/absolute weak-CC] iter 3 upper-level status = TIME_LIMIT
┌ Main | Warning ] : [palma/absolute weak-CC] iter 3 upper-level hit TIME_LIMIT — using suboptimal incumbent
└ @ Main C:\Users\awest\github\FairLoadDelivery\script\bilevel_validation\run_validation_mn_motivation_c.jl:183
[ FairLoadDelivery | Info ] : Iteration 4: Solving multiperiod lower-level MLD with 128 per-period weights
┌ DiffOpt.NonLinearProgram | Info ] : Inertia correction needed. 
│             Attempting correction by adding diagonal matrix with positive values for the Jacobian of the stationary equations
└             and negative values for the Jacobian of the constraints.
┌ DiffOpt.NonLinearProgram | Info ] : Inertia correction needed. 
│             Attempting correction by adding diagonal matrix with positive values for the Jacobian of the stationary equations
└             and negative values for the Jacobian of the constraints.
┌ DiffOpt.NonLinearProgram | Info ] : Inertia correction needed. 
│             Attempting correction by adding diagonal matrix with positive values for the Jacobian of the stationary equations
└             and negative values for the Jacobian of the constraints.
┌ DiffOpt.NonLinearProgram | Info ] : Inertia correction needed. 
│             Attempting correction by adding diagonal matrix with positive values for the Jacobian of the stationary equations
└             and negative values for the Jacobian of the constraints.
┌ DiffOpt.NonLinearProgram | Info ] : Inertia correction needed. 
│             Attempting correction by adding diagonal matrix with positive values for the Jacobian of the stationary equations
└             and negative values for the Jacobian of the constraints.
┌ DiffOpt.NonLinearProgram | Info ] : Inertia correction needed. 
│             Attempting correction by adding diagonal matrix with positive values for the Jacobian of the stationary equations
└             and negative values for the Jacobian of the constraints.
┌ DiffOpt.NonLinearProgram | Info ] : Inertia correction needed. 
│             Attempting correction by adding diagonal matrix with positive values for the Jacobian of the stationary equations
└             and negative values for the Jacobian of the constraints.
┌ DiffOpt.NonLinearProgram | Info ] : Inertia correction needed. 
│             Attempting correction by adding diagonal matrix with positive values for the Jacobian of the stationary equations
└             and negative values for the Jacobian of the constraints.
┌ DiffOpt.NonLinearProgram | Info ] : Inertia correction needed. 
│             Attempting correction by adding diagonal matrix with positive values for the Jacobian of the stationary equations
└             and negative values for the Jacobian of the constraints.
┌ DiffOpt.NonLinearProgram | Info ] : Inertia correction needed. 
│             Attempting correction by adding diagonal matrix with positive values for the Jacobian of the stationary equations
└             and negative values for the Jacobian of the constraints.
┌ DiffOpt.NonLinearProgram | Info ] : Inertia correction needed. 
│             Attempting correction by adding diagonal matrix with positive values for the Jacobian of the stationary equations
└             and negative values for the Jacobian of the constraints.
┌ DiffOpt.NonLinearProgram | Info ] : Inertia correction needed. 
│             Attempting correction by adding diagonal matrix with positive values for the Jacobian of the stationary equations
└             and negative values for the Jacobian of the constraints.
┌ DiffOpt.NonLinearProgram | Info ] : Inertia correction needed. 
│             Attempting correction by adding diagonal matrix with positive values for the Jacobian of the stationary equations
└             and negative values for the Jacobian of the constraints.
┌ DiffOpt.NonLinearProgram | Info ] : Inertia correction needed. 
│             Attempting correction by adding diagonal matrix with positive values for the Jacobian of the stationary equations
└             and negative values for the Jacobian of the constraints.
┌ DiffOpt.NonLinearProgram | Info ] : Inertia correction needed. 
│             Attempting correction by adding diagonal matrix with positive values for the Jacobian of the stationary equations
└             and negative values for the Jacobian of the constraints.
┌ DiffOpt.NonLinearProgram | Info ] : Inertia correction needed. 
│             Attempting correction by adding diagonal matrix with positive values for the Jacobian of the stationary equations
└             and negative values for the Jacobian of the constraints.
┌ DiffOpt.NonLinearProgram | Info ] : Inertia correction needed. 
│             Attempting correction by adding diagonal matrix with positive values for the Jacobian of the stationary equations
└             and negative values for the Jacobian of the constraints.
┌ DiffOpt.NonLinearProgram | Info ] : Inertia correction needed. 
│             Attempting correction by adding diagonal matrix with positive values for the Jacobian of the stationary equations
└             and negative values for the Jacobian of the constraints.
┌ DiffOpt.NonLinearProgram | Info ] : Inertia correction needed. 
│             Attempting correction by adding diagonal matrix with positive values for the Jacobian of the stationary equations
└             and negative values for the Jacobian of the constraints.
┌ DiffOpt.NonLinearProgram | Info ] : Inertia correction needed. 
│             Attempting correction by adding diagonal matrix with positive values for the Jacobian of the stationary equations
└             and negative values for the Jacobian of the constraints.
┌ DiffOpt.NonLinearProgram | Info ] : Inertia correction needed. 
│             Attempting correction by adding diagonal matrix with positive values for the Jacobian of the stationary equations
└             and negative values for the Jacobian of the constraints.
┌ DiffOpt.NonLinearProgram | Info ] : Inertia correction needed. 
│             Attempting correction by adding diagonal matrix with positive values for the Jacobian of the stationary equations
└             and negative values for the Jacobian of the constraints.
┌ DiffOpt.NonLinearProgram | Info ] : Inertia correction needed. 
│             Attempting correction by adding diagonal matrix with positive values for the Jacobian of the stationary equations
└             and negative values for the Jacobian of the constraints.
┌ DiffOpt.NonLinearProgram | Info ] : Inertia correction needed. 
│             Attempting correction by adding diagonal matrix with positive values for the Jacobian of the stationary equations
└             and negative values for the Jacobian of the constraints.
┌ DiffOpt.NonLinearProgram | Info ] : Inertia correction needed. 
│             Attempting correction by adding diagonal matrix with positive values for the Jacobian of the stationary equations
└             and negative values for the Jacobian of the constraints.
┌ DiffOpt.NonLinearProgram | Info ] : Inertia correction needed. 
│             Attempting correction by adding diagonal matrix with positive values for the Jacobian of the stationary equations
└             and negative values for the Jacobian of the constraints.
┌ DiffOpt.NonLinearProgram | Info ] : Inertia correction needed. 
│             Attempting correction by adding diagonal matrix with positive values for the Jacobian of the stationary equations
└             and negative values for the Jacobian of the constraints.
┌ DiffOpt.NonLinearProgram | Info ] : Inertia correction needed. 
│             Attempting correction by adding diagonal matrix with positive values for the Jacobian of the stationary equations
└             and negative values for the Jacobian of the constraints.
┌ DiffOpt.NonLinearProgram | Info ] : Inertia correction needed. 
│             Attempting correction by adding diagonal matrix with positive values for the Jacobian of the stationary equations
└             and negative values for the Jacobian of the constraints.
┌ DiffOpt.NonLinearProgram | Info ] : Inertia correction needed. 
│             Attempting correction by adding diagonal matrix with positive values for the Jacobian of the stationary equations
└             and negative values for the Jacobian of the constraints.
┌ DiffOpt.NonLinearProgram | Info ] : Inertia correction needed. 
│             Attempting correction by adding diagonal matrix with positive values for the Jacobian of the stationary equations
└             and negative values for the Jacobian of the constraints.
┌ DiffOpt.NonLinearProgram | Info ] : Inertia correction needed. 
│             Attempting correction by adding diagonal matrix with positive values for the Jacobian of the stationary equations
└             and negative values for the Jacobian of the constraints.
┌ DiffOpt.NonLinearProgram | Info ] : Inertia correction needed. 
│             Attempting correction by adding diagonal matrix with positive values for the Jacobian of the stationary equations
└             and negative values for the Jacobian of the constraints.
┌ DiffOpt.NonLinearProgram | Info ] : Inertia correction needed. 
│             Attempting correction by adding diagonal matrix with positive values for the Jacobian of the stationary equations
└             and negative values for the Jacobian of the constraints.
┌ DiffOpt.NonLinearProgram | Info ] : Inertia correction needed. 
│             Attempting correction by adding diagonal matrix with positive values for the Jacobian of the stationary equations
└             and negative values for the Jacobian of the constraints.
┌ DiffOpt.NonLinearProgram | Info ] : Inertia correction needed. 
│             Attempting correction by adding diagonal matrix with positive values for the Jacobian of the stationary equations
└             and negative values for the Jacobian of the constraints.
┌ DiffOpt.NonLinearProgram | Info ] : Inertia correction needed. 
│             Attempting correction by adding diagonal matrix with positive values for the Jacobian of the stationary equations
└             and negative values for the Jacobian of the constraints.
┌ DiffOpt.NonLinearProgram | Info ] : Inertia correction needed. 
│             Attempting correction by adding diagonal matrix with positive values for the Jacobian of the stationary equations
└             and negative values for the Jacobian of the constraints.
┌ DiffOpt.NonLinearProgram | Info ] : Inertia correction needed. 
│             Attempting correction by adding diagonal matrix with positive values for the Jacobian of the stationary equations
└             and negative values for the Jacobian of the constraints.
┌ DiffOpt.NonLinearProgram | Info ] : Inertia correction needed. 
│             Attempting correction by adding diagonal matrix with positive values for the Jacobian of the stationary equations
└             and negative values for the Jacobian of the constraints.
┌ DiffOpt.NonLinearProgram | Info ] : Inertia correction needed. 
│             Attempting correction by adding diagonal matrix with positive values for the Jacobian of the stationary equations
└             and negative values for the Jacobian of the constraints.
┌ DiffOpt.NonLinearProgram | Info ] : Inertia correction needed. 
│             Attempting correction by adding diagonal matrix with positive values for the Jacobian of the stationary equations
└             and negative values for the Jacobian of the constraints.
┌ DiffOpt.NonLinearProgram | Info ] : Inertia correction needed. 
│             Attempting correction by adding diagonal matrix with positive values for the Jacobian of the stationary equations
└             and negative values for the Jacobian of the constraints.
┌ DiffOpt.NonLinearProgram | Info ] : Inertia correction needed. 
│             Attempting correction by adding diagonal matrix with positive values for the Jacobian of the stationary equations
└             and negative values for the Jacobian of the constraints.
┌ DiffOpt.NonLinearProgram | Info ] : Inertia correction needed. 
│             Attempting correction by adding diagonal matrix with positive values for the Jacobian of the stationary equations
└             and negative values for the Jacobian of the constraints.
┌ DiffOpt.NonLinearProgram | Info ] : Inertia correction needed. 
│             Attempting correction by adding diagonal matrix with positive values for the Jacobian of the stationary equations
└             and negative values for the Jacobian of the constraints.
┌ DiffOpt.NonLinearProgram | Info ] : Inertia correction needed. 
│             Attempting correction by adding diagonal matrix with positive values for the Jacobian of the stationary equations
└             and negative values for the Jacobian of the constraints.
┌ DiffOpt.NonLinearProgram | Info ] : Inertia correction needed. 
│             Attempting correction by adding diagonal matrix with positive values for the Jacobian of the stationary equations
└             and negative values for the Jacobian of the constraints.
┌ DiffOpt.NonLinearProgram | Info ] : Inertia correction needed. 
│             Attempting correction by adding diagonal matrix with positive values for the Jacobian of the stationary equations
└             and negative values for the Jacobian of the constraints.
┌ DiffOpt.NonLinearProgram | Info ] : Inertia correction needed. 
│             Attempting correction by adding diagonal matrix with positive values for the Jacobian of the stationary equations
└             and negative values for the Jacobian of the constraints.
┌ DiffOpt.NonLinearProgram | Info ] : Inertia correction needed. 
│             Attempting correction by adding diagonal matrix with positive values for the Jacobian of the stationary equations
└             and negative values for the Jacobian of the constraints.
┌ DiffOpt.NonLinearProgram | Info ] : Inertia correction needed. 
│             Attempting correction by adding diagonal matrix with positive values for the Jacobian of the stationary equations
└             and negative values for the Jacobian of the constraints.
┌ DiffOpt.NonLinearProgram | Info ] : Inertia correction needed. 
│             Attempting correction by adding diagonal matrix with positive values for the Jacobian of the stationary equations
└             and negative values for the Jacobian of the constraints.
┌ DiffOpt.NonLinearProgram | Info ] : Inertia correction needed. 
│             Attempting correction by adding diagonal matrix with positive values for the Jacobian of the stationary equations
└             and negative values for the Jacobian of the constraints.
┌ DiffOpt.NonLinearProgram | Info ] : Inertia correction needed. 
│             Attempting correction by adding diagonal matrix with positive values for the Jacobian of the stationary equations
└             and negative values for the Jacobian of the constraints.
┌ DiffOpt.NonLinearProgram | Info ] : Inertia correction needed. 
│             Attempting correction by adding diagonal matrix with positive values for the Jacobian of the stationary equations
└             and negative values for the Jacobian of the constraints.
┌ DiffOpt.NonLinearProgram | Info ] : Inertia correction needed. 
│             Attempting correction by adding diagonal matrix with positive values for the Jacobian of the stationary equations
└             and negative values for the Jacobian of the constraints.
┌ DiffOpt.NonLinearProgram | Info ] : Inertia correction needed. 
│             Attempting correction by adding diagonal matrix with positive values for the Jacobian of the stationary equations
└             and negative values for the Jacobian of the constraints.
┌ DiffOpt.NonLinearProgram | Info ] : Inertia correction needed. 
│             Attempting correction by adding diagonal matrix with positive values for the Jacobian of the stationary equations
└             and negative values for the Jacobian of the constraints.
┌ DiffOpt.NonLinearProgram | Info ] : Inertia correction needed. 
│             Attempting correction by adding diagonal matrix with positive values for the Jacobian of the stationary equations
└             and negative values for the Jacobian of the constraints.
┌ DiffOpt.NonLinearProgram | Info ] : Inertia correction needed. 
│             Attempting correction by adding diagonal matrix with positive values for the Jacobian of the stationary equations
└             and negative values for the Jacobian of the constraints.
┌ DiffOpt.NonLinearProgram | Info ] : Inertia correction needed. 
│             Attempting correction by adding diagonal matrix with positive values for the Jacobian of the stationary equations
└             and negative values for the Jacobian of the constraints.
┌ DiffOpt.NonLinearProgram | Info ] : Inertia correction needed. 
│             Attempting correction by adding diagonal matrix with positive values for the Jacobian of the stationary equations
└             and negative values for the Jacobian of the constraints.
┌ DiffOpt.NonLinearProgram | Info ] : Inertia correction needed. 
│             Attempting correction by adding diagonal matrix with positive values for the Jacobian of the stationary equations
└             and negative values for the Jacobian of the constraints.
┌ DiffOpt.NonLinearProgram | Info ] : Inertia correction needed. 
│             Attempting correction by adding diagonal matrix with positive values for the Jacobian of the stationary equations
└             and negative values for the Jacobian of the constraints.
┌ DiffOpt.NonLinearProgram | Info ] : Inertia correction needed. 
│             Attempting correction by adding diagonal matrix with positive values for the Jacobian of the stationary equations
└             and negative values for the Jacobian of the constraints.
┌ DiffOpt.NonLinearProgram | Info ] : Inertia correction needed. 
│             Attempting correction by adding diagonal matrix with positive values for the Jacobian of the stationary equations
└             and negative values for the Jacobian of the constraints.
┌ DiffOpt.NonLinearProgram | Info ] : Inertia correction needed. 
│             Attempting correction by adding diagonal matrix with positive values for the Jacobian of the stationary equations
└             and negative values for the Jacobian of the constraints.
┌ DiffOpt.NonLinearProgram | Info ] : Inertia correction needed. 
│             Attempting correction by adding diagonal matrix with positive values for the Jacobian of the stationary equations
└             and negative values for the Jacobian of the constraints.
┌ DiffOpt.NonLinearProgram | Info ] : Inertia correction needed. 
│             Attempting correction by adding diagonal matrix with positive values for the Jacobian of the stationary equations
└             and negative values for the Jacobian of the constraints.
┌ DiffOpt.NonLinearProgram | Info ] : Inertia correction needed. 
│             Attempting correction by adding diagonal matrix with positive values for the Jacobian of the stationary equations
└             and negative values for the Jacobian of the constraints.
┌ DiffOpt.NonLinearProgram | Info ] : Inertia correction needed. 
│             Attempting correction by adding diagonal matrix with positive values for the Jacobian of the stationary equations
└             and negative values for the Jacobian of the constraints.
┌ DiffOpt.NonLinearProgram | Info ] : Inertia correction needed. 
│             Attempting correction by adding diagonal matrix with positive values for the Jacobian of the stationary equations
└             and negative values for the Jacobian of the constraints.
┌ DiffOpt.NonLinearProgram | Info ] : Inertia correction needed. 
│             Attempting correction by adding diagonal matrix with positive values for the Jacobian of the stationary equations
└             and negative values for the Jacobian of the constraints.
┌ DiffOpt.NonLinearProgram | Info ] : Inertia correction needed. 
│             Attempting correction by adding diagonal matrix with positive values for the Jacobian of the stationary equations
└             and negative values for the Jacobian of the constraints.
┌ DiffOpt.NonLinearProgram | Info ] : Inertia correction needed. 
│             Attempting correction by adding diagonal matrix with positive values for the Jacobian of the stationary equations
└             and negative values for the Jacobian of the constraints.
┌ DiffOpt.NonLinearProgram | Info ] : Inertia correction needed. 
│             Attempting correction by adding diagonal matrix with positive values for the Jacobian of the stationary equations
└             and negative values for the Jacobian of the constraints.
┌ DiffOpt.NonLinearProgram | Info ] : Inertia correction needed. 
│             Attempting correction by adding diagonal matrix with positive values for the Jacobian of the stationary equations
└             and negative values for the Jacobian of the constraints.
┌ DiffOpt.NonLinearProgram | Info ] : Inertia correction needed. 
│             Attempting correction by adding diagonal matrix with positive values for the Jacobian of the stationary equations
└             and negative values for the Jacobian of the constraints.
Set parameter Username
Set parameter LicenseID to value 2813843
Academic license - for non-commercial use only - expires 2027-04-27
