switch_name,phase,p,q,s_mag,current_rating,is_closed
632633,1,321.01940322392414,22.16872122421358,321.78394839855093,308.0,true
632633,2,130.4730321034193,-95.13189677486234,161.4722573392809,308.0,true
632633,3,250.32828688641297,6.2978712026438695,250.4074966872425,308.0,true
632645,1,292.0873982054007,166.90407638498598,336.4104916680298,322.0,true
632645,2,292.68072367883946,167.244591905613,337.09458544278664,322.0,true
632645,3,327.60845109728433,74.71613096352291,336.02053130206207,322.0,true
