switch_name,phase,p,q,s_mag,current_rating,is_closed
632633,1,321.8336943613158,2.1631599642434893,321.840963967118,308.0,true
632633,2,130.501407993253,-114.7108025030195,173.75035452944613,308.0,true
632633,3,250.75657955909128,-13.59071460868281,251.12460993648062,308.0,true
632645,1,292.13915423289006,166.93364510325358,336.47009867649064,322.0,true
632645,2,292.60387837677365,167.20035757015575,337.0059186612569,322.0,true
632645,3,327.6879189730166,74.66249354159129,336.0860904332616,322.0,true
