switch_name,phase,p,q,s_mag,current_rating,is_closed
632633,1,321.03365310498054,21.946771214651346,321.7829504381443,308.0,true
632633,2,130.47502893368997,-95.35978372499828,161.60823471384643,308.0,true
632633,3,250.3368055456495,6.077132772066755,250.410558390675,308.0,true
632645,1,292.08649233770626,166.9035587660603,336.4094483437121,322.0,true
632645,2,292.67995794069964,167.244154702949,337.0937036826313,322.0,true
632645,3,327.6074322686096,74.71620762311518,336.0195550250195,322.0,true
