switch_name,phase,p,q,s_mag,current_rating,is_closed
632633,1,321.033591085449,3.3793360944897075,321.0513767571459,308.0,true
632633,2,130.66037883507173,-115.93453292447266,174.67956526663357,308.0,true
632633,3,250.46338361981603,-12.602701199983615,250.78025163840792,308.0,true
632645,1,286.5735285454357,174.736728889581,335.6446211188443,322.0,true
632645,2,292.22763342717155,167.26993227393933,336.71385475114266,322.0,true
632645,3,326.8094539823093,75.10077684178023,335.3275203356474,322.0,true
