switch_name,phase,p,q,s_mag,current_rating,is_closed
671692,1,-6.983570893268513e-6,-83.17468872522291,83.1746887252232,80.0,true
671692,2,-1.7813051976486787e-6,-82.2217906870718,82.22179068707182,80.0,true
671692,3,-4.717954797083749e-6,-83.02587309180335,83.02587309180348,80.0,true
632633,1,0.0,0.0,0.0,304.0,true
632633,2,0.0,0.0,0.0,304.0,true
632633,3,0.0,0.0,0.0,304.0,true
632645,1,305.0196249610021,91.27064475862339,318.38232081258093,305.0,true
632645,2,303.51239798247974,91.21090442127222,316.9214489655467,305.0,true
632645,3,318.0469310590816,-2.3120428001946385,318.05533464793535,305.0,true
