switch_name,phase,p,q,s_mag,current_rating,is_closed
632633,1,320.7931165708173,25.42031473791196,321.7987197622024,308.0,true
632633,2,130.44130487437812,-91.78837498876621,159.49934106575117,308.0,true
632633,3,250.19298116398454,9.530791877492558,250.37444721363642,308.0,true
632645,1,292.1008064383967,166.91173795085615,336.42593447553503,322.0,true
632645,2,292.6920139640402,167.25103819921355,337.1075864127663,322.0,true
632645,3,327.6235754625134,74.71498223445452,336.03502164080464,322.0,true
