switch_name,phase,p,q,s_mag,current_rating,is_closed
671692,1,0.0,0.0,0.0,80.0,true
671692,2,0.0,0.0,0.0,80.0,true
671692,3,0.0,0.0,0.0,80.0,true
632633,1,315.16990891179205,-0.8072820931648081,315.1709428038144,304.0,true
632633,2,129.8382560975309,-121.6006332259551,177.8895352385892,304.0,true
632633,3,246.95726568174777,-15.790072133355757,247.4615474189514,304.0,true
632645,1,274.54642898236204,156.88072258323635,316.20768932017694,305.0,true
632645,2,277.35983590200226,158.49531858478753,319.45147453858925,305.0,true
632645,3,307.96020594074884,66.45850256137335,315.04955325435475,305.0,true
