switch_name,phase,p,q,s_mag,current_rating,is_closed
671692,1,0.0,0.0,0.0,80.0,true
671692,2,0.0,0.0,0.0,80.0,true
671692,3,0.0,0.0,0.0,80.0,true
632633,1,315.16990850237397,-0.8072790292804175,315.1709423865498,304.0,true
632633,2,129.83825604752755,-121.60063108330212,177.88953373743118,304.0,true
632633,3,246.95726544669995,-15.790064078997684,247.46154667044874,304.0,true
632645,1,274.54642878724707,156.88072245978242,316.2076890895195,305.0,true
632645,2,277.35983309013443,158.49532142160666,319.4514735047025,305.0,true
632645,3,307.9602045630849,66.45850480225239,315.04955238039634,305.0,true
