switch_name,phase,p,q,s_mag,current_rating,is_closed
671692,1,0.0,0.0,0.0,80.0,true
671692,2,0.0,0.0,0.0,80.0,true
671692,3,0.0,0.0,0.0,80.0,true
632633,1,315.16990878769155,-0.8072798886364053,315.1709426740676,304.0,true
632633,2,129.8382558989335,-121.60063598451211,177.8895369793141,304.0,true
632633,3,246.9572654541162,-15.790068611788586,247.4615469670789,304.0,true
632645,1,274.54642883841007,156.8807225493781,316.20768917839285,305.0,true
632645,2,277.35983586333333,158.49531862628785,319.4514745256057,305.0,true
632645,3,307.96020569555304,66.45850295899007,315.04955309855217,305.0,true
