switch_name,phase,p,q,s_mag,current_rating,is_closed
671692,1,0.0,0.0,0.0,80.0,true
671692,2,0.0,0.0,0.0,80.0,true
671692,3,0.0,0.0,0.0,80.0,true
632633,1,315.16990843814335,-0.8072749946990792,315.17094231198524,304.0,true
632633,2,129.83825602386966,-121.60063884203508,177.88953902383068,304.0,true
632633,3,246.95726540841466,-15.790066992459034,247.46154681814406,304.0,true
632645,1,274.54642870556495,156.88072241516272,316.20768899646197,305.0,true
632645,2,277.359835924181,158.4953185610965,319.4514745460914,305.0,true
632645,3,307.9602056351327,66.45850297317634,315.0495530424839,305.0,true
