Iteration,Total_Load_Shed,Lower_Level_Load_Shed,Upper_Level_Load_Shed
1,2549.000014383801,2549.000014383801,2548.99547589524
2,2549.000014383801,2549.000014383801,2548.99547589524
3,2549.000014383801,2549.000014383801,2548.99547589524
4,2549.000014383801,2549.000014383801,2548.99547589524
5,2549.000014383801,2549.000014383801,2548.99547589524
