case,fair_func,total_demand,total_pshed,total_pd_served,pct_shed,pct_served,objective
motivation_c,efficiency,3466.0,2338.0,1128.0,67.45527986151183,32.544720138488174,11280.0
motivation_c,equality_min,3466.0,2509.1243453879447,956.8756546120554,72.39250852244503,27.607491477554973,0.7239250852244503
motivation_c,proportional,3466.0,2168.1413805232046,1297.8586194767959,62.55456954769777,37.44543045230225,64.02152321899347
motivation_c,min_max,3466.0,2798.425611892192,667.5743881078079,80.73934252429868,19.260657475701322,548.4860281173932
