FairnessFunction,MinMax,Proportional,Jain,Palma,Gini
proportional,392.58068402908884,40.882167489783626,0.40965000611530034,1363.2788898190577,0.666424889443276
efficiency,1154.8743626785315,41.98591985826819,0.23506545802394818,6.969901785980759e6,0.6008793338643884
min_max,1154.8721768243724,27.048318515470744,0.14329633644368234,-1.4264463675866258e8,0.5572150196368386
jain,1155.0000074835466,21.492173727631144,0.12893372224246624,-1.5238742747562653e8,0.5312791498108604
equality_min,1154.7806445818394,23.57747640600389,0.1645651782724935,-1.68008313219592e8,0.5481654780474338
