FairnessFunction,MinMax,Proportional,Jain,Palma,Gini
proportional,351.99874197367717,42.93667236930565,0.4464683396073687,3.2557419748181403e7,0.6819054123283685
efficiency,351.99723653476786,42.93651070213306,0.4464690906238847,7.925949193514252e6,0.6819058632397608
min_max,351.9935988848708,42.93583725663702,0.4464706927901406,1.8449193959114857e7,0.681906868306021
jain,351.98016124016584,42.93361069661274,0.44647670276909796,1.4716838903745484e7,0.6819105906529597
equality_min,1033.8439368467896,71.4425846411518,0.37528897946090506,4.118947604619495,0.7219800729116823
