iteration,palma_ratio,total_shed
0,5.975103456522013,2549.0000153213496
1,5.913729619501063,2552.694048738304
2,5.85363100072619,2556.376415534519
3,5.794741753586909,2560.046049069473
