case,fair_func,total_demand,total_pshed,total_pd_served,pct_shed,pct_served,objective
motivation_c,efficiency,3466.0,1633.8175656760932,1832.182434323907,47.13841793641353,52.86158206358647,18321.82434323907
motivation_c,equality_min,3466.0,1952.5089721030495,1513.4910278969505,56.33320750441574,43.66679249558426,0.5633320750441574
motivation_c,proportional,3466.0,1740.0933913219028,1725.9066086780972,50.204656414365346,49.795343585634654,68.78591507535313
motivation_c,min_max,3466.0,1875.3866902797881,1590.6133097202116,54.10809839237704,45.891901607622955,254.23780263767546
