BlockID,GenCap,EfficientRelaxed,EfficientInteger,EqualityMinRelaxed,EqualityMinInteger,PropFairRelaxed,PropFairInteger,BlockSwitches
1,1000.0,0.9986768050107333,1.0,0.9999999761092092,0.0,0.9999999862878381,1.0,Set([1])
2,1000.0,0.9999999923819772,1.0,0.9999999918933593,0.0,0.9999999628350953,1.0,Set([2])
3,1000.0,0.9999999923643069,1.0,0.9999999919089746,-0.0,0.9999999949084563,1.0,"Set([2, 1])"
