Formulation,TotalDemand,TotalShed,TotalServed,PercentServed,MaxShed,MinShed,ShedVariance,TerminationStatus,ObjectiveValue
Efficient (Relaxed),3466.0,1446.9399771023814,2019.0600228976186,58.253318606394075,392.5806999461578,0.0,14367.406479794834,LOCALLY_SOLVED,20190.60022897619
Efficient (Integer),3466.0,1930.0,1536.0,44.31621465666474,1155.0,0.0,100358.80952380954,OPTIMAL,15360.0
Equality Min (Relaxed),3466.0,1835.1683524775704,1630.8316475224296,47.05226911489987,232.76672001498676,0.0,6531.97154162295,LOCALLY_SOLVED,232.76672000750727
Equality Min (Integer),3466.0,3466.0,0.0,0.0,1155.0,0.0,77558.20952380954,OPTIMAL,1155.0
Prop Fair (Relaxed),3466.0,1544.0351170523038,1921.9648829476962,55.451958538594816,889.794852883648,0.0,56075.475118159564,LOCALLY_SOLVED,70.83132027926337
Prop Fair (Integer),3466.0,1930.0,1536.0,44.31621465666474,1155.0,0.0,100358.80952380954,OPTIMAL,14.905680386907186
