SwitchID,GenCap,EfficientRelaxed,EfficientInteger,EqualityMinRelaxed,EqualityMinInteger,PropFairRelaxed,PropFairInteger,SwitchName
1,1000.0,0.9986768213942615,1.0,0.7334635355698121,0.0,0.9999999944578123,1.0,632633
2,1000.0,1.0000000095423516,1.0,1.0000000099375674,-0.0,0.9999999741771379,1.0,632645
