case,fair_func,total_demand,final_pshed,final_pd_served,pct_shed,pct_served,relaxed_pshed_final,objective
motivation_a,efficiency,3466.0,793.0031424391747,2672.9968575608254,22.8794905493126,77.12050945068741,693.199971645161,3508.289293550506
motivation_a,proportional,3466.0,778.7521750026057,2687.2478249973938,22.4683258800521,77.5316741199479,693.1999723588096,2714.120276374889
motivation_a,equality_min,3466.0,853.1428551010057,2612.8571448989946,24.61462363245833,75.38537636754168,693.1999159096473,3603.242709825339
motivation_a,min_max,3466.0,872.8205350225209,2593.1794649774793,25.182358194533204,74.81764180546679,693.1989196519258,6636.534516208851
motivation_a,jain,3466.0,895.7875144938305,2570.21248550617,25.844994647831232,74.15500535216879,693.1990275812079,9534.875055882061
