switch_name,phase,p,q,c_mag,current_rating,is_closed
671692,1,0.0,0.0,0.0,700.0,true
671692,2,0.0,0.0,0.0,700.0,true
671692,3,0.0,0.0,0.0,700.0,true
632633,1,432.0452632360593,46.652487886901916,420.14639756047325,700.0,true
632633,2,146.22490340355873,-102.25313925006819,172.33839951791762,700.0,true
632633,3,316.84149809620305,35.85065179820258,308.4743644640409,700.0,true
632645,1,233.0376486211595,138.22653282966536,261.96362439356636,700.0,true
632645,2,467.6117643359247,295.34663948022455,534.1903011840709,700.0,true
632645,3,297.61176273039325,63.701900338747336,294.43673903978924,700.0,true
