switch_name,phase,p,q,c_mag,current_rating,is_closed
671692,1,0.0,0.0,0.0,700.0,true
671692,2,0.0,0.0,0.0,700.0,true
671692,3,0.0,0.0,0.0,700.0,true
632633,1,491.65034660263507,27.97197595219991,476.13613228068186,700.0,true
632633,2,166.49943003170796,-84.23941952905614,180.2341036240297,700.0,true
632633,3,318.30639245694215,23.614506147747093,308.796325667217,700.0,true
632645,1,230.57299025115438,136.80696512571953,259.2252000345992,700.0,true
632645,2,465.25852390596606,294.0019307002431,531.5993749420277,700.0,true
632645,3,295.25852228739774,62.362211725595316,291.95408152398113,700.0,true
