switch_name,phase,p,q,c_mag,current_rating,is_closed
632633,1,618.3940582064386,92.92306070443203,603.1399775043367,700.0,true
632633,2,179.5674465954948,-76.89156909594267,187.40294042754738,700.0,true
632633,3,407.57564128644924,93.65874708391709,403.99974514649165,700.0,true
632645,1,384.9999990941303,219.99705268293692,427.6831876660002,700.0,true
632645,2,541.7506279319015,316.696039264079,602.0366697537563,700.0,true
632645,3,499.99999817398134,179.08293075257873,513.0713385113406,700.0,true
