switch_name,phase,p,q,c_mag,current_rating,is_closed
671692,1,0.0,0.0,0.0,700.0,true
671692,2,0.0,0.0,0.0,700.0,true
671692,3,0.0,0.0,0.0,700.0,true
632633,1,491.6503221128225,27.97196636275154,476.1361081115283,700.0,true
632633,2,166.49942659466515,-84.23945276111283,180.2341150720025,700.0,true
632633,3,318.30637781744156,23.61449513526567,308.79631064226265,700.0,true
632645,1,230.57299814407287,136.80696848680532,259.2252082549813,700.0,true
632645,2,465.25854326112164,294.00194175992146,531.5993962143109,700.0,true
632645,3,295.25854166226446,62.362222758260785,291.9541019634067,700.0,true
