switch_name,phase,p,q,c_mag,current_rating,is_closed
671692,1,0.0,0.0,0.0,700.0,true
671692,2,0.0,0.0,0.0,700.0,true
671692,3,0.0,0.0,0.0,700.0,true
632633,1,491.65032143332513,27.971966075551922,476.1361074367799,700.0,true
632633,2,166.49942649232264,-84.23945321189053,180.23411518106406,700.0,true
632633,3,318.30637742062476,23.6144948602422,308.7963102375948,700.0,true
632645,1,230.57299841595508,136.80696864313987,259.22520855653414,700.0,true
632645,2,465.2585435410621,294.00194191945496,531.5993965272794,700.0,true
632645,3,295.25854197460285,62.362222938842876,291.95410229315155,700.0,true
