switch_name,phase,p,q,c_mag,current_rating,is_closed
671692,1,0.0,0.0,0.0,700.0,true
671692,2,0.0,0.0,0.0,700.0,true
671692,3,0.0,0.0,0.0,700.0,true
632633,1,538.0590307094425,46.78374708537867,522.6463328195365,700.0,true
632633,2,173.00621461364338,-79.04078385439377,183.5184655363956,700.0,true
632633,3,346.05591490748964,43.98399323108914,337.28852222556634,700.0,true
632645,1,214.95038277538052,122.82585104724629,239.57240653446297,700.0,true
632645,2,499.95038376677,313.82585040663935,569.5293114354905,700.0,true
632645,3,329.95038211794923,82.12208369212968,328.7573822636345,700.0,true
