switch_name,phase,p,q,c_mag,current_rating,is_closed
632633,1,609.6698954204711,72.64845353632103,592.0567408602119,700.0,true
632633,2,183.04649978564007,-73.67925427587888,189.32173495137332,700.0,true
632633,3,388.87478300193624,74.52731100601619,382.5041745932822,700.0,true
632645,1,390.8947175255177,223.9575663780301,434.41773630349843,700.0,true
632645,2,527.2866718486058,306.06077753578444,584.9667605483336,700.0,true
632645,3,499.99999816864005,179.08168376799642,513.0649824493619,700.0,true
