switch_name,phase,p,q,c_mag,current_rating,is_closed
632633,1,622.5472534479321,93.88709920538415,607.2543277290438,700.0,true
632633,2,107.41043652246718,-124.70581943954949,157.90733899746542,700.0,true
632633,3,414.41043956350535,111.22848150078805,414.521124105075,700.0,true
632645,1,383.50988644070554,219.1455602104215,426.0382461086413,700.0,true
632645,2,624.2466635106043,377.67895680453654,699.9999996436657,700.0,true
632645,3,498.01484827794354,177.94991099283183,510.9108716565613,700.0,true
