switch_name,phase,p,q,c_mag,current_rating,is_closed
632633,1,618.3940585612038,92.92309157745369,603.1399822638582,700.0,true
632633,2,179.56744488087247,-76.89153945218833,187.40292772280748,700.0,true
632633,3,407.5756422606223,93.65877822286996,403.9997528001692,700.0,true
632645,1,384.99999938385275,219.9970528823664,427.68318800146756,700.0,true
632645,2,541.7506307442874,316.69604136373,602.0366731068704,700.0,true
632645,3,499.99999800432175,179.0829306592572,513.0713383259406,700.0,true
