switch_name,phase,p,q,c_mag,current_rating,is_closed
671692,1,0.0,0.0,0.0,700.0,true
671692,2,0.0,0.0,0.0,700.0,true
671692,3,0.0,0.0,0.0,700.0,true
632633,1,491.6503281864235,27.971968285166636,476.13611408651593,700.0,true
632633,2,166.4994274400876,-84.2394456883186,180.23411272828,700.0,true
632633,3,318.3063814361701,23.61449784004743,308.79631434534497,700.0,true
632645,1,230.57299651624177,136.80696769947906,259.2252065164513,700.0,true
632645,2,465.2585402142026,294.0019400207176,531.5993928637515,700.0,true
632645,3,295.2585385632101,62.36222099717719,291.95409869490805,700.0,true
