switch_name,phase,p,q,c_mag,current_rating,is_closed
671692,1,0.0,0.0,0.0,700.0,true
671692,2,0.0,0.0,0.0,700.0,true
671692,3,0.0,0.0,0.0,700.0,true
632633,1,432.0452593671358,46.652479264872085,420.14639289095385,700.0,true
632633,2,146.22490236443483,-102.2531451198485,172.3384019366143,700.0,true
632633,3,316.84149517782646,35.85064498530147,308.4743608915488,700.0,true
632645,1,233.03765516870985,138.22653682949763,261.96363177647225,700.0,true
632645,2,467.6117684383357,295.3466418248847,534.1903057194287,700.0,true
632645,3,297.61176697983956,63.70190274061133,294.43674352118717,700.0,true
