switch_name,phase,p,q,c_mag,current_rating,is_closed
671692,1,0.0,0.0,0.0,700.0,true
671692,2,0.0,0.0,0.0,700.0,true
671692,3,0.0,0.0,0.0,700.0,true
632633,1,491.65032211292197,27.97196636280254,476.1361081116272,700.0,true
632633,2,166.49942659467888,-84.2394527610068,180.23411507196826,700.0,true
632633,3,318.306377817501,23.614495135309486,308.7963106423236,700.0,true
632645,1,230.57299814402376,136.80696848678022,259.22520825492813,700.0,true
632645,2,465.2585432610421,294.001941759876,531.5993962142228,700.0,true
632645,3,295.2585416621864,62.36222275821597,291.9541019633243,700.0,true
