switch_name,phase,p,q,c_mag,current_rating,is_closed
632633,1,609.6698945123696,72.64847580993408,592.05674251589,700.0,true
632633,2,183.04649940216126,-73.67923060294159,189.32172613175513,700.0,true
632633,3,388.8747820067112,74.52733335834269,382.50417771231315,700.0,true
632645,1,390.8947183584799,223.95756694089903,434.41773725839045,700.0,true
632645,2,527.2866719518432,306.0607776125294,584.9667606801964,700.0,true
632645,3,499.99999817565725,179.08168377474132,513.064982456513,700.0,true
