load_id,pd,qd,pshed,qshed,z_demand
1,159.9999999645719,109.99999997564319,3.542806131128471e-8,2.435680769078434e-8,0.9999999997785745
2,46.497456649281084,41.027167631718605,21.502543350718916,18.97283236828139,0.6837861271953101
3,540.9674326637866,309.12424723644943,614.0325673362133,350.8757527635505,0.46837007157037797
4,331.6362716897254,129.9193641671089,153.36372831027464,60.08063583289109,0.6837861271953101
5,50.32261393349042,33.81050623656388,77.67738606650957,52.18949376343612,0.39314542135539393
6,229.9999997583531,131.9999998613157,2.4164691570837056e-7,1.386842932641907e-7,0.9999999989493613
7,169.9999999682824,124.99999997667823,3.171760773639793e-8,2.332177068455805e-8,0.9999999998134258
8,117.00000028714817,68.00000016688954,-2.871481834218575e-7,-1.6688953648875375e-7,1.000000002454258
9,119.99999997342894,89.9999999800717,2.657106676838998e-8,1.9928289765530637e-8,0.9999999997785745
10,66.00000016198102,38.000000093261804,-1.6198102485476094e-7,-9.326180353677523e-8,1.000000002454258
11,119.99999997342894,89.9999999800717,2.6571055408525034e-8,1.9928289290216395e-8,0.9999999997785745
12,198.29797688663993,144.96265896540572,91.70202311336007,67.03734103459425,0.6837861271953101
13,-8.974685906859743e-8,-7.971632776093066e-8,170.00000008974686,151.00000007971633,-5.279227004035143e-10
14,17.000000041722384,10.00000002454258,-4.172238410831065e-8,-2.4542580039051513e-8,1.000000002454258
15,-1.6006802479332378e-6,-7.532612931450531e-7,170.00000160068024,80.00000075326129,-9.415766164313163e-9
