switch_id,state,ps_fr,qs_fr
2,1.0,976.4561265249292,-32.652991263095615
3,1.0,991.0900830674589,493.17113300498755
