switch_id,state,ps_fr,qs_fr
2,1.0,976.4561690912851,-32.65293742910913
3,1.0,991.0900364445181,493.17110755155795
