switch_id,state,ps_fr,qs_fr
1,1.0,-482.044228576252,-170.2827911403579
2,1.0,1382.1147957920352,95.5575908867484
4,1.0,400.0000039035824,256.99888850850107
