block_id,status
1,0.9999999900195754
2,0.9999999900000753
3,1.0
