block_id,status
1,1.000000000066543
2,0.9999999900004064
3,1.0
