switch_id,state,ps_fr,qs_fr
1,1.0,-482.0442241805954,-170.2827885987304
2,1.0,1382.1147955230304,95.55759107698984
4,1.0,400.0000037710304,256.99888842572716
