block_id,status
1,1.0
2,1.0000000013396873
3,0.9999999900002347
4,0.9999999801959232
