load_id,pd,qd,pshed,qshed,z_demand
1,159.999999781817,109.99999984999918,2.1818297945957048e-7,1.5000080816747298e-7,0.9999999986363562
2,46.49942760372485,41.028906709168986,21.500572396275157,18.971093290831014,0.6838151118194831
3,540.7756210318603,309.01464058963444,614.2243789681396,350.98535941036556,0.46820400089338554
4,331.6503292324493,129.92487124570178,153.34967076755075,60.07512875429823,0.6838151118194831
5,50.31445617228834,33.80502524075623,77.68554382771167,52.194974759243784,0.39308168884600264
6,229.99999977993141,131.99999987369978,2.20068609398187e-7,1.2630023278055416e-7,0.99999999904318
7,169.99999998028346,124.99999998550255,1.971651003910852e-8,1.449744593058621e-8,0.9999999998840204
8,116.99999811567334,67.99999890483579,1.8843266578833363e-6,1.0951642070878337e-6,0.999999983894644
9,119.99999983636275,89.99999987727206,1.6363724793242786e-7,1.227279385207978e-7,0.9999999986363562
10,65.9999989370465,37.99999938799647,1.062953498378562e-6,6.120035331167057e-7,0.999999983894644
11,119.99999983636275,89.99999987727206,1.6363724965370898e-7,1.2272793753547482e-7,0.9999999986363562
12,198.30638242765008,144.9688037057304,91.69361757234988,67.03119629426956,0.6838151118194831
13,-1.655685534748668e-6,-1.4706383279238169e-6,170.00000165568554,151.00000147063832,-9.739326674992165e-9
14,16.999999726208948,9.99999983894644,2.737910517684754e-7,1.610535602019238e-7,0.999999983894644
15,-1.6707090551092536e-6,-7.862160259337664e-7,170.00000167070905,80.00000078621602,-9.82770032417208e-9
