block_id,status
1,1.0
2,1.000000000851946
3,0.9999999900002274
4,0.9999999802321088
