switch_id,state,ps_fr,qs_fr
1,1.0,1205.5371460883825,109.69023869240645
2,1.0,1426.750625200013,715.7760226995946
