switch_id,state,ps_fr,qs_fr
2,1.0,1057.1211602305755,11.726956462074043
3,1.0,1044.8511486600999,518.7737851460153
