switch_id,state,ps_fr,qs_fr
2,1.0,895.1116647358211,-19.749999564963694
3,1.0,998.2611756874775,497.27507264863726
