block_id,status
1,0.9999999900118458
2,0.9999999900000724
3,1.0
