block_id,status
1,1.0
2,0.9999999900001969
3,0.9999999900258957
