switch_id,state,ps_fr,qs_fr
1,1.0,1181.5911782080475,73.49651026645834
2,1.0,1418.1813875427636,709.100027681811
