switch_id,state,ps_fr,qs_fr
1,1.0,1205.5371457026986,109.69033034813532
2,1.0,1426.7506281324618,715.7760249053536
