block_id,status
1,1.0
2,1.0000000013410224
3,0.9999999900002282
4,0.9999999802387192
