block_id,status
1,0.999999990024664
2,0.9999999900001074
3,1.0
