switch_id,state,ps_fr,qs_fr
2,1.0,976.4561253462725,-32.65299227609641
3,1.0,991.09008393162,493.17113350143774
