switch_id,state,ps_fr,qs_fr
1,1.0,-482.0442271584878,-170.28279031501634
2,1.0,1382.1147956247842,95.55759095317575
4,1.0,400.0000038495566,256.99888846640323
