switch_id,state,ps_fr,qs_fr
2,1.0,976.4561265251018,-32.65299126289477
3,1.0,991.0900830672523,493.17113300487216
