switch_id,state,ps_fr,qs_fr
1,1.0,1144.3682314390483,80.40488026598777
2,1.0,1505.771449375276,774.7744461353324
