switch_id,state,ps_fr,qs_fr
2,1.0,976.4317050473294,-32.664063288463765
3,1.0,591.2900449965967,236.2871904023874
4,1.0,991.2900447232323,493.2860822737739
