block_id,status
1,0.9999999900228161
2,0.9999999900001323
3,1.0
