block_id,status
1,1.0
2,0.9999999900002972
3,0.9999999997920512
