block_id,status
1,1.0
2,1.000000001059566
3,0.9999999900003381
4,0.9999999803547099
