load_id,pd,qd,pshed,qshed,z_demand
1,159.99999795405958,109.99999859341597,2.0459404125369056e-6,1.4065840231427142e-6,0.9999999872128724
2,59.567448129950094,52.55951305583832,8.432551870049902,7.440486944161679,0.875991884263972
3,1154.9999998350709,659.9999999057547,1.6492905807662978e-7,9.424532345217137e-8,0.9999999998572041
4,424.8560638680264,166.43845801015468,60.14393613197359,23.561541989845313,0.875991884263972
5,-8.508932957244425e-7,-5.716939330648598e-7,128.0000008508933,86.00000057169393,-6.647603872847207e-9
6,229.99999978861754,131.99999987868486,2.1138247621202046e-7,1.2131513143683135e-7,0.9999999990809458
7,41.75062809256913,30.698991244536124,128.24937190743086,94.30100875546387,0.24559192995628898
8,31.699790058812145,18.42380960683099,85.30020994118784,49.576190393169,0.27093837657104397
9,119.99999846554469,89.99999884915852,1.534455300714344e-6,1.15084148012978e-6,0.9999999872128724
10,17.8819328536889,10.295658309699672,48.118067146311105,27.70434169030033,0.27093837657104397
11,119.99999846554469,89.99999884915852,1.5344552984938979e-6,1.1508414812955142e-6,0.9999999872128724
12,254.03764643655188,185.71027946396205,35.962353563448104,26.289720536037954,0.875991884263972
13,67.07599276870528,59.5792641651441,102.92400723129472,91.4207358348559,0.3945646633453252
14,4.605952401707747,2.70938376571044,12.39404759829225,7.290616234289559,0.27093837657104397
15,-1.6653510347165666e-6,-7.836946045725019e-7,170.00000166535102,80.0000007836946,-9.796182557156274e-9
