switch_id,state,ps_fr,qs_fr
2,1.0,895.1116569093971,-19.75002086967494
3,1.0,998.261190586885,497.27508139499366
