block_id,status
1,1.0
2,0.999999990000189
3,0.9999999900158169
