block_id,status
1,1.0
2,0.9999999900002059
3,0.9999999900209431
