switch_id,state,ps_fr,qs_fr
2,1.0,976.4561370626813,-32.65297956310452
3,1.0,991.0900752936544,493.17112871737385
