load_id,pd,qd,pshed,qshed,z_demand
1,159.9999997978627,109.9999998610306,2.0213732804375365e-7,1.3896938914352496e-7,0.9999999987366418
2,46.49942674628187,41.02890595260165,21.500573253718137,18.971094047398353,0.6838150992100275
3,540.775630181954,309.01464581825945,614.224369818046,350.98535418174055,0.46820400881554464
4,331.6503231168633,129.9248688499052,153.34967688313668,60.075131150094776,0.6838150992100275
5,50.31445475003905,33.80502428518248,77.68554524996095,52.19497571481752,0.39308167773468006
6,229.9999997969063,131.9999998834419,2.0309373075192905e-7,1.1655812895214146e-7,0.9999999991169839
7,169.9999999686043,124.99999997691492,3.139569083106084e-8,2.3085076743722783e-8,0.9999999998153194
8,117.0000005094139,68.00000029606962,-5.094139032091712e-7,-2.9606961527143945e-7,1.000000004353965
9,119.99999984839701,89.99999988629776,1.5160297619867656e-7,1.1370222244400795e-7,0.9999999987366418
10,66.00000028736169,38.00000016545067,-2.8736169056791017e-7,-1.6545067282242308e-7,1.000000004353965
11,119.99999984839701,89.99999988629776,1.5160297481538372e-7,1.1370222854849988e-7,0.9999999987366418
12,198.30637877090797,144.96880103252582,91.69362122909205,67.03119896747418,0.6838150992100275
13,-1.6036079859186204e-6,-1.4243812110218335e-6,170.00000160360798,151.00000142438122,-9.432988152462473e-9
14,17.000000074017404,10.00000004353965,-7.401740381787331e-8,-4.3539650006979623e-8,1.000000004353965
15,-1.6302514104672018e-6,-7.671771343375067e-7,170.0000016302514,80.00000076717714,-9.589714179218834e-9
