block_id,status
1,1.0
2,0.9999999900001998
3,0.9999999900839739
4,0.9999999800008669
