block_id,status
1,1.0
2,1.00000000171904
3,0.9999999900002322
4,0.9999999801971738
