switch_id,state,ps_fr,qs_fr
1,1.0,1181.5911759212422,73.49657856533518
2,1.0,1418.1813884859805,709.1000283281699
