load_id,pd,qd,pshed,qshed,z_demand
1,159.99999569308002,109.99999703899252,4.306919997069605e-6,2.9610074884176353e-6,0.9999999730817501
2,59.56744811106247,52.559513039172764,8.432551888937537,7.440486960827229,0.8759918839862127
3,1154.9999996925415,659.9999998243094,3.074586726454647e-7,1.756906272928993e-7,0.9999999997338022
4,424.8560637333132,166.43845795738042,60.14393626668679,23.561542042619582,0.8759918839862127
5,-5.136610729492664e-7,-3.451160333877884e-7,128.00000051366106,86.00000034511604,-4.012977132416144e-9
6,229.9999994919908,131.9999997084469,5.080092006459174e-7,2.915531129192914e-7,0.9999999977912644
7,41.7506311007782,30.69899345645456,128.2493688992218,94.30100654354544,0.24559194765163647
8,31.69978809300559,18.42380846431094,85.3002119069944,49.576191535689055,0.27093835976927855
9,119.99999676981002,89.99999757735752,3.2301899836512512e-6,2.4226424854524797e-6,0.9999999730817501
10,17.881931744772384,10.295657671232584,48.11806825522762,27.704342328767417,0.27093835976927855
11,119.99999676981002,89.99999757735752,3.230189984428353e-6,2.422642485735565e-6,0.9999999730817501
12,254.0376463560017,185.7102794050771,35.96235364399831,26.28972059492287,0.8759918839862127
13,67.07599826962115,59.579269051251735,102.92400173037885,91.42073094874826,0.3945646957036539
14,4.605952116077735,2.7093835976927854,12.394047883922264,7.290616402307214,0.27093835976927855
15,-1.639187453753444e-6,-7.713823311780913e-7,170.00000163918745,80.00000077138233,-9.642279139726142e-9
