block_id,status
1,1.0
2,1.0000000014720545
3,0.9999999900002217
4,0.9999999803244454
