switch_id,state,ps_fr,qs_fr
1,1.0,-481.38797360774015,-169.29079273608622
2,1.0,1273.9497531286436,92.50575212086315
4,1.0,400.00000370962164,256.9988875267079
