switch_id,state,ps_fr,qs_fr
1,1.0,-482.0442305794568,-170.2827923277489
2,1.0,1382.1147953689306,95.5575905228055
4,1.0,400.00000386494673,256.9988884737637
