block_id,status
1,1.0
2,1.0000000013483048
3,0.9999999900002249
4,0.9999999802752665
