load_id,pd,qd,pshed,qshed,z_demand
1,159.99999793451974,109.99999857998232,2.0654802484077374e-6,1.4200176885229628e-6,0.9999999870907483
2,63.04650095127147,55.629265545239534,4.953499048728532,4.370734454760469,0.9271544257539922
3,1154.9999997522586,659.9999998584336,2.477409998940026e-7,1.4156644122624049e-7,0.9999999997855055
4,449.6698964906862,176.15934089325853,35.330103509313744,13.840659106741473,0.9271544257539922
5,5.8947184410602995,3.9605139525873887,122.10528155893971,82.03948604741261,0.04605248782078359
6,229.99999982895133,131.99999990183292,1.7104867345624746e-7,9.816706564315619e-8,0.9999999992563101
7,27.286672119947944,20.063729499961724,142.71332788005208,104.93627050003826,0.1605098359996938
8,51.173027499109345,29.741588631960987,65.82697250089066,38.258411368039006,0.437376303411191
9,119.9999984508898,89.99999883816734,1.5491102126500725e-6,1.1618326439308523e-6,0.9999999870907483
10,28.866836025138607,16.620299529625257,37.1331639748614,21.37970047037474,0.437376303411191
11,119.9999984508898,89.99999883816734,1.5491102073723932e-6,1.1618326448852755e-6,0.9999999870907483
12,268.87478346865777,196.55673825984636,21.125216531342257,15.443261740153657,0.9271544257539922
13,1.7432737408515368e-7,1.5484372639328356e-7,169.99999982567263,150.99999984515628,1.0254551416773746e-9
14,7.435397157990247,4.37376303411191,9.564602842009752,5.626236965888091,0.437376303411191
15,-1.6562380490765862e-6,-7.794061407419229e-7,170.00000165623806,80.00000077940614,-9.742576759274036e-9
