switch_id,state,ps_fr,qs_fr
1,1.0,-482.04422946835234,-170.2827916538106
2,1.0,1382.114795614618,95.55759074557749
4,1.0,400.00000378207244,256.99888841776965
