switch_id,state,ps_fr,qs_fr
1,1.0,-482.0442289526876,-170.28279137279708
2,1.0,1382.1147956505333,95.55759084745601
4,1.0,400.00000388774725,256.998888488594
