switch_id,state,ps_fr,qs_fr
1,1.0,1144.3681295339047,80.40976126662271
2,1.0,1505.7713982292535,774.7744280077899
