case,fair_func,n_periods,total_demand_all_periods,total_pshed_lower,total_pshed_upper,pct_shed,bilevel_iters_completed,bilevel_iters_total,bilevel_last_status,bilevel_early_stop,max_delta_weights,max_delta_pshed,weights_converged
motivation_c,palma,3,9011.6,6685.047669652096,6685.047669652096,74.18269419028914,20,20,OPTIMAL,false,0.0,0.0,true
motivation_c,efficiency,3,9011.6,4252.597451559324,4248.191231087605,47.19025979359186,20,20,LOCALLY_SOLVED,false,0.5000000897155648,3.8295089357236765,false
motivation_c,min_max,3,9011.6,4640.270061581559,4620.239759878761,51.492188530134044,20,20,LOCALLY_SOLVED,false,0.49999973170454215,10.000369213954805,true
motivation_c,equality_min,3,9011.6,7682.101316635738,7682.101316635738,85.2468076327815,20,20,LOCALLY_SOLVED,false,0.0,0.0,true
motivation_c,proportional,3,9011.6,4252.596245835386,4247.820780906419,47.19024641390415,20,20,LOCALLY_SOLVED,false,0.5000000588884905,3.8629946772304598,false
motivation_c,jain,3,9011.6,7618.860825647198,7618.865385836958,84.54504001117668,20,20,LOCALLY_SOLVED,false,0.4995957537199738,5.338353275874397e-6,true
motivation_c,palma,3,9011.6,6685.047669652096,6685.047669652096,74.18269419028914,20,20,OPTIMAL,false,0.0,0.0,true
