case,fair_func,n_periods,total_demand_all_periods,total_pshed_lower,total_pshed_upper,pct_shed,bilevel_iters_completed,bilevel_iters_total,bilevel_last_status,bilevel_early_stop,max_delta_weights,max_delta_pshed,weights_converged
motivation_c,efficiency,12,41591.99999999999,21658.297737656823,21639.125003732363,52.073229798174715,20,20,LOCALLY_SOLVED,false,0.5000000919651857,8.835875071222773,false
motivation_c,min_max,12,41591.99999999999,29342.027340505087,28482.851682689034,70.54728635435923,20,20,LOCALLY_SOLVED,false,0.5000000438336532,10.000041481704002,false
motivation_c,equality_min,12,41591.99999999999,36274.005269475216,36274.005269475216,87.21389995546072,20,20,LOCALLY_SOLVED,false,0.0,0.0,true
motivation_c,proportional,12,41591.99999999999,21658.310685923534,21577.43445285779,52.0732609298027,20,20,LOCALLY_SOLVED,false,0.5000000887427944,58.91295527112541,false
motivation_c,jain,12,41591.99999999999,36274.00519756696,36274.00519756696,87.21389978257109,20,20,LOCALLY_SOLVED,false,1.4432899320127035e-13,1.624584911041893e-9,true
motivation_c,palma,12,41591.99999999999,31202.028403944998,31202.028403944998,75.01930276001396,20,20,TIME_LIMIT,false,0.0,0.0,true
