case,fair_func,total_demand,total_pshed,total_pd_served,pct_shed,pct_served,objective
motivation_c,efficiency,3466.0,1298.282759698518,2167.717240301482,37.45766761969181,62.542332380308196,21677.172403014818
