switch_name,phase,p,q,c_mag,current_rating,is_closed
671692,1,0.0,0.0,0.0,700.0,false
671692,2,0.0,0.0,0.0,700.0,false
671692,3,0.0,0.0,0.0,700.0,false
632633,1,570.0,265.42317793531254,634.1195786843812,700.0,true
632633,2,68.0,59.91814358126861,89.63402908258486,700.0,true
632633,3,375.0,287.4266714549342,486.14472186854306,700.0,true
632645,1,385.0,219.9973103536494,447.19675800307596,700.0,true
632645,2,500.0,285.9972203869651,569.6724793915173,700.0,true
632645,3,500.0,192.2123104784423,551.1632034117043,700.0,true
