switch_name,phase,p,q,c_mag,current_rating,is_closed
671692,1,4.883601466652678e-11,1.7835965456055e-11,5.5378909167032734e-11,700.0,true
671692,2,-9.912014910526604e-11,-6.16256537108716e-11,1.235448353035349e-10,700.0,true
671692,3,-8.279969106364159e-11,-3.198323466198056e-11,9.51548721239567e-11,700.0,true
632633,1,565.7784491317326,249.43211095116945,631.4107239301862,700.0,true
632633,2,139.62690668679747,75.06015729868068,159.36433703097188,700.0,true
632633,3,379.9331375224938,253.7892624326678,473.60954670666695,700.0,true
632645,1,431.57922332276615,254.51965116208527,511.64618663760984,700.0,true
632645,2,558.2557900072695,338.2949835159751,656.2203549049526,700.0,true
632645,3,572.4225492458992,265.02249697755855,653.8650481328394,700.0,true
