switch_name,phase,p,q,c_mag,current_rating,is_closed
671692,1,79.75017845504061,-21.25478691395227,101.07895163737038,700.0,true
671692,2,-146.0276644313519,-98.98993928258673,215.9202037893597,700.0,true
671692,3,-75.72463611805134,-33.398070146654945,101.36814376126978,700.0,true
632633,1,498.34735510323827,219.1631008366916,547.862724812844,700.0,true
632633,2,290.96823111988346,119.59130184009092,312.65558142433287,700.0,true
632633,3,465.68871978122485,234.4133966587205,533.888312220883,700.0,true
632645,1,496.3297535497318,226.26205362113697,548.9293700694653,700.0,true
632645,2,396.5075708165084,232.49445760293722,456.8221623321747,700.0,true
632645,3,468.2183808269759,234.59740692342817,536.2878045565185,700.0,true
