case,fair_func,total_demand,final_pshed,final_pd_served,pct_shed,pct_served,relaxed_pshed_final,objective
motivation_a,efficiency,3466.0,199.99999999667398,3.3260109283147494e-9,5.770340449990593,9.596107698542265e-11,3465.9782423391007,1.3084852416350264e-8
