switch_name,phase,p,q,c_mag,current_rating,is_closed
632633,1,710.359135035078,154.2612341826199,699.9990690542975,700.0,true
632633,2,185.23369165892612,-72.49348019018554,190.73532999519628,700.0,true
632633,3,483.25285157318353,158.0919910356349,491.49287203114005,700.0,true
632645,1,280.6413892599318,168.16493196204246,315.0535834352669,700.0,true
632645,2,487.9683122212433,306.9785537671669,552.7931716860102,700.0,true
632645,3,425.35069794509405,126.28553891734778,428.8998861920615,700.0,true
