switch_id,state,ps_fr,qs_fr
1,1.0000000000001041,1378.8456782671876,239.85974502806926
2,0.9999999999999942,1193.960399426269,601.4290246465572
