block_id,status
1,1.0000000006019147
2,0.9999999906020312
3,0.9999999999998274
