load_id,pd,qd,pshed,qshed,z_demand
8,1.1424847334358543e-9,6.640082211422059e-10,116.9999999988575,67.999999999336,9.764826781503028e-12
10,1.0808767906539074e-9,6.223230006795225e-10,65.99999999891912,37.99999999937768,1.637692107051375e-11
14,1.1026494042249879e-9,6.48617296602934e-10,16.99999999889735,9.999999999351383,6.48617296602934e-11
