Iteration,Total_Load_Shed,Lower_Level_Load_Shed,Upper_Level_Load_Shed
1,1504.5273780230757,1504.5273780230757,1456.495400299807
2,1504.5273780230757,1504.5273780230757,1456.495400299807
3,1504.5273780230757,1504.5273780230757,1456.495400299807
4,1504.5273780230757,1504.5273780230757,1456.495400299807
5,1504.5273780230757,1504.5273780230757,1456.495400299807
