iteration,status,pshed_lower,pshed_upper,max_delta_w,mean_delta_w,w_min,w_max,jac_max,jac_nnz,n_pshed_zero,n_pshed_total
1,LOCALLY_SOLVED,30355.775646982216,29836.258600155274,0.0,0.0,5.499997731635905,5.500000054997216,30.00356224373187,1350,0,90
2,LOCALLY_SOLVED,29836.2800132588,29316.763681427605,0.0,0.0,5.999995389645878,6.000000114994432,30.00355908608447,1350,0,90
3,LOCALLY_SOLVED,29316.778687175156,28797.262671946413,0.0,0.0,6.499993116150845,6.500000179991648,30.003558715428685,1350,0,90
4,LOCALLY_SOLVED,28797.28498375772,28277.76914441704,0.0,0.0,6.999991028137636,7.000000249988866,30.003558830201296,1350,0,90
5,LOCALLY_SOLVED,28277.799478670364,27758.283541456156,0.0,0.0,7.499989085379188,7.500000324986084,30.003564251354938,1350,0,90
