iteration,status,pshed_lower,pshed_upper,max_delta_w,mean_delta_w,w_min,w_max,jac_max,jac_nnz,n_pshed_zero,n_pshed_total
1,LOCALLY_SOLVED,30355.775646982216,30695.22473706616,0.0,0.0,4.499999993712306,5.500000036331004,30.00356224373187,1350,0,90
2,LOCALLY_SOLVED,30695.27419432913,31034.723259673356,0.0,0.0,3.9999999925152747,6.000000078244023,30.003560137312157,1350,0,90
3,LOCALLY_SOLVED,31034.772675950986,31374.221943690452,0.0,0.0,3.4999999964931576,6.500000125586181,30.003560171601258,1350,0,90
4,LOCALLY_SOLVED,31374.271232579107,31713.72061112333,0.0,0.0,3.000000005663074,7.000000178326236,30.00356071282727,1350,0,90
5,LOCALLY_SOLVED,31713.769793936528,32053.219286832016,0.0,0.0,2.500000020013729,7.500000236437041,30.003561176015086,1350,0,90
