iteration,status,pshed_lower,pshed_upper,max_delta_w,mean_delta_w,w_min,w_max,jac_max,jac_nnz,n_pshed_zero,n_pshed_total
1,LOCALLY_SOLVED,30355.775646982216,29836.25842183106,0.0,0.0,5.500000052196139,5.500000054738264,30.00356224373187,1350,0,90
2,LOCALLY_SOLVED,29836.27742157777,29316.760912003712,0.0,0.0,6.000000109137092,6.000000114452733,30.003559085457802,1350,0,90
3,LOCALLY_SOLVED,29316.779395559417,28797.263203605045,0.0,0.0,6.50000017082291,6.500000179143407,30.00355871581463,1350,0,90
4,LOCALLY_SOLVED,28797.27971393138,28277.76382133605,0.0,0.0,7.000000237253704,7.000000248810287,30.00355903849598,1350,0,90
5,LOCALLY_SOLVED,28277.797400249157,27758.28187890929,0.0,0.0,7.500000308429691,7.500000323453377,30.003560175059388,1350,0,90
