iteration,status,pshed_lower,pshed_upper,max_delta_w,mean_delta_w,w_min,w_max,jac_max,jac_nnz,n_pshed_zero,n_pshed_total
1,OPTIMAL,30355.775646982216,30563.89263756549,0.0,0.0,4.5,5.5,30.00356224373187,1350,0,90
2,OPTIMAL,30563.651891974874,30771.724569937916,0.0,0.0,3.9999998694746837,6.0,30.003560539669706,1350,0,90
3,OPTIMAL,30771.483895258,30979.600619247394,0.0,0.0,3.4999998694746837,6.5,30.003559026712658,1350,0,90
4,OPTIMAL,30979.360218528338,31111.496730318726,0.0,0.0,2.9999998694746837,7.0,30.00355962500258,1350,0,90
5,OPTIMAL,31111.287618201488,31297.168673847566,0.0,0.0,2.4999998694746837,7.5,30.003562312918117,1350,0,90
