case,fair_func,n_periods,total_demand_all_periods,total_pshed_lower,total_pshed_upper,pct_shed,bilevel_iters_completed,bilevel_iters_total,bilevel_last_status,bilevel_early_stop,max_delta_weights,max_delta_pshed,weights_converged,bilevel_time_s,rounding_time_s
motivation_c,efficiency,6,35550.76200000001,28277.801224689807,27758.285722850953,79.54203970280524,5,5,LOCALLY_SOLVED,false,0.5000000749749436,14.99943748498049,false,97.42699980735779,21.421000003814697
motivation_c,min_max,6,35550.76200000001,28277.799478670364,27758.283541456156,79.54203479146342,5,5,LOCALLY_SOLVED,false,0.5000000749972182,14.999635737907056,false,97.45099997520447,19.55299997329712
motivation_c,equality_min,6,35550.76200000001,31713.770177691953,32053.219799544742,89.20700540171809,5,5,LOCALLY_SOLVED,false,0.5000000749976845,15.000000232515049,false,104.13600015640259,31.477999925613403
motivation_c,proportional,6,35550.76200000001,28277.797400249157,27758.28187890929,79.54202894511558,5,5,LOCALLY_SOLVED,false,0.5000000746430899,14.999534929387664,false,97.79999995231628,18.63700008392334
motivation_c,jain,6,35550.76200000001,31713.769793936528,32053.219286832016,89.20700432226043,5,5,LOCALLY_SOLVED,false,0.5000000581108051,14.999998242612264,false,97.78999996185303,24.41000008583069
motivation_c,palma,6,35550.76200000001,31111.287618201488,31297.168673847566,87.51229472437603,5,5,OPTIMAL,false,0.5,15.000166419595416,true,107.79399991035461,27.060999870300293
