Iteration,Total_Load_Shed,Lower_Level_Load_Shed,Upper_Level_Load_Shed
1,1446.9399771019932,1446.9399771019932,1390.7726716001212
2,1446.9399771019932,1446.9399771019932,1390.7726716001212
3,1446.9399771019932,1446.9399771019932,1390.7726716001212
4,1446.9399771019932,1446.9399771019932,1390.7726716001212
5,1446.9399771019932,1446.9399771019932,1390.7726716001212
