load_id,pd_served,pshed,qd_served,qshed
1,160.00000152531692,-1.5253169181050907e-6,110.00000104865538,-1.0486553776445362e-6
2,68.00000066844474,-6.684447413363159e-7,60.00000058980418,-5.898041806062793e-7
3,1155.0000114913828,-1.1491382792883087e-5,660.0000065665045,-6.56650445307605e-6
4,485.0000047675838,-4.767583789089258e-6,190.00000186771322,-1.8677132231914584e-6
5,128.0000012030206,-1.203020588036452e-6,86.00000080827945,-8.082794522579206e-7
6,3.402295711107853e-5,229.99996597704288,1.952621886374942e-5,131.99998047378114
7,2.513929074370165e-5,169.99997486070924,1.8484772605662977e-5,124.99998151522739
8,117.00000100704257,-1.0070425702224384e-6,68.0000005852897,-5.85289697596636e-7
9,120.00000114398767,-1.1439876743679633e-6,90.00000085799076,-8.579907557759725e-7
10,66.0000005680753,-5.680752934722477e-7,38.00000032707365,-3.270736499416671e-7
11,120.00000114398767,-1.1439876743679633e-6,90.00000085799076,-8.579907557759725e-7
12,290.0000028507202,-2.8507201932370663e-6,212.00000208397478,-2.083974777633557e-6
13,170.00000163962838,-1.6396283797348588e-6,151.0000014563758,-1.4563757986252313e-6
14,17.000000146322424,-1.46322424399159e-7,10.000000086072014,-8.607201351651383e-8
15,170.00000162907673,-1.629076734843693e-6,80.00000076662434,-7.666243391213357e-7
