load_id,pd_served,pshed,qd_served,qshed
1,159.999996640382,3.3596180060158076e-6,109.99999769026262,2.3097373826885814e-6
2,67.9999957416369,4.258363105691387e-6,59.999996242620796,3.7573792042167042e-6
3,399.00017478657685,755.9998252134232,228.00009987804393,431.9999001219561
4,484.9999696278514,3.0372148614787875e-5,189.9999881016325,1.1898367489493467e-5
5,127.99998804868675,1.1951313254598972e-5,85.99999197021141,8.029788588714837e-6
6,229.9999871070929,1.289290710815294e-5,131.99999260059244,7.399407564889771e-6
7,169.99999676754433,3.2324556684670824e-6,124.99999762319436,2.3768056394146697e-6
8,116.99999992870309,7.129690970941738e-8,67.99999995856248,4.1437516529185814e-8
9,119.9999974802865,2.5197135045118557e-6,89.99999811021488,1.8897851248311781e-6
10,65.99999995978123,4.021876520710066e-8,37.99999997684374,2.3156260908763215e-8
11,119.9999974802865,2.5197135045118557e-6,89.99999811021488,1.8897851248311781e-6
12,289.9999818393338,1.8160666172661877e-5,211.9999867239268,1.3276073190127136e-5
13,169.99999163647658,8.363523420484853e-6,150.99999257122332,7.428776683582328e-6
14,16.99999998964062,1.0359379132296453e-8,9.999999993906247,6.093753057712092e-9
15,165.59998296058737,4.4000170394126314,77.92940374615877,2.070596253841231
