fair_func,period,mean_total_shed,median_total_shed,n_configs
efficient,1,3315.036421101651,3313.2530560274267,45
efficient,2,1814.7555555555555,1413.0,45
