switch_id,state,ps_fr,qs_fr
1,0.0,0.0,0.0
2,1.0,400.0,289.99822587955134
3,0.0,0.0,0.0
4,1.0,553.2989136778815,210.30167101935433
5,1.0,285.3355836910206,172.68686286974497
6,0.0,0.0,0.0
