switch_id,state,ps_fr,qs_fr
1,0.0,0.0,0.0
2,1.0,377.932728611729,-123.51373318688195
3,1.0,-1.850107799885521,-1.060718586324529
4,1.0,558.2798127939191,213.20198586415415
5,0.0,0.0,0.0
6,1.0,377.0161132275743,-124.17646923525709
