case,fair_func,total_demand,final_pshed,final_pd_served,pct_shed,pct_served,relaxed_pshed_final,objective
motivation_c,efficiency,3466.0,-1.9848596373181077e-6,200.0000019848597,-5.7266579264804027e-8,5.770340507353136,2600.168906888078,2000.0000398279358
motivation_c,proportional,3466.0,-1.935584107885945e-6,200.00000193558412,-5.5844896361394834e-8,5.770340505931451,3378.5510167710854,201.99999995493988
motivation_c,equality_min,3466.0,-1.973838051961771e-6,200.000001973838,-5.694858776577527e-8,5.770340507035142,0.17376447273691412,2299.317336646315
motivation_c,min_max,3466.0,-1.9222344001152992e-6,200.0000019222344,-5.5459734567665874e-8,5.770340505546289,3140.2743343612956,823.317071037319
motivation_c,jain,3466.0,-1.970116484021628e-6,200.00000197011644,-5.684121419566152e-8,5.770340506927768,3800.064715088727,200.00063441381695
