switch_name,phase,p,q,c_mag,current_rating,is_closed
632633,1,618.39405897994,92.92305303203905,603.1399771521062,700.0,true
632633,2,179.56744666688155,-76.89157681897974,187.4029434074032,700.0,true
632633,3,407.5756414352971,93.65873967149707,403.9997436832169,700.0,true
632645,1,384.9999987180389,219.99705242992795,427.6831872368103,700.0,true
632645,2,541.7506281280316,316.6960394555199,602.0366700099627,700.0,true
632645,3,499.999997897,179.08293059753444,513.071338209297,700.0,true
