switch_name,phase,p,q,c_mag,current_rating,is_closed
632633,1,605.7476558446585,59.35038371063542,586.8382524909835,700.0,true
632633,2,158.5607547284446,-91.54878479542225,175.68122982254005,700.0,true
632633,3,380.5607458491537,67.92754021110947,373.4437871572114,700.0,true
632645,1,394.22299761926166,226.19375442051404,438.21912295816963,700.0,true
632645,2,549.46645772782,322.36944508578677,611.2669319565189,700.0,true
632645,3,499.9999899050382,179.08097514697812,513.0613847921873,700.0,true
