switch_name,phase,p,q,c_mag,current_rating,is_closed
632633,1,605.7476525556245,59.35025669535421,586.8382373109546,700.0,true
632633,2,158.56073995215112,-91.54891641753393,175.68128066674595,700.0,true
632633,3,380.56073927538495,67.92741619104338,373.44375984652373,700.0,true
632645,1,394.223000265378,226.19375619970526,438.21912596333925,700.0,true
632645,2,549.4664688237154,322.3694519846401,611.2669443971505,700.0,true
632645,3,499.999997561271,179.080979337048,513.0613931104313,700.0,true
