switch_name,phase,p,q,c_mag,current_rating,is_closed
632633,1,609.6698946789419,72.64847398305297,592.0567424697985,700.0,true
632633,2,183.0464992193682,-73.67923276849375,189.3217267449592,700.0,true
632633,3,388.87478219457745,74.52733159172628,382.5041775696705,700.0,true
632645,1,390.8947182148243,223.95756684393874,434.4177370938104,700.0,true
632645,2,527.2866722218863,306.06077783216045,584.9667610102329,700.0,true
632645,3,499.999998049817,179.08168370247503,513.0649823189827,700.0,true
