load_id,pd,qd,pshed,qshed,z_demand
1,0.0,0.0,0.0,0.0,-2.767873322469533e-9
2,0.0,0.0,0.0,0.0,-2.767873322469533e-9
3,0.0,0.0,0.0,0.0,0.24698486310017811
4,0.0,0.0,0.0,0.0,-2.767873322469533e-9
5,0.0,0.0,0.0,0.0,-2.949517160823465e-9
6,0.0,0.0,0.0,0.0,0.19267440955804688
7,0.0,0.0,0.0,0.0,-2.949517160823465e-9
8,117.00000112450714,68.0000006535597,-1.1245071214946282e-6,-6.535596867004838e-7,1.000000009611172
9,0.0,0.0,0.0,0.0,-2.767873322469533e-9
10,66.00000063433735,38.00000036522454,-6.343373566503437e-7,-3.6522453889334514e-7,1.000000009611172
11,0.0,0.0,0.0,0.0,-2.767873322469533e-9
12,0.0,0.0,0.0,0.0,-2.767873322469533e-9
13,0.0,0.0,0.0,0.0,-2.949517160823466e-9
14,17.000000163389924,10.000000096111721,-1.633899219703274e-7,-9.611171985428657e-8,1.000000009611172
15,0.0,0.0,0.0,0.0,-2.949517160823465e-9
