block_id,status
1,0.9999999901570252
2,0.9999999900011962
3,1.0
