switch_id,state,ps_fr,qs_fr
1,1.0,1205.5371470821187,109.69021588455638
2,1.0,1426.7506247430706,715.7760224829823
