load_id,pd,qd,pshed,qshed,z_demand
1,159.99999766994216,109.99999839808522,2.3300578444679064e-6,1.6019147765705702e-6,0.9999999854371384
2,63.04650096691161,55.62926555903965,4.9534990330883915,4.370734440960342,0.9271544259839942
3,1154.999999765451,659.9999998659721,2.3454890052936182e-7,1.340278847344761e-7,0.9999999997969274
4,449.6698966022372,176.1593409369589,35.33010339776282,13.840659063041118,0.9271544259839942
5,5.894718293007207,3.960513853114217,122.1052817069928,82.03948614688578,0.046052486664118805
6,229.9999995589007,131.99999974684735,4.410993076781715e-7,2.5315264726163543e-7,0.999999998082177
7,27.28667252061907,20.063729794572847,142.71332747938092,104.93627020542715,0.16050983835658278
8,51.17302734411793,29.741588541880507,65.82697265588206,38.2584114581195,0.43737630208647804
9,119.9999982524566,89.99999868934246,1.74754339469163e-6,1.3106575481447348e-6,0.9999999854371384
10,28.86683593770755,16.620299479286167,37.13316406229245,21.379700520713833,0.43737630208647804
11,119.9999982524566,89.99999868934246,1.7475433926550646e-6,1.310657544147932e-6,0.9999999854371384
12,268.87478353535835,196.55673830860678,21.1252164646417,15.443261691393225,0.9271544259839942
13,8.135252144395515e-7,7.226018081198369e-7,169.99999918647478,150.9999992773982,4.7854424378797145e-9
14,7.435397135470127,4.37376302086478,9.564602864529874,5.6262369791352205,0.43737630208647804
15,-1.6514503940791263e-6,-7.771531266254712e-7,170.0000016514504,80.00000077715313,-9.71441408281839e-9
