load_id,pd,qd,pshed,qshed,z_demand
1,0.0,0.0,0.0,0.0,-2.7678733221252824e-9
2,0.0,0.0,0.0,0.0,-2.7678733221252824e-9
3,0.0,0.0,0.0,0.0,0.2469848631010009
4,0.0,0.0,0.0,0.0,-2.7678733221252824e-9
5,0.0,0.0,0.0,0.0,-2.949517160823468e-9
6,0.0,0.0,0.0,0.0,0.1926743986962888
7,0.0,0.0,0.0,0.0,-2.949517160823468e-9
8,117.00000115469524,68.00000067110493,-1.1546952639240435e-6,-6.711049340534676e-7,1.0000000098691901
9,0.0,0.0,0.0,0.0,-2.7678733221252824e-9
10,66.00000065136655,38.000000375029224,-6.513665546030779e-7,-3.7502922426255304e-7,1.0000000098691901
11,0.0,0.0,0.0,0.0,-2.7678733221252824e-9
12,0.0,0.0,0.0,0.0,-2.7678733221252824e-9
13,0.0,0.0,0.0,0.0,-2.949517160823468e-9
14,17.000000167776232,10.0000000986919,-1.6777623343464932e-7,-9.869190179367166e-8,1.0000000098691901
15,0.0,0.0,0.0,0.0,-2.949517160823468e-9
