load_id,pd,qd,pshed,qshed,z_demand
1,159.99999766994216,109.99999839808522,2.330057847037353e-6,1.6019147865047528e-6,0.9999999854371384
2,63.0465009669116,55.629265559039645,4.953499033088403,4.37073444096035,0.9271544259839941
3,1154.999999765451,659.9999998659721,2.345488829895072e-7,1.3402792630429453e-7,0.9999999997969274
4,449.66989660223715,176.15934093695887,35.33010339776285,13.840659063041125,0.9271544259839941
5,5.8947182930072675,3.9605138531142576,122.10528170699274,82.03948614688574,0.04605248666411928
6,229.9999995589007,131.99999974684735,4.4109930055679563e-7,2.531526658766765e-7,0.999999998082177
7,27.28667252061892,20.063729794572737,142.71332747938106,104.93627020542726,0.1605098383565819
8,51.17302734411816,29.74158854188064,65.82697265588185,38.258411458119355,0.43737630208648
9,119.9999982524566,89.99999868934246,1.7475433851636317e-6,1.3106575554289518e-6,0.9999999854371384
10,28.86683593770768,16.62029947928624,37.13316406229232,21.379700520713758,0.43737630208648
11,119.9999982524566,89.99999868934246,1.7475433893824792e-6,1.3106575555481056e-6,0.9999999854371384
12,268.8747835353583,196.55673830860675,21.125216464641696,15.44326169139324,0.9271544259839941
13,8.135252160163721e-7,7.226018095204246e-7,169.99999918647478,150.9999992773982,4.78544244715513e-9
14,7.43539713547016,4.3737630208648,9.564602864529839,5.6262369791352,0.43737630208648
15,-1.6514503940782218e-6,-7.771531266250456e-7,170.0000016514504,80.00000077715313,-9.71441408281307e-9
