switch_id,state,ps_fr,qs_fr
1,0.9999999999999486,0.0,0.0
3,0.9999999999990637,0.0,0.0
