switch_id,state,ps_fr,qs_fr
1,1.0,1144.8691564222568,35.72913912632264
2,1.0,1443.68944525212,727.6441746532789
