switch_id,state,ps_fr,qs_fr
1,1.0,1144.8691317831606,35.72875646886366
2,1.0,1443.6894666503645,727.6441875213933
