block_id,status
1,-1.9599585307255049e-25
2,-1.864500944567162e-25
3,0.9898222980159668
4,-1.864500944567162e-25
5,-1.9599585307255049e-25
6,3.019726449652581e-23
7,3.019726449652581e-23
8,-1.9599585307255049e-25
9,0.9898222980159669
10,0.9999999999590039
11,-1.864500944567162e-25
12,-1.864500944567162e-25
13,0.8555686925920043
14,-2.0821242508800254e-25
15,-1.924674484997722e-25
16,0.8555686925920043
