block_id,status
1,1.1329058561479619e-15
2,1.459966794463295e-15
3,0.9898222794219267
4,1.459966794463295e-15
5,1.1329058561479619e-15
6,2.8232645461912865e-15
7,2.8232645461912865e-15
8,1.1329058561479619e-15
9,0.9898222794219267
10,0.9999999998060066
11,1.459966794463295e-15
12,1.459966794463295e-15
13,0.855562525747938
14,1.1329058561508964e-15
15,1.4599667944595653e-15
16,0.855562525747938
