switch_id,state,ps_fr,qs_fr
1,0.9999999999999899,0.0,0.0
3,0.9999999999999893,0.0,0.0
