load_id,pd,qd,pshed,qshed,z_demand
1,0.0,0.0,0.0,0.0,-2.767870533889752e-9
2,0.0,0.0,0.0,0.0,-2.767870533889752e-9
3,0.0,0.0,0.0,0.0,0.2469848609698938
4,0.0,0.0,0.0,0.0,-2.767870533889752e-9
5,0.0,0.0,0.0,0.0,-2.9495171606283774e-9
6,0.0,0.0,0.0,0.0,0.1926735434990058
7,0.0,0.0,0.0,0.0,-2.9495171606283774e-9
8,117.00000113395362,68.00000065904996,-1.1339536406625363e-6,-6.590499671385569e-7,1.0000000096919113
9,0.0,0.0,0.0,0.0,-2.767870533889752e-9
10,66.0000006362598,38.0000003663314,-6.362597861218213e-7,-3.663313897612639e-7,1.0000000096403
11,0.0,0.0,0.0,0.0,-2.767870533889752e-9
12,0.0,0.0,0.0,0.0,-2.767870533889752e-9
13,0.0,0.0,0.0,0.0,-2.949517160628378e-9
14,17.00000016537068,10.000000097276871,-1.6537068110158743e-7,-9.727687045853068e-8,1.000000009727687
15,0.0,0.0,0.0,0.0,-2.9495171606283774e-9
