load_id,pd,qd,pshed,qshed,z_demand
1,0.0,0.0,0.0,0.0,-2.7678733506079175e-9
2,0.0,0.0,0.0,0.0,-2.7678733506079175e-9
3,0.0,0.0,0.0,0.0,0.24698486310177314
4,0.0,0.0,0.0,0.0,-2.7678733506079175e-9
5,0.0,0.0,0.0,0.0,-2.9495171929721795e-9
6,0.0,0.0,0.0,0.0,0.1926744247386646
7,0.0,0.0,0.0,0.0,-2.9495171929721795e-9
8,117.00000115251814,68.0000006698396,-1.1525181490101642e-6,-6.698396026096738e-7,1.0000000098505823
9,0.0,0.0,0.0,0.0,-2.7678733506079175e-9
10,66.00000065013843,38.00000037432213,-6.501384340688903e-7,-3.743221331089194e-7,1.0000000098505823
11,0.0,0.0,0.0,0.0,-2.7678733506079175e-9
12,0.0,0.0,0.0,0.0,-2.7678733506079175e-9
13,0.0,0.0,0.0,0.0,-2.9495171929721795e-9
14,17.0000001674599,10.000000098505824,-1.6745990094257398e-7,-9.850582344014678e-8,1.0000000098505823
15,0.0,0.0,0.0,0.0,-2.9495171929721795e-9
