switch_id,state,ps_fr,qs_fr
1,1.0,1181.5911760928875,73.4965728062855
2,1.0,1418.1813884865278,709.1000283785743
