block_id,status
1,0.9999999901340002
2,0.9999999900002426
3,1.0
