block_id,status
1,7.582677086722211e-26
2,-3.2209490202110684e-25
3,0.9898222978742464
4,-3.2209490202110684e-25
5,7.582677086722211e-26
6,1.8221149034736108e-18
7,1.8221149034736108e-18
8,7.582677086722211e-26
9,0.9898222978742464
10,1.0000000000238924
11,-3.2209490202110684e-25
12,-3.2209490202110684e-25
13,0.8555681241924453
14,8.297361540360985e-26
15,-3.297458238347014e-25
16,0.8555681241924453
