block_id,status
1,0.9999999900205464
2,0.9999999900001216
3,1.0
