block_id,status
1,3.599252973470525e-24
2,-1.0682270064720642e-25
3,0.9898222980087877
4,-1.0682270064720642e-25
5,3.599252973470525e-24
6,-1.0056293873442938e-18
7,-1.0056293873442938e-18
8,3.599252973470525e-24
9,0.9898222980087878
10,0.9999999997454861
11,-1.0682270064720642e-25
12,-1.0682270064720642e-25
13,0.8555687711792062
14,3.595755355740916e-24
15,-1.0614515647122565e-25
16,0.8555687711792062
