switch_id,state,ps_fr,qs_fr
1,0.9999999999949013,0.0,0.0
3,0.9999999999921795,0.0,0.0
