switch_id,state,ps_fr,qs_fr
1,0.9999999999999863,0.0,0.0
3,0.9999999999998559,0.0,0.0
