load_id,pd,qd,pshed,qshed,z_demand
1,0.0,0.0,0.0,0.0,-2.7678733215027677e-9
2,0.0,0.0,0.0,0.0,-2.7678733215027677e-9
3,0.0,0.0,0.0,0.0,0.24698486308475792
4,0.0,0.0,0.0,0.0,-2.7678733215027677e-9
5,0.0,0.0,0.0,0.0,-2.949517160823468e-9
6,0.0,0.0,0.0,0.0,0.19267431985952
7,0.0,0.0,0.0,0.0,-2.949517160823468e-9
8,117.0000011611429,68.00000067485229,-1.1611428895371873e-6,-6.748522779225586e-7,1.0000000099242983
9,0.0,0.0,0.0,0.0,-2.7678733215027677e-9
10,66.00000065500369,38.000000377123335,-6.550036796184216e-7,-3.771233335725596e-7,1.0000000099242983
11,0.0,0.0,0.0,0.0,-2.7678733215027677e-9
12,0.0,0.0,0.0,0.0,-2.7678733215027677e-9
13,0.0,0.0,0.0,0.0,-2.9495171608234675e-9
14,17.000000168713072,10.000000099242982,-1.6871306816249868e-7,-9.924298310253789e-8,1.0000000099242983
15,0.0,0.0,0.0,0.0,-2.949517160823468e-9
