block_id,status
1,0.9999999900207778
2,0.9999999900001111
3,1.0
