switch_id,state,ps_fr,qs_fr
1,0.9999999999999881,0.0,0.0
3,0.99999999999976,0.0,0.0
