switch_name,phase,p,q,s_mag,current_rating,is_closed
632633,1,322.6578754696162,7.213637110891381,322.73850275871024,308.0,true
632633,2,119.67019378844363,-77.10158396195568,142.35733044281966,308.0,true
632633,3,227.43291377785286,6.172877876924692,227.5166690393644,308.0,true
632645,1,292.0450586531803,168.90135637285616,337.36921090747165,322.0,true
632645,2,282.94117775642593,162.58917981430804,326.32951362523556,322.0,true
632645,3,308.28724311223556,99.56697695976986,323.9669846861713,322.0,true
