config_bits,total_pshed,obj_efficient,obj_palma
000010,2866.0,2866.0,24.11764705882353
000000,3266.0,3266.0,5.324675324675325
