switch_id,state,ps_fr,qs_fr
2,1.0,400.0,289.7609754035467
4,1.0,298.0,67.40396608414756
5,1.0,230.0,131.9989573887115
6,1.0,0.0,-0.23728977795316802
