Iteration,Total_Load_Shed,Lower_Level_Load_Shed,Upper_Level_Load_Shed
1,1446.9399816542023,1446.9399816542023,1446.6876175827474
2,2315.5353082093184,2315.5353082093184,-3666.125740001543
3,3062.0760250912313,3062.0760250912313,2530.3777151325326
4,2344.97450230877,2344.97450230877,2328.8112677811696
5,2908.94216559423,2908.94216559423,2908.8311895710012
