switch_name,phase,p,q,s_mag,current_rating,is_closed
671692,1,0.0,0.0,0.0,80.0,true
671692,2,0.0,0.0,0.0,80.0,true
671692,3,0.0,0.0,0.0,80.0,true
632633,1,330.3699917100285,-4.108862620914141,330.39554200158614,304.0,true
632633,2,131.96940017148177,-129.01307654956503,184.55431856882845,304.0,true
632633,3,256.04597389261795,-18.588367614181465,256.7198242387587,304.0,true
632645,1,287.8086915125998,164.45886515751576,331.4823694242166,305.0,true
632645,2,290.6595179370267,166.09493333336576,334.76929704857935,305.0,true
632645,3,324.06966082219236,64.68064059549111,330.4613900794674,305.0,true
