switch_name,phase,p,q,s_mag,current_rating,is_closed
632633,1,336.4319751463806,3.3699327761326745,336.44885249887614,308.0,true
632633,2,132.81932932516736,-120.02129177856447,179.0142025722612,308.0,true
632633,3,259.67066613339193,-11.949459916950415,259.94546436217405,308.0,true
632645,1,300.55568953815,182.72574934403977,351.74198212197194,322.0,true
632645,2,306.2146882316441,175.26224036585933,352.8233101523527,322.0,true
632645,3,343.64442537515083,73.72007795805965,351.4628586146195,322.0,true
