switch_name,phase,p,q,s_mag,current_rating,is_closed
671692,1,0.0,0.0,0.0,80.0,true
671692,2,0.0,0.0,0.0,80.0,true
671692,3,0.0,0.0,0.0,80.0,true
632633,1,330.21456019592114,-8.772224871215212,330.33105772024646,304.0,true
632633,2,131.9476092084727,-133.81285847345768,187.92565729210432,304.0,true
632633,3,255.9530364739887,-23.558963223577962,257.03498133216203,304.0,true
632645,1,282.05085667163377,174.0258263580489,331.4176730182087,305.0,true
632645,2,289.08168185835837,168.75429525904292,334.7330741866321,305.0,true
632645,3,324.5961786632129,62.90935319981431,330.6361533812953,305.0,true
