switch_name,phase,p,q,s_mag,current_rating,is_closed
632633,1,336.4319803883222,3.369948220768505,336.44885789525136,308.0,true
632633,2,132.81932832637486,-120.02126116457238,179.01418130585031,308.0,true
632633,3,259.6706680533524,-11.949443629103703,259.9454655313677,308.0,true
632645,1,300.55569441449154,182.7257522271066,351.7419877864159,322.0,true
632645,2,306.21469175202986,175.26224231271866,352.8233141747761,322.0,true
632645,3,343.6444314584915,73.72007655305549,351.4628642679312,322.0,true
