switch_name,phase,p,q,s_mag,current_rating,is_closed
671692,1,0.0,0.0,0.0,80.0,true
671692,2,0.0,0.0,0.0,80.0,true
671692,3,0.0,0.0,0.0,80.0,true
632633,1,330.36999146488614,-4.108770209368982,330.3955406072278,304.0,true
632633,2,131.96940110325963,-129.01299028371744,184.55425893080763,304.0,true
632633,3,256.0459744424776,-18.58827805722907,256.71981830262104,304.0,true
632645,1,287.80869049949,164.45886451941294,331.48236822800374,305.0,true
632645,2,290.6595170682941,166.09493272978727,334.76929599484856,305.0,true
632645,3,324.0696595380569,64.68064082224545,330.4613888645517,305.0,true
