switch_name,phase,p,q,s_mag,current_rating,is_closed
671692,1,0.0,0.0,0.0,80.0,true
671692,2,0.0,0.0,0.0,80.0,true
671692,3,0.0,0.0,0.0,80.0,true
632633,1,330.3721710472441,-4.569636928359836,330.4037726541973,304.0,true
632633,2,131.96970667708132,-129.474292354476,184.87724538495053,304.0,true
632633,3,256.0472776861687,-19.046743157057726,256.75472115501384,304.0,true
632645,1,287.8158615221445,164.4629620728418,331.49062737505454,305.0,true
632645,2,290.47333563788,166.41692906621986,334.7676104351013,305.0,true
632645,3,324.13225998880796,64.41211725903433,330.4703357568479,305.0,true
