switch_name,phase,p,q,s_mag,current_rating,is_closed
632633,1,336.4319598437889,3.3724452333787083,336.44886237166105,308.0,true
632633,2,132.81932717959262,-120.01873236985986,179.01248501740798,308.0,true
632633,3,259.67065698340815,-11.946951107741954,259.9453399062303,308.0,true
632645,1,300.555698421785,182.7257546015447,351.7419924440511,322.0,true
632645,2,306.2146961043612,175.26224499454833,352.8233192843344,322.0,true
632645,3,343.64443507473237,73.72007709765141,351.46286791795745,322.0,true
