switch_name,phase,p,q,s_mag,current_rating,is_closed
632633,1,337.1696100227621,2.7147904630362776,337.1805391925217,308.0,true
632633,2,132.63332036836545,-118.21717738707848,177.67075927486053,308.0,true
632633,3,259.9140233319149,-12.37949922780738,260.20866919784686,308.0,true
632645,1,306.06314777585266,174.88991789979355,352.50692732123713,322.0,true
632645,2,306.53211787607233,175.15906737525444,353.04764292282033,322.0,true
632645,3,344.45360729299614,73.28654781277379,352.16360639264184,322.0,true
