switch_name,phase,p,q,s_mag,current_rating,is_closed
632633,1,337.8334537853492,3.1032095762357574,337.8477059359908,308.0,true
632633,2,133.01582530275243,-118.83034636592268,178.36440507684685,308.0,true
632633,3,260.50866367206936,-11.667611513310122,260.76981613413943,308.0,true
632645,1,136.48320150261947,90.84422621655825,163.95224222098898,322.0,true
632645,2,293.483203091476,195.84423114861832,352.8276539204743,322.0,true
632645,3,293.4832030716774,31.07124151054223,295.1233852716824,322.0,true
