FairnessFunction,FinalLoadShed
proportional,1447.3602826768
efficiency,2306.6118832391526
min_max,1831.7541890474065
