case,fair_func,total_demand,final_pshed,final_pd_served,pct_shed,pct_served,relaxed_pshed_final,objective
motivation_c,efficiency,3466.0,2259.4442547069484,1206.5557452930516,65.18881288825587,34.81118711174413,1995.6354784450432,10924.97625454105
motivation_c,equality_min,3466.0,2311.9124147798957,1154.0875852201043,66.7026086203086,33.29739137969141,2020.607149060728,12410.847880866582
motivation_c,jain,3466.0,2885.0637923091276,580.9362076908724,83.23900150920738,16.760998490792627,2694.6512096685365,5809.238285008046
motivation_c,palma,3466.0,2228.5551636455425,1237.4448363544575,64.29761003016569,35.70238996983432,1782.5118608224693,12374.448363544574
