switch_id,state,ps_fr,qs_fr
1,0.0,0.0,0.0
2,1.0,480.4446126272203,-60.27166229547109
3,1.0,0.0,0.0011018378137431753
4,1.0,563.1708883250393,219.42193926165476
5,0.0,0.0,0.0
6,1.0,80.44461262760316,-350.2698211997062
