switch_id,state,ps_fr,qs_fr
1,0.0,0.0,0.0
2,1.0,358.89656969683864,-64.23302770632286
3,0.0,0.0,0.0
4,1.0,428.8972132980129,213.4031287022759
5,1.0,166.29380222649422,122.27374873632199
6,1.0,357.96536769180466,-64.90630759817492
