switch_id,state,ps_fr,qs_fr
1,0.0,0.0,0.0
2,0.0,0.0,0.0
3,1.0,2.157491869532761e-6,0.00110298379478619
4,1.0,536.5785304537154,283.3829676763257
5,0.0,0.0,0.0
6,1.0,0.0,0.0
