switch_id,state,ps_fr,qs_fr
1,0.0,0.0,0.0
2,1.0,486.9223059834395,-84.41237901794254
3,0.0,0.0,0.0
4,1.0,550.5225303708063,206.49339554369612
5,0.0,0.0,0.0
6,1.0,86.92230598365137,-374.4105375093931
