Iteration,Total_Load_Shed,Lower_Level_Load_Shed,Upper_Level_Load_Shed
1,1679.6853613287483,1679.6853613287483,1678.9888808996468
2,2047.8672127804612,2047.8672127804612,2047.8658772080223
3,2048.7917647973477,2048.7917647973477,2048.7918222159497
4,2048.7874930232365,2048.7874930232365,2048.7875495755634
5,2048.7832673562334,2048.7832673562334,2048.7833226929815
