Iteration,Total_Load_Shed,Lower_Level_Load_Shed,Upper_Level_Load_Shed
1,1680.2947611719155,1680.2947611719155,1679.2830814205126
2,1608.7580097092452,1608.7580097092452,1597.7475420044327
3,1705.2538267836242,1705.2538267836242,1701.9567608239643
4,1679.685360939771,1679.685360939771,1679.5374966272334
5,1705.2538285404444,1705.2538285404444,1703.7789391795538
