load_id,pd_served,pshed,qd_served,qshed
1,74.46110851916193,85.53889148083807,51.192012106923826,58.807987893076174
2,63.2048940001641,4.795105999835897,55.76902411779186,4.230975882208142
3,1155.0000111666225,-1.1166622471137089e-5,660.0000063809272,-6.380927175086981e-6
4,450.7996116188175,34.200388381182506,176.60190970634088,13.398090293659124
5,42.84814818153688,85.15185181846311,28.78859955947009,57.211400440529914
6,215.50285950823786,14.497140491762138,123.67990197864087,8.32009802135913
7,109.70715443569023,60.29284556430977,80.66702532036047,44.332974679639534
8,31.36077586781801,85.639224132182,18.226775718048074,49.773224281951926
9,55.84583138937145,64.15416861062855,41.884373542028584,48.115626457971416
10,17.690694079281954,48.309305920718046,10.185551136556276,27.814448863443722
11,55.84583138937145,64.15416861062855,41.884373542028584,48.115626457971416
12,269.55028323599396,20.44971676400604,197.05055188286457,14.949448117135432
13,100.66888819575293,69.33111180424707,89.41765951505113,61.58234048494887
14,4.556693929512019,12.443306070487981,2.680408193830599,7.3195918061694005
15,125.75724217731195,44.24275782268805,59.179878671676214,20.820121328323786
