FairnessFunction,MinMax,Proportional,Jain,Palma,Gini
proportional,415.6154078015125,38.50261081806117,0.3693270623357828,-2.172683722695014e8,0.6511778207462007
