Iteration,Total_Load_Shed,Lower_Level_Load_Shed,Upper_Level_Load_Shed
1,1446.9399771019932,1446.9399771019932,1441.1568778880685
2,1446.9399771019932,1446.9399771019932,1441.1568778880685
3,1446.9399771019932,1446.9399771019932,1441.1568778880685
4,1446.9399771019932,1446.9399771019932,1441.1568778880685
5,1446.9399771019932,1446.9399771019932,1441.1568778880685
