switch_name,phase,p,q,s_mag,current_rating,is_closed
671692,1,46.66117772826037,-38.07285033808709,60.22298099442339,80.0,true
671692,2,-138.88702582745213,-135.9913120140815,194.37912152931094,80.0,true
671692,3,-14.081194624284116,-12.797391995212077,19.02769780940632,80.0,true
632633,1,687.7895827560842,227.8367105729833,724.544047544734,304.0,true
632633,2,327.4602595288836,79.49663618630761,336.97171503801616,304.0,true
632633,3,514.4888471595689,207.8873185418267,554.9017129745529,304.0,true
632645,1,563.455479338178,276.0592752116672,627.4478469375816,305.0,true
632645,2,532.0679560762951,276.05822627177304,599.4200982412283,305.0,true
632645,3,662.1282127949653,264.5129558731219,713.0083267422555,305.0,true
