load_id,proportional
1,1.0099999899999998
2,1.0099999899999998
3,1.0099999899999998
4,1.0099999899999998
5,1.0099999899999998
6,1.0099999899999998
7,1.0099999899999998
8,1.0099999899999998
9,1.0099999899999998
10,1.0099999899999998
11,1.0099999899999998
12,1.0099999899999998
13,1.0099999899999998
14,1.0099999899999998
15,1.0099999899999998
