case,fair_func,total_demand,final_pshed,final_pd_served,pct_shed,pct_served,relaxed_pshed_final,objective
motivation_c,efficiency,3466.0,718.4366615148917,2747.563338485108,20.728120643822614,79.27187935617738,693.198901940239,4278.661927645766
motivation_c,proportional,3466.0,715.7123752022375,2750.2876247977624,20.649520346284984,79.35047965371501,693.1959735182888,2777.7904735428638
motivation_c,equality_min,3466.0,760.843008041768,2705.1569919582316,21.95161592734472,78.04838407265528,693.1989749655404,23035.59860935348
motivation_c,jain,3466.0,715.7123798099344,2750.287620190065,20.649520479224883,79.3504795207751,693.1990080011092,11731.767558012714
