switch_name,phase,p,q,c_mag,current_rating,is_closed
632633,1,625.3564845495085,211.74556276502432,647.6612044266216,700.0,true
632633,2,173.32833258331732,10.68163657540241,169.53807972778526,700.0,true
632633,3,432.42965109854185,210.425616500961,473.4151237502238,700.0,true
632645,1,373.5439641548165,226.30799280981867,428.4338069148532,700.0,true
632645,2,530.5439659684569,331.30796668046565,610.6568524410617,700.0,true
632645,3,530.5439662218965,195.51327463093344,556.6103883944905,700.0,true
