switch_name,phase,p,q,c_mag,current_rating,is_closed
671692,1,0.0,0.0,0.0,700.0,true
671692,2,0.0,0.0,0.0,700.0,true
671692,3,0.0,0.0,0.0,700.0,true
632633,1,662.8000001907536,107.74577003598912,653.6370658606817,700.0,true
632633,2,187.99999901606617,-68.17523807494565,192.00600357847762,700.0,true
632633,3,427.80000177540006,115.2746077248329,436.28129887375263,700.0,true
632645,1,328.20000985864044,200.39711944336696,374.31443732268826,700.0,true
632645,2,485.2000083785722,305.39702744899466,550.4525072736956,700.0,true
632645,3,458.2013049517333,145.20232434669708,473.3054085159037,700.0,true
