switch_name,phase,p,q,c_mag,current_rating,is_closed
671692,1,0.0,0.0,0.0,700.0,true
671692,2,0.0,0.0,0.0,700.0,true
671692,3,0.0,0.0,0.0,700.0,true
632633,1,700.5950729512442,156.96793498193674,699.9999979051553,700.0,true
632633,2,183.8772471940508,-72.37275040731421,189.57413323235076,700.0,true
632633,3,477.41767237153016,163.02067673659437,497.1407278095261,700.0,true
632645,1,290.4049369923774,174.589443159351,330.3676309676221,700.0,true
632645,2,489.3227597541887,307.75288288826374,554.5565649450303,700.0,true
632645,3,401.5892442425808,118.97637306343742,412.7467232758911,700.0,true
