switch_name,phase,p,q,c_mag,current_rating,is_closed
632633,1,478.00000473786946,167.67976440721282,496.1054673478068,700.0,true
632633,2,152.6680427160618,6.711815110334967,148.73025006680027,700.0,true
632633,3,344.3195910271271,159.2646447764111,372.7310410888359,700.0,true
632645,1,513.000005057743,305.9971661523003,585.0051251111411,700.0,true
632645,2,520.531964072277,301.0941538604983,585.2653622911174,700.0,true
632645,3,564.2804182532935,254.8488921047773,608.3265344143954,700.0,true
