switch_name,phase,p,q,c_mag,current_rating,is_closed
671692,1,0.0,0.0,0.0,700.0,true
671692,2,0.0,0.0,0.0,700.0,true
671692,3,0.0,0.0,0.0,700.0,true
632633,1,478.0000097895864,70.31039339010326,473.0699593276249,700.0,true
632633,2,152.6680425756916,-100.5714749358907,174.9952710083315,700.0,true
632633,3,344.3195934679492,62.83028717318826,343.88076654308827,700.0,true
632645,1,512.9999999354092,305.9971679983733,584.8758853432788,700.0,true
632645,2,520.5319642880697,301.094055227519,575.6122298064787,700.0,true
632645,3,518.8615683301925,191.99106395799006,543.5623846659547,700.0,true
