switch_name,phase,p,q,c_mag,current_rating,is_closed
671692,1,0.0,0.0,0.0,700.0,true
671692,2,0.0,0.0,0.0,700.0,true
671692,3,0.0,0.0,0.0,700.0,true
632633,1,433.13348069343544,51.01395608624907,425.5569057757548,700.0,true
632633,2,146.37747762116123,-104.60274855970022,172.7851273587723,700.0,true
632633,3,317.4921843066087,42.123989295103506,314.0942358710356,700.0,true
632645,1,512.9999999733213,305.9971437024323,582.852623513412,700.0,true
632645,2,592.822530377713,355.1034054793157,663.6685721137345,700.0,true
632645,3,664.705068048239,260.0762006328262,699.9999999426753,700.0,true
