switch_name,phase,p,q,c_mag,current_rating,is_closed
632633,1,478.00000532428095,167.67973558966057,496.1054585560554,700.0,true
632633,2,152.6680428925791,6.711785844827147,148.73024898377062,700.0,true
632633,3,344.3195910318885,159.2646162861785,372.7310293442817,700.0,true
632645,1,513.0000045694702,305.9971658356986,585.0051245517815,700.0,true
632645,2,520.5319638734799,301.0941537253013,585.2653620433653,700.0,true
632645,3,564.2804181405319,254.84889282055033,608.326534606975,700.0,true
