switch_name,phase,p,q,c_mag,current_rating,is_closed
632633,1,609.6699589197771,72.64846668537612,592.0568048864982,700.0,true
632633,2,183.04650895239618,-73.67925909051856,189.32174512077617,700.0,true
632633,3,388.8748207876792,74.5273261096312,382.5042124646125,700.0,true
632645,1,390.8946920635059,223.95754927288868,434.4177080652412,700.0,true
632645,2,527.2868103658059,306.0608793927604,584.966925433984,700.0,true
632645,3,499.9999981477196,179.08168355324258,513.064981387974,700.0,true
