switch_name,phase,p,q,c_mag,current_rating,is_closed
671692,1,0.0,0.0,0.0,700.0,true
671692,2,0.0,0.0,0.0,700.0,true
671692,3,0.0,0.0,0.0,700.0,true
632633,1,538.9019083498438,29.418687087866907,525.9885514090404,700.0,true
632633,2,67.99999895723266,-160.09581016212118,166.62202936493938,700.0,true
632633,3,343.90190876241394,55.94609268194925,342.445117607814,700.0,true
632645,1,452.0981016159808,265.0786671746833,510.76090225958416,700.0,true
632645,2,605.20000823099,363.3499776736312,676.2035076246692,700.0,true
632645,3,499.99999823708,183.1267068865225,523.3448752158947,700.0,true
