switch_name,phase,p,q,c_mag,current_rating,is_closed
632633,1,478.00000460335207,167.67992826344306,496.1055203357623,700.0,true
632633,2,152.66804270421838,6.711983650195939,148.73025730265684,700.0,true
632633,3,344.31959095111836,159.2648071752451,372.73110804519047,700.0,true
632645,1,513.0000050835952,305.99716616908375,585.005125131868,700.0,true
632645,2,520.5319639567889,301.0941537701614,585.2653623179391,700.0,true
632645,3,564.2804181981054,254.84888769611393,608.3265326470695,700.0,true
