switch_id,state,ps_fr,qs_fr
1,1.0,974.9876382586888,333.6567190888841
2,1.0,1597.8123872384895,861.9402076353591
