load_id,pd,qd,pshed,qshed,z_demand
1,159.99999993093235,109.99999995251599,6.906763764601419e-8,4.748400421181759e-8,0.9999999995683272
2,28.395235913702432,25.05461992385509,39.604764086297564,34.945380076144914,0.41757699873091814
3,525.609938588133,300.348536336076,629.3900614118671,359.65146366392406,0.4550735399031454
4,202.5248443844953,79.33962975887445,282.4751556155047,110.66037024112555,0.41757699873091814
5,127.99999863832655,85.99999908512565,1.3616734491059149e-6,9.14874349648026e-7,0.9999999893619261
6,229.99999999420004,131.9999999966713,5.7999670262736055e-9,3.3286661674838737e-9,0.9999999999747827
7,169.99999999414393,124.99999999569407,5.856077922569108e-9,4.305921518020646e-9,0.9999999999655526
8,117.00000114242059,68.00000066397094,-1.1424205819817396e-6,-6.639709379907949e-7,1.0000000097642785
9,119.99999994819926,89.99999996114944,5.1800735294429447e-8,3.885055247192876e-8,0.9999999995683272
10,66.00000064444238,38.00000037104258,-6.444423860790578e-7,-3.7104258381740264e-7,1.0000000097642785
11,119.99999994819926,89.99999996114944,5.1800727213084595e-8,3.88505449622815e-8,0.9999999995683272
12,121.09732963196626,88.52632373095464,168.90267036803374,123.47367626904536,0.41757699873091814
13,-1.6808305103599915e-6,-1.4929729827315218e-6,170.0000016808305,151.00000149297298,-9.887238296235244e-9
14,17.000000165992734,10.000000097642785,-1.6599273413336807e-7,-9.764278522538637e-8,1.0000000097642785
15,92.83070582101564,43.685038033419126,77.16929417898436,36.314961966580874,0.5460629754177391
