load_id,pd,qd,pshed,qshed,z_demand
1,159.99999934885886,109.99999955234047,6.511411122432032e-7,4.476595287120156e-7,0.9999999959303679
2,67.99999950542109,59.999999563606835,4.945789261752202e-7,4.3639316232167155e-7,0.9999999927267806
3,600.6000303577007,343.2000173472576,554.3999696422994,316.7999826527425,0.5200000262837235
4,484.9999964724886,189.9999986180883,3.527511378840746e-6,1.3819116845365216e-6,0.9999999927267806
5,127.99999850170781,85.99999899333493,1.4982921954839365e-6,1.006665071492396e-6,0.9999999882945922
6,229.99999724510116,131.99999841892762,2.7548988438803694e-6,1.5810723692947146e-6,0.9999999880221789
7,169.9999996373244,124.99999973332677,3.6267557665670846e-7,2.6667322990878933e-7,0.9999999978666142
8,116.99999995464678,67.99999997364087,4.5353213106506566e-8,2.635912257705264e-8,0.9999999996123656
9,119.99999951164415,89.99999963373311,4.88355858942175e-7,3.6626688942919096e-7,0.9999999959303679
10,65.99999997441613,37.999999985269895,2.5583875567040564e-8,1.4730102992539622e-8,0.9999999996123656
11,119.99999951164415,89.99999963373311,4.883558589421784e-7,3.662668974505523e-7,0.9999999959303679
12,289.9999978907664,211.9999984580775,2.1092335960708615e-6,1.5419225197458767e-6,0.9999999927267806
13,35.600011214970245,31.621186432120627,134.39998878502976,119.37881356787936,0.20941183067629554
14,16.999999993410217,9.999999996123655,6.589783531710386e-9,3.87634484504585e-9,0.9999999996123656
15,143.0875956776619,67.33533914242913,26.912404322338062,12.66466085757086,0.8416917392803642
