load_id,pd,qd,pshed,qshed,z_demand
1,160.00000148681036,110.00000102218212,-1.4868103445169856e-6,-1.0221821213778095e-6,1.0000000092925647
2,32.668041777471345,28.824742744827656,35.331958222528655,31.175257255172344,0.4804123790804609
3,1155.0000111552795,660.0000063744454,-1.1155279468139471e-5,-6.37444548247542e-6,1.0000000096582506
4,233.00000385402353,91.27835202528757,251.99999614597644,98.72164797471243,0.4804123790804609
5,128.00000085104378,86.00000057179504,-8.510438022524033e-7,-5.717950520868659e-7,1.0000000066487795
6,230.00000227279844,132.00000130438866,-2.272798410303308e-6,-1.3043886495354855e-6,1.0000000098817323
7,20.531959018654234,15.097028690186937,149.46804098134575,109.90297130981305,0.1207762295214955
8,117.00000104987726,68.00000061018507,-1.049877255376881e-6,-6.101850631154588e-7,1.0000000089733099
9,120.00000111510776,90.00000083633083,-1.1151077669643793e-6,-8.363308130424186e-7,1.0000000092925647
10,66.00000059223845,38.00000034098578,-5.922384442981216e-7,-3.409857738311879e-7,1.0000000089733099
11,120.00000111510776,90.00000083633083,-1.1151077669643253e-6,-8.363308130424186e-7,1.0000000092925647
12,139.31958993333367,101.84742436505772,150.68041006666635,110.15257563494228,0.4804123790804609
13,169.99999996689408,150.99999997059416,3.310589781873365e-8,2.940582160321539e-8,0.9999999998052593
14,17.000000152546267,10.0000000897331,-1.525462657788647e-7,-8.973309939297783e-8,1.0000000089733099
15,64.28041328570619,30.24960625209703,105.71958671429383,49.75039374790297,0.3781200781512129
