block_id,status
1,1.0
2,0.9999999900009252
3,0.999999990103009
