block_id,status
1,1.0
2,0.9999999900030375
3,0.9999999901505513
4,0.9999999800132248
