switch_id,state,ps_fr,qs_fr
2,1.0,1277.1496464974805,200.69100078769736
3,1.0,870.4136947640316,396.73052412408424
4,1.0,1270.4136927014504,653.7294304264638
