block_id,status
1,1.0000000010319692
2,1.0000000004695493
3,1.0
