load_id,pd,qd,pshed,qshed,z_demand
1,159.9999999740672,109.9999999821712,2.5932757978600692e-8,1.7828781690329652e-8,0.9999999998379201
2,67.99999998209087,59.99999998419783,1.7909130946011242e-8,1.5802173172634285e-8,0.9999999997366305
3,477.82371218458627,273.042121248335,677.1762878154137,386.95787875166496,0.4137001837095985
4,484.9999998722658,189.99999994995977,1.2773426600146003e-7,5.0040224010762654e-8,0.9999999997366305
5,127.99999867633746,85.99999911066423,1.323662552887158e-6,8.893357638954771e-7,0.9999999896588864
6,229.9999999167602,131.9999999522276,8.32397983253356e-8,4.7772391954956454e-8,0.9999999996380878
7,169.99999998604594,124.99999998973965,1.3954056751522766e-8,1.0260337950471711e-8,0.9999999999179172
8,117.00000109447588,68.00000063610564,-1.0944758774501056e-6,-6.361056300591444e-7,1.0000000093544947
9,119.99999998055041,89.99999998541281,1.9449571907339613e-8,1.4587184615904036e-8,0.9999999998379201
10,66.00000061739665,38.0000003554708,-6.173966504956475e-7,-3.554708046083711e-7,1.0000000093544947
11,119.99999998055041,89.99999998541281,1.944957741787657e-8,1.4587189864645385e-8,0.9999999998379201
12,289.99999992362285,211.99999994416567,7.637717573116189e-8,5.583437141862018e-8,0.9999999997366305
13,117.45088127421707,104.32401807298103,52.549118725782925,46.67598192701898,0.6908875369071592
14,17.00000015902641,10.000000093544948,-1.5902640838442382e-7,-9.354494725713729e-8,1.0000000093544947
15,128.68834170179332,60.55921962437332,41.31165829820667,19.440780375626687,0.7569902453046665
