block_id,status
1,1.0
2,0.9999999900002785
3,0.9999999900136752
4,0.9999999800012014
