switch_id,state,ps_fr,qs_fr
1,1.0,974.9876392487486,333.6561377206662
2,1.0,1597.8123865834818,861.9402123815502
