load_id,pd,qd,pshed,qshed,z_demand
1,159.99999971679688,109.99999980529786,2.8320311987127554e-7,1.94702142149678e-7,0.9999999982299805
2,63.8774898702062,56.36249106194665,4.122510129793802,3.637508938053352,0.9393748510324441
3,612.9675522897343,350.267172736991,542.0324477102657,309.7328272630089,0.5307078374802894
4,455.5968027507354,178.48122169616437,29.403197249264636,11.518778303835619,0.9393748510324441
5,86.08069022471227,57.83546374472856,41.91930977528773,28.164536255271447,0.6725053923805646
6,229.99999986535073,131.99999992272302,1.3464927040422104e-7,7.727698569456925e-8,0.9999999994145684
7,169.9999999280743,124.99999994711344,7.192570927613176e-8,5.288656364312016e-8,0.9999999995769076
8,117.00000074075236,68.00000043052273,-7.407523573566513e-7,-4.305227344199716e-7,1.0000000063312167
9,119.99999978759766,89.99999984069825,2.1240232868616548e-7,1.5930175364896346e-7,0.9999999982299805
10,66.0000004178603,38.00000024058623,-4.1786030230708215e-7,-2.4058623002665205e-7,1.0000000063312167
11,119.99999978759766,89.99999984069825,2.1240232868616638e-7,1.5930175202497345e-7,0.9999999982299805
12,272.41870679940877,199.14746841887816,17.581293200591226,12.852531581121857,0.9393748510324441
13,169.99999964301887,150.99999968291675,3.5698113914491565e-7,3.1708324023568446e-7,0.999999997900111
14,17.000000107630683,10.000000063312166,-1.0763068256113262e-7,-6.331216706958637e-8,1.0000000063312167
15,82.33765756811138,38.74713297322889,87.6623424318886,41.25286702677112,0.4843391621653611
