switch_id,state,ps_fr,qs_fr
1,1.0,1181.5912886598524,73.49653370448877
2,1.0,1418.1815005770313,709.1001122188916
