switch_id,state,ps_fr,qs_fr
1,1.0,1231.1144682313677,432.8528158413877
2,1.0,1434.63189634517,753.1292341212178
