switch_id,state,ps_fr,qs_fr
2,1.0,1278.6000034557935,154.84618957372317
3,1.0,871.6876245370703,394.038180554477
4,1.0,1271.6876214194958,651.0370849913468
