block_id,status
1,1.0
2,0.9999999900001116
3,0.9999999900177117
4,0.9999999800004823
