switch_id,state,ps_fr,qs_fr
1,1.0,-1498.3908992868564,-759.8015666451411
2,1.0,1498.390885449214,116.18396479788623
3,1.0,-73.41886823474407,-53.983362350734495
