block_id,status
1,1.0
2,0.9999999900003279
3,0.999999990034205
4,0.9999999800014233
