switch_id,state,ps_fr,qs_fr
2,1.0,974.9876458332271,32.56920562740081
3,1.0,1552.3935325536715,799.0822871838823
