switch_id,state,ps_fr,qs_fr
1,1.0,974.9876384810583,333.65622429395887
2,1.0,1597.8123873833138,861.9402121175759
