load_id,pd,qd,pshed,qshed,z_demand
1,159.99999985935955,109.9999999033097,1.406404234836793e-7,9.669030694337189e-8,0.9999999991209972
2,26.377477726641555,23.274245052919017,41.62252227335845,36.725754947080986,0.38790408421531697
3,1154.99999996132,659.9999999778971,3.86801220724316e-8,2.2102928709671573e-8,0.9999999999665108
4,188.13348084442873,73.70177600091023,296.86651915557127,116.29822399908977,0.38790408421531697
5,127.99999998621466,85.99999999073798,1.3785342625468083e-8,9.262022045542608e-9,0.999999999892302
6,219.41013662294966,125.92233927925807,10.58986337705032,6.077660720741919,0.9539571157519551
7,98.11746207913143,72.14519270524369,71.88253792086859,52.85480729475631,0.5771615416419495
8,-1.0937800323561005e-6,-6.357012153864516e-7,117.00000109378003,68.00000063570121,-9.348547285094877e-9
9,119.99999989451968,89.99999992088975,1.054803320583934e-7,7.911023750785755e-8,0.9999999991209972
10,-6.170041208162618e-7,-3.5524479683360533e-7,66.00000061700412,38.000000355244794,-9.348547285094877e-9
11,119.99999989451968,89.99999992088975,1.0548032649616382e-7,7.911024562802763e-8,0.9999999991209972
12,112.49218442244192,82.23566585364719,177.5078155775581,129.7643341463528,0.38790408421531697
13,169.99999997929424,150.99999998160843,2.0705778332102903e-8,1.8391573903308377e-8,0.9999999998782014
14,-1.589253038466129e-7,-9.348547285094877e-8,17.000000158925303,10.000000093485472,-9.348547285094877e-9
15,169.99999974965758,79.9999998821918,2.503424238495892e-7,1.1780820455949078e-7,0.9999999985273975
