switch_id,state,ps_fr,qs_fr
2,1.0,1360.4508809873646,227.77950974256967
3,1.0,734.512052562717,317.19108263569046
4,1.0,1134.512052465523,574.1899876360712
