load_id,pd,qd,pshed,qshed,z_demand
1,159.99999662452126,109.99999767935836,3.3754787546810767e-6,2.3206416391772825e-6,0.9999999789032579
2,67.99999752026974,59.99999781200272,2.4797302510426535e-6,2.187997286599408e-6,0.9999999635333786
3,600.6000688254632,343.20003932883617,554.3999311745366,316.79996067116394,0.5200000595891456
4,484.99998231368863,189.99999307134195,1.7686311352029197e-5,6.928658041211309e-6,0.9999999635333786
5,127.99999769010851,85.99999844804165,2.3098914826606018e-6,1.551958328952021e-6,0.9999999819539728
6,229.99998661348076,131.999992317302,1.3386519208831667e-5,7.682698017150726e-6,0.9999999417977424
7,169.999998122509,124.9999986194919,1.8774910198032964e-6,1.3805080994566632e-6,0.9999999889559352
8,116.99999636139938,67.99999788525776,3.638600619778278e-6,2.114742228481191e-6,0.9999999689008494
9,119.99999746839094,89.99999810129322,2.531609060817995e-6,1.8987067971968171e-6,0.9999999789032579
10,65.99999794745607,37.99999881823228,2.052543943061003e-6,1.1817677205930885e-6,0.9999999689008494
11,119.99999746839094,89.99999810129322,2.5316090500015467e-6,1.8987067927559386e-6,0.9999999789032579
12,289.9999894246798,211.99999226907627,1.0575320201493214e-5,7.730923742532341e-6,0.9999999635333786
13,35.60002205337886,31.62119605917769,134.39997794662114,119.37880394082231,0.20941189443164035
14,16.99999947131444,9.999999689008494,5.286855576694326e-7,3.109915041496276e-7,0.9999999689008494
15,143.08759228501378,67.33533754588885,26.91240771498622,12.664662454111163,0.8416917193236105
