block_id,status
1,0.9999999900220891
2,0.9999999900001166
3,1.0
