block_id,status
1,1.0000000004194516
2,1.000000000325976
3,1.0
