switch_id,state,ps_fr,qs_fr
2,1.0,998.5311691250326,-57.79757992236714
3,1.0,1352.0851642175833,665.1212903756326
4,1.0,1706.6258243727543,888.6942103259829
