load_id,pd,qd,pshed,qshed,z_demand
1,-1.356169076221717e-6,-9.323662399024306e-7,160.00000135616907,110.00000093236623,-8.476056726385732e-9
2,67.99999997435947,59.99999997737601,2.5640538722331003e-8,2.2623993801390056e-8,0.9999999996229334
3,1154.9999998860822,659.9999999349042,1.1391772278230278e-7,6.509584383682299e-8,0.9999999999013699
4,484.99999981712267,189.99999992835734,1.828772584633264e-7,7.164265342335852e-8,0.9999999996229334
5,67.09810165395334,45.081537048749894,60.90189834604666,40.9184629512501,0.5242039191715104
6,229.99999983981172,131.99999990806586,1.6018826741369994e-7,9.193414048629907e-8,0.9999999993035292
7,105.20000834905667,77.35294731548285,64.79999165094333,47.647052684517156,0.6188235785238628
8,117.00000030680849,68.00000017831604,-3.0680848625451227e-7,-1.7831604518473696e-7,1.0000000026222948
9,-1.017126807166288e-6,-7.628451053747159e-7,120.0000010171268,90.0000007628451,-8.476056726385732e-9
10,66.00000017307146,38.0000000996472,-1.730714617748405e-7,-9.964720129982724e-8,1.0000000026222948
11,-1.017126807166288e-6,-7.628451053747159e-7,120.0000010171268,90.0000007628451,-8.476056726385732e-9
12,289.9999998906507,211.99999992006187,1.0934932433724785e-7,7.993811836208405e-8,0.9999999996229334
13,107.80381977778022,95.75515756732243,62.19618022221977,55.24484243267756,0.6341401163398837
14,17.00000004457901,10.00000002622295,-4.4579011296185086e-8,-2.6222949498184886e-8,1.0000000026222948
15,-1.644853332506009e-6,-7.740486270616513e-7,170.00000164485334,80.00000077404863,-9.675607838270642e-9
