switch_id,state,ps_fr,qs_fr
2,1.0,752.0174080766644,-158.0878916110254
3,1.0,746.4406430474751,323.38199492732025
4,1.0,1146.440643035819,580.3808858840433
