switch_id,state,ps_fr,qs_fr
2,1.0,1278.5999828733202,154.84617288557155
3,1.0,871.6876588005856,394.03820043739734
4,1.0,1271.6876435365753,651.0370976588044
