block_id,status
1,1.000000000998692
2,1.0000000003881138
3,1.0
