switch_id,state,ps_fr,qs_fr
2,1.0,897.0031426212054,-11.464803178347644
3,1.0,1770.5275983992733,921.1767498145741
