block_id,status
1,1.0
2,0.9999999900007615
3,0.999999990046014
