switch_id,state,ps_fr,qs_fr
2,1.0,1361.8899925168253,247.6158613112169
3,1.0,1181.316940989147,601.3186991110522
