block_id,status
1,1.0
2,0.9999999900007693
3,0.9999999900367076
4,0.99999998000335
