switch_id,state,ps_fr,qs_fr
2,1.0,950.8038160694905,-74.73103039230502
3,1.0,1557.298108084051,811.5553517348369
