block_id,status
1,1.0
2,0.9999999900011302
3,0.9999999999699909
4,0.9999999800048965
