load_id,pd,qd,pshed,qshed,z_demand
1,159.99999934923676,109.99999955260029,6.507632210297785e-7,4.4739970874391494e-7,0.9999999959327298
2,67.99999950413859,59.99999956247522,4.958614288810792e-7,4.375247801303128e-7,0.9999999927079203
3,600.6000302795518,343.200017302601,554.3999697204482,316.79998269739906,0.5200000262160621
4,484.99999646334135,189.99999861450485,3.5366586700384593e-6,1.3854951329435806e-6,0.9999999927079203
5,127.99999976545655,85.99999984241612,2.3454344502487168e-7,1.575838760774494e-7,0.9999999981676293
6,229.99999729413048,131.9999984470662,2.70586952157499e-6,1.5529338259818757e-6,0.99999998823535
7,169.99999963832303,124.99999973406105,3.6167694861960623e-7,2.6593894971984297e-7,0.9999999978724884
8,116.99999995735912,67.99999997521726,4.264087150395074e-8,2.4782727368594993e-8,0.9999999996355481
9,119.99999951192758,89.99999963394568,4.880724219740409e-7,3.6605431113016026e-7,0.9999999959327298
10,65.99999997594617,37.999999986150826,2.4053824881256816e-8,1.3849169619588816e-8,0.9999999996355481
11,119.99999951192758,89.99999963394568,4.880724217520505e-7,3.660543188609317e-7,0.9999999959327298
12,289.99999788529686,211.9999984540791,2.1147031097973252e-6,1.545920922330669e-6,0.9999999927079203
13,35.60000875635115,31.621184248288376,134.39999124364883,119.37881575171161,0.20941181621383032
14,16.999999993804316,9.99999999635548,6.1956818412813865e-9,3.644518337352684e-9,0.9999999996355481
15,143.0012962114841,67.29472762893369,26.998703788515893,12.705272371066304,0.8411840953616712
