switch_id,state,ps_fr,qs_fr
2,1.0,1361.8929983553614,247.61840121744393
3,1.0,781.3859000825578,344.3518746329903
4,1.0,1181.385899875983,601.350781589711
