block_id,status
1,1.0
2,0.9999999900007692
3,0.9999999900381328
4,0.999999980003342
