block_id,status
1,1.0
2,0.9999999901715118
3,0.9999999900001015
4,0.9999999974926858
