block_id,status
1,1.000000000545622
2,0.9999999993215837
3,1.0
