switch_id,state,ps_fr,qs_fr
2,1.0,1278.6000009822199,154.84513968587638
3,1.0,1271.601323188946,650.9964712390587
