switch_name,phase,p,q,c_mag,current_rating,is_closed
632633,1,570.0,265.49861198428306,625.1047995495456,700.0,true
632633,2,68.0,59.998573134625886,89.635626284518,700.0,true
632633,3,375.0,287.4986358138262,472.39905847897205,700.0,true
632645,1,385.0,219.99722788723983,440.8169456741162,700.0,true
632645,2,500.0,285.9972219862906,569.3484733798983,700.0,true
632645,3,500.0,186.221268394166,533.4096730115024,700.0,true
