switch_name,phase,p,q,c_mag,current_rating,is_closed
632633,1,570.6820159551361,200.01265030468994,630.9671878196731,700.0,true
632633,2,149.46322295128425,29.697131237431854,158.1225918630046,700.0,true
632633,3,384.22903082144404,202.529510046653,455.7983345179974,700.0,true
632645,1,422.11438500705793,251.00458584983198,512.4228562433676,700.0,true
632645,2,530.711007949127,322.6495523104973,644.4788774227583,700.0,true
632645,3,536.734375676381,265.21840132131496,628.2652725421343,700.0,true
