switch_name,phase,p,q,c_mag,current_rating,is_closed
632633,1,574.9166234997176,182.03824521926487,677.9991420035278,700.0,true
632633,2,154.08863269273002,9.458023205844935,172.44060985971734,700.0,true
632633,3,385.67821574836074,185.04354201230407,484.01985215494454,700.0,true
632645,1,419.4581929363301,246.0345836006665,546.7297639772618,700.0,true
632645,2,532.2135641649974,319.5941176764649,693.4314551502914,700.0,true
632645,3,546.1484031283393,257.6709006736666,683.2857323823929,700.0,true
