switch_name,phase,p,q,c_mag,current_rating,is_closed
671692,1,0.0,0.0,0.0,700.0,true
671692,2,0.0,0.0,0.0,700.0,true
671692,3,0.0,0.0,0.0,700.0,true
632633,1,696.453970197985,148.74151298882637,699.9999996035265,700.0,true
632633,2,162.840475501533,-84.46197585082707,177.35276821477848,700.0,true
632633,3,469.8404774828569,164.94426995271908,500.37816423893963,700.0,true
632645,1,294.5460399447001,175.2587223555214,336.890948561638,700.0,true
632645,2,510.35953221563346,319.77394311974035,582.2735514414765,700.0,true
632645,3,438.75953337632876,241.0799493144558,503.0677827959882,700.0,true
