switch_name,phase,p,q,c_mag,current_rating,is_closed
632633,1,711.3073701870178,149.1932523684179,699.9949540841219,700.0,true
632633,2,173.9807627800797,-80.50735827468885,183.86984434105202,700.0,true
632633,3,480.98058664656253,156.41631578370036,489.09806889386823,700.0,true
632645,1,279.69291182044276,166.39741869439717,313.4512834478086,700.0,true
632645,2,499.22030045308105,313.40841446653553,565.3546365615703,700.0,true
632645,3,427.6212953607803,131.0190516703401,432.49564961717783,700.0,true
