switch_name,phase,p,q,c_mag,current_rating,is_closed
632633,1,707.1819641525515,154.7830060722986,699.999999867082,700.0,true
632633,2,184.800770249886,-71.03066098206166,190.64721106594146,700.0,true
632633,3,481.3562258557659,157.4767301197709,490.4811478430733,700.0,true
632645,1,240.55393732274007,138.50631288447374,268.4062987776084,700.0,true
632645,2,515.101968630953,322.48389282088834,585.2085998028664,700.0,true
632645,3,345.1019669516518,90.83590313817294,345.5969283559338,700.0,true
