switch_name,phase,p,q,c_mag,current_rating,is_closed
671692,1,0.0,0.0,0.0,700.0,true
671692,2,0.0,0.0,0.0,700.0,true
671692,3,0.0,0.0,0.0,700.0,true
632633,1,432.04526257367024,46.65248162241551,420.14639623084565,700.0,true
632633,2,146.22490267828982,-102.2531421486958,172.33840054511495,700.0,true
632633,3,316.84149718094176,35.850646521958325,308.47436299638474,700.0,true
632645,1,233.03765327770165,138.22653574279974,261.96362967602727,700.0,true
632645,2,467.6117666416649,295.34664080076226,534.1903037383508,700.0,true
632645,3,297.6117650053461,63.7019016279538,294.43674143961704,700.0,true
