switch_name,phase,p,q,c_mag,current_rating,is_closed
632633,1,707.4676852267196,154.7372890736943,699.9999999497173,700.0,true
632633,2,184.84083000990628,-71.5058620665018,190.62402555057244,700.0,true
632633,3,481.5270694086268,157.1566108651315,490.03256109099004,700.0,true
632645,1,277.79205483141385,158.73537332714398,309.25786344133996,700.0,true
632645,2,554.359177816733,344.8956307822182,627.9674153430786,700.0,true
632645,3,406.8703289486686,123.76071942708447,411.43044672975225,700.0,true
