switch_name,phase,p,q,c_mag,current_rating,is_closed
632633,1,609.6698946787221,72.64847398337261,592.0567424696222,700.0,true
632633,2,183.0464992193068,-73.67923276819944,189.32172674479946,700.0,true
632633,3,388.87478219443847,74.52733159142005,382.50417756948286,700.0,true
632645,1,390.89471821492475,223.95756684400624,434.4177370939252,700.0,true
632645,2,527.2866722214843,306.06077783186487,584.966761009758,700.0,true
632645,3,499.999998049817,179.081683702475,513.0649823189826,700.0,true
