switch_name,phase,p,q,c_mag,current_rating,is_closed
671692,1,0.0,0.0,0.0,700.0,true
671692,2,0.0,0.0,0.0,700.0,true
671692,3,0.0,0.0,0.0,700.0,true
632633,1,734.7958812179278,192.08591575539455,763.7571705865756,700.0,true
632633,2,187.4385150144795,-59.09123839043177,192.69934110454136,700.0,true
632633,3,501.1116486492674,194.90192245268352,551.0686108724092,700.0,true
632645,1,516.9590681706104,312.45016237832795,607.4416084542352,700.0,true
632645,2,673.2462893550389,414.83020331403424,775.3644206575779,700.0,true
632645,3,675.2029640833628,277.6123879510775,748.225203176014,700.0,true
