switch_name,phase,p,q,c_mag,current_rating,is_closed
632633,1,696.0986160303901,133.50530304863497,685.3866960109847,700.0,true
632633,2,187.99999995371425,-67.70134872722278,192.59294448170488,700.0,true
632633,3,461.09861609565644,137.33563939827673,466.1491131667182,700.0,true
632645,1,224.61523982556335,130.80104600481445,251.3440415495773,700.0,true
632645,2,485.2000069976782,305.3970588594292,552.580222583253,700.0,true
632645,3,315.2000053145727,73.79791601782368,313.6530179387413,700.0,true
