switch_name,phase,p,q,c_mag,current_rating,is_closed
671692,1,0.0,0.0,0.0,700.0,true
671692,2,0.0,0.0,0.0,700.0,true
671692,3,0.0,0.0,0.0,700.0,true
632633,1,37.79293240000048,-191.08679203457348,187.33076722467243,700.0,true
632633,2,28.34470255444568,-195.00184160336508,189.9522417890842,700.0,true
632633,3,28.34469978438451,-195.5960706590641,190.21201777253833,700.0,true
632645,1,512.9999965191503,305.9970587128992,574.4611888474346,700.0,true
632645,2,494.7094099641256,300.6657409156925,558.0548807703478,700.0,true
632645,3,554.9999985278099,192.90752584379283,565.4893170048138,700.0,true
