switch_name,phase,p,q,c_mag,current_rating,is_closed
671692,1,0.0,0.0,0.0,700.0,true
671692,2,0.0,0.0,0.0,700.0,true
671692,3,0.0,0.0,0.0,700.0,true
632633,1,491.65029965933974,27.971928750309882,476.1360840125467,700.0,true
632633,2,166.49942345660477,-84.23945518642387,180.2341134355271,700.0,true
632633,3,318.30636438758785,23.614485155131003,308.7962969187632,700.0,true
632645,1,230.57302710565074,136.80698729760115,259.2252414229735,700.0,true
632645,2,465.2585496823534,294.0019454302357,531.5994033823947,700.0,true
632645,3,295.2585480456409,62.36222639225328,291.9541086833054,700.0,true
