switch_name,phase,p,q,c_mag,current_rating,is_closed
671692,1,0.0,0.0,0.0,700.0,true
671692,2,0.0,0.0,0.0,700.0,true
671692,3,0.0,0.0,0.0,700.0,true
632633,1,491.6503463301714,27.97197571479537,476.13613200180896,700.0,true
632633,2,166.49942999004466,-84.23941956581277,180.23410360491116,700.0,true
632633,3,318.30639229367245,23.614506027641216,308.7963255012574,700.0,true
632645,1,230.57299045299328,136.8069652678565,259.22520027102564,700.0,true
632645,2,465.25852385926464,294.0019306735185,531.5993748923519,700.0,true
632645,3,295.25852224727436,62.36221170233281,291.95408148150335,700.0,true
