switch_name,phase,p,q,c_mag,current_rating,is_closed
632633,1,622.547292548353,93.88549351100409,607.2541348942017,700.0,true
632633,2,107.41046947449546,-124.70748283600857,157.90856860701757,700.0,true
632633,3,414.41046941619976,111.22686959099225,414.5207481955888,700.0,true
632645,1,383.50985747403377,219.14554321423813,426.0382142973077,700.0,true
632645,2,624.2466695767132,377.678949361707,699.9999999127183,700.0,true
632645,3,498.0149223245291,177.94995355938724,510.9109527436333,700.0,true
