switch_name,phase,p,q,c_mag,current_rating,is_closed
671692,1,0.0,0.0,0.0,700.0,true
671692,2,0.0,0.0,0.0,700.0,true
671692,3,0.0,0.0,0.0,700.0,true
632633,1,432.0470242389741,46.653218772096324,420.1481733676687,700.0,true
632633,2,146.2251497839221,-102.2529336487295,172.33846677300755,700.0,true
632633,3,316.84255055061567,35.851441957317824,308.4754711006964,700.0,true
632645,1,233.0364499613096,138.22587765687078,261.9623089537803,700.0,true
632645,2,467.6102695219115,295.3457853068374,534.1885966653977,700.0,true
632645,3,297.6102678403723,63.70104922441753,294.4351611241586,700.0,true
