switch_id,state,ps_fr,qs_fr
2,1.0,976.4560875035324,-32.653041280982976
3,1.0,991.0901248336452,493.1711591200901
