switch_id,state,ps_fr,qs_fr
1,1.0,-481.3879719007639,-169.29079172405142
2,1.0,1273.9497532537457,92.50575243618029
4,1.0,400.0000038580504,256.9988876211948
