switch_id,state,ps_fr,qs_fr
2,1.0,94.48233473883067,-581.6847042970027
3,1.0,1562.709405011086,799.5703254723846
