block_id,status
1,1.0
2,0.9999999900001109
3,0.9999999900109889
