block_id,status
1,0.9999999900201259
2,0.9999999900001001
3,1.0
