switch_id,state,ps_fr,qs_fr
1,1.0,1373.3389602582033,241.22907521000786
2,1.0,1100.7578729053448,551.826108843535
