block_id,status
1,1.0
2,0.9999999900002053
3,0.9999999900225718
4,0.9999999800008915
