switch_id,state,ps_fr,qs_fr
1,1.0,1373.8355846452528,240.38803787232402
2,1.0,1239.0215615968154,627.3917235364466
