block_id,status
1,0.99999999001131
2,0.9999999900000631
3,1.0
