switch_id,state,ps_fr,qs_fr
2,1.0,976.4561686138884,-32.65293782337618
3,1.0,991.0900365595323,493.1711076437078
