load_id,pd,qd,pshed,qshed,z_demand
1,159.9999999578054,109.99999997099121,4.219461693885501e-8,2.9008782534498752e-8,0.9999999997362837
2,64.80077028153194,57.17715024841054,3.1992297184680547,2.822849751589462,0.9529525041401756
3,690.3059059503885,394.46051768593634,464.6940940496115,265.53948231406366,0.5976674510392974
4,462.1819645079852,181.06097578663338,22.818035492014843,8.939024213366631,0.9529525041401756
5,10.45196867261052,7.022416451910193,117.54803132738948,78.97758354808981,0.08165600525476968
6,229.9999999856472,131.99999999176276,1.4352806121550873e-8,8.237255103038888e-9,0.9999999999375966
7,169.9999999879999,124.99999999117641,1.2000090444606433e-8,8.82358593904227e-9,0.9999999999294112
8,69.66333961114967,40.48809481673656,47.33666038885032,27.511905183263433,0.5954131590696553
9,119.99999996835405,89.99999997626554,3.164594935209834e-8,2.3734467753997184e-8,0.9999999997362837
10,39.29726849859725,22.6257000446469,26.70273150140275,15.374299955353093,0.5954131590696553
11,119.99999996835405,89.99999997626554,3.164595026099179e-8,2.3734466867553487e-8,0.9999999997362837
12,276.35622620065095,202.02593087771723,13.643773799349036,9.974069122282774,0.9529525041401756
13,169.9999993735218,150.99999944353993,6.264782051082521e-7,5.564600679256225e-7,0.999999996314834
14,10.12202370418414,5.954131590696553,6.877976295815858,4.045868409303447,0.5954131590696553
15,-1.6913013403108946e-6,-7.959065130874798e-7,170.00000169130135,80.00000079590652,-9.948831413593497e-9
