block_id,status
1,0.9999999900203934
2,0.9999999900001111
3,1.0
