switch_id,state,ps_fr,qs_fr
2,1.0,895.1116624329018,-19.75001400432197
3,1.0,998.2611849247127,497.2750781715158
