load_id,pd,qd,pshed,qshed,z_demand
1,159.9999997955651,109.999999859451,2.0443494138231138e-7,1.4054900441258862e-7,0.9999999987222817
2,46.499430143370866,41.02890895003312,21.500569856629138,18.97109104996688,0.6838151491672186
3,540.7755719871448,309.01461256408277,614.2244280128552,350.9853874359173,0.4682039584304284
4,331.65034734610106,129.92487834177155,153.34965265389897,60.07512165822847,0.6838151491672186
5,50.314466457278336,33.805032150983884,77.68553354272166,52.194967849016116,0.393081769197487
6,229.99999978516888,131.9999998767056,2.1483113203826855e-7,1.2329440124434713e-7,0.9999999990659516
7,169.99999997096532,124.99999997865096,2.9034699434779406e-8,2.1349046208706062e-8,0.9999999998292077
8,117.00000039026125,68.0000002268185,-3.9026127123710443e-7,-2.268185211781797e-7,1.0000000033355663
9,119.9999998466738,89.99999988500535,1.5332618694862417e-7,1.1499464446515572e-7,0.9999999987222817
10,66.00000022014737,38.000000126751516,-2.2014737305970865e-7,-1.2675151778303253e-7,1.0000000033355663
11,119.9999998466738,89.99999988500535,1.5332618557003053e-7,1.14994646750288e-7,0.9999999987222817
12,198.30639325849342,144.96881162345036,91.69360674150661,67.03118837654966,0.6838151491672186
13,-1.6229895284861464e-6,-1.4415965811847536e-6,170.00000162298952,151.0000014415966,-9.546997226389097e-9
14,17.000000056704625,10.000000033355663,-5.6704630294544714e-8,-3.3355663734709416e-8,1.0000000033355663
15,-1.6410249926124206e-6,-7.722470553470215e-7,170.000001641025,80.00000077224705,-9.653088191837768e-9
