switch_id,state,ps_fr,qs_fr
2,1.0,895.1147245735118,-19.748272919315347
3,1.0,998.2569873235934,497.2727121881257
