switch_id,state,ps_fr,qs_fr
1,1.0,1345.1972320797609,203.13959371968892
2,1.0,1025.0152521378143,509.99602088206734
