switch_name,phase,p,q,c_mag,current_rating,is_closed
632633,1,570.0,63.40907595289665,568.6577715289703,700.0,true
632633,2,68.0,-148.8113482185567,161.2377010144061,700.0,true
632633,3,375.0,88.9338402889021,384.1833952846995,700.0,true
632645,1,385.0,219.9972132141837,439.66650619126654,700.0,true
632645,2,500.0,285.99720510612934,567.6576979657345,700.0,true
632645,3,500.0,185.6365610739251,531.6632401566031,700.0,true
