load_id,pd_served,pshed,qd_served,qshed
1,159.9999966403813,3.359618688136834e-6,109.99999769026216,2.3097378374359323e-6
2,67.99999574163398,4.258366018916604e-6,59.99999624261822,3.757381783486835e-6
3,399.00017479224596,755.999825207754,228.0000998812834,431.9999001187166
4,484.9999696278306,3.0372169419479178e-5,189.99998810162435,1.1898375646524073e-5
5,127.99998804865449,1.1951345513239175e-5,85.99999197018974,8.029810260268277e-6
6,229.9999871071025,1.2892897501615153e-5,131.99999260059795,7.399402051078141e-6
7,169.99999676754518,3.2324548158157995e-6,124.999997623195,2.3768049999262075e-6
8,116.99999992870319,7.129681023343437e-8,67.99999995856254,4.143745968576695e-8
9,119.99999748028598,2.5197140161026255e-6,89.99999811021449,1.8897855085242554e-6
10,65.99999995978129,4.02187083636818e-8,37.999999976843775,2.3156225381626427e-8
11,119.99999748028598,2.5197140161026255e-6,89.99999811021449,1.8897855085242554e-6
12,289.9999818393214,1.8160678621370607e-5,211.9999867239177,1.3276082313495863e-5
13,169.99999163647598,8.363524017340751e-6,150.99999257122278,7.428777223594807e-6
14,16.999999989640635,1.0359364921441738e-8,9.999999993906256,6.093744175927895e-9
15,165.59998295684045,4.400017043159551,77.9294037443955,2.0705962556044994
