case,fair_func,total_demand,final_pshed,final_pd_served,pct_shed,pct_served,relaxed_pshed_final,objective
motivation_c,efficiency,3466.0,1483.8851987156022,1982.1148012843976,42.81261392716683,57.18738607283317,693.1999718151972,2127.7967227571303
motivation_c,equality_min,3466.0,1719.6005121721096,1746.3994878278909,49.61340196688141,50.3865980331186,693.1999723299807,3208.081198941892
motivation_c,min_max,3466.0,1592.0518464620516,1873.9481535379482,45.93340584137483,54.06659415862517,760.3988245544742,3862.2948025275023
motivation_c,jain,3466.0,1505.9632297745432,1960.036770225457,43.44960270555519,56.55039729444481,693.1999765816544,8557.40445406465
