switch_id,state,ps_fr,qs_fr
2,1.0,496.9774534676609,-267.9666116018709
3,1.0,1093.059317851668,511.2772287241952
4,1.0,1263.0593155257723,636.2761160869294
