switch_id,state,ps_fr,qs_fr
1,1.0,-481.38368022984434,-169.2883684860205
2,1.0,1273.9481476672581,92.50480030843582
4,1.0,400.0000039603771,256.99888768310046
