block_id,status
1,1.0
2,0.9999999912311633
3,0.9999999900007983
4,0.9999999816590975
