block_id,status
1,1.0
2,1.0000000018094686
3,0.9999999900002292
4,0.9999999802282776
