block_id,status
1,1.0
2,0.9999999900002009
3,0.9999999900313766
4,0.9999999800008721
