switch_id,state,ps_fr,qs_fr
1,1.0,-482.04422436816924,-170.2827887096361
2,1.0,1382.1147958738918,95.55759164799211
4,1.0,400.0000039188153,256.99888851266167
