block_id,status
1,1.0
2,1.0000000014121988
3,0.9999999900001493
4,0.9999999801070812
