switch_id,state,ps_fr,qs_fr
1,1.0,-1430.6458067010626,-708.1548705289881
2,1.0,1430.6457935002377,64.86494453323816
4,1.0,115.75369247912266,85.11188701067923
