iteration,status,pshed_lower,pshed_upper,max_delta_w,mean_delta_w,w_min,w_max,jac_max,jac_nnz,n_pshed_zero,n_pshed_total
1,LOCALLY_SOLVED,49011.79451985637,48232.557724406804,0.0,0.0,5.500000054223715,5.500000054974941,30.003560456750165,2025,0,135
2,LOCALLY_SOLVED,48232.54675917309,47453.31070504229,0.0,0.0,6.000000113447447,6.0000001149498825,30.003558901614188,2025,0,135
3,LOCALLY_SOLVED,47453.32630875121,46674.09072903009,0.0,0.0,6.500000177671196,6.500000179924824,30.003560256579068,2025,0,135
4,LOCALLY_SOLVED,46674.087939418896,45894.85280700992,0.0,0.0,7.000000246894965,7.0000002498997675,30.00355916277352,2025,0,135
5,LOCALLY_SOLVED,45894.843345340974,45115.60818479632,0.0,0.0,7.500000321118762,7.500000324874711,30.003560597000323,2025,0,135
