iteration,status,pshed_lower,pshed_upper,max_delta_w,mean_delta_w,w_min,w_max,jac_max,jac_nnz,n_pshed_zero,n_pshed_total
1,LOCALLY_SOLVED,49011.79451985637,49520.92935226391,0.0,0.0,4.499999955045261,5.500000054997806,30.003560456750165,2025,0,135
2,LOCALLY_SOLVED,49521.042466457155,50030.177460991974,0.0,0.0,3.9999999150911307,6.000000114995589,30.003560167124387,2025,0,135
3,LOCALLY_SOLVED,50030.290498805414,50539.425821285804,0.0,0.0,3.4999998801376244,6.500000179993347,30.003560161403016,2025,0,135
4,LOCALLY_SOLVED,50539.53829213299,51048.67376840157,0.0,0.0,2.99999985018476,7.000000249991082,30.003560392042825,2025,0,135
5,LOCALLY_SOLVED,51048.786266096904,51557.92183976119,0.0,0.0,2.499999825232555,7.500000324988791,30.003560791020575,2025,0,135
