SwitchID,GenCap,EqualityMinStatus,RelaxedStatus,SwitchName
1,1000.0,0.7334635355698121,0.9986768213942615,632633
2,1000.0,1.0000000099375674,1.0000000095423516,632645
