TestName,GiniIndex,JainsIndex,PalmaRatio,AlphaFairness1
proportional,0.999999997148581,1.0,0.28571429204665755,-2.001849643781235
