Iteration,Total_Load_Shed,Lower_Level_Load_Shed,Upper_Level_Load_Shed
1,1446.9399771019932,1446.9399771019932,1452.4489115821982
2,1446.9399771019932,1446.9399771019932,1452.4489115821982
3,1446.9399771019932,1446.9399771019932,1452.4489115821982
4,1446.9399771019932,1446.9399771019932,1452.4489115821982
5,1446.9399771019932,1446.9399771019932,1452.4489115821982
