switch_name,phase,p,q,c_mag,current_rating,is_closed
632633,1,731.7047709712285,180.295448542535,738.8857125806923,308.0,true
632633,2,186.86291587922776,-62.96710226961086,192.0711567695196,308.0,true
632633,3,498.865006219801,177.47367721989642,521.6042995804835,308.0,true
632645,1,515.1612423650095,315.3873561407137,592.2502820908329,322.0,true
632645,2,673.1594889301481,416.8679012515052,771.2433234321823,322.0,true
632645,3,672.0309368698129,272.0277603056579,714.1978417764958,322.0,true
