Iteration,Total_Load_Shed,Lower_Level_Load_Shed,Upper_Level_Load_Shed
1,3064.5548883373704,3064.5548883373704,1.5069683955432703e6
2,1446.9558461048673,1446.9558461048673,1446.351446318926
3,1929.2626540797398,1929.2626540797398,9298.493089554298
4,1679.857803999538,1679.857803999538,1679.708415404377
5,1724.0275514587574,1724.0275514587574,586.1155881718557
