FairnessFunction,MinMax,Proportional,Jain,Palma,Gini
palma,1004.9999947123869,NaN,0.32313248910618847,5.975103461912388,0.6861234131604195
