switch_name,phase,p,q,c_mag,current_rating,is_closed
671692,1,46.66117772826037,-38.07285033808709,61.159195275857165,80.0,true
671692,2,-138.88702582745216,-135.9913120140815,191.24468008504036,80.0,true
671692,3,-14.081194624284098,-12.797391995212058,19.757312236566538,80.0,true
632633,1,687.7895827560842,227.8367105729833,728.5510605746482,304.0,true
632633,2,327.4602595288836,79.49663618630761,330.39608268235827,304.0,true
632633,3,514.4888471595689,207.8873185418267,568.7429114229136,304.0,true
632645,1,563.455479338178,276.0592752116672,630.9178798593762,305.0,true
632645,2,532.0679560762951,276.05822627177304,587.7230743762373,305.0,true
632645,3,662.1282127949653,264.5129558731219,730.7932596682522,305.0,true
