switch_name,phase,p,q,c_mag,current_rating,is_closed
632633,1,570.0,63.349465366465,568.5681695816752,700.0,true
632633,2,68.0,-149.077227803315,161.37359053793264,700.0,true
632633,3,375.0,89.76635900807938,385.16636643918594,700.0,true
632645,1,385.0,219.99721167351888,439.6022777331923,700.0,true
632645,2,500.0,285.9971977893458,567.2974820974121,700.0,true
632645,3,500.0,285.99725747920996,575.3766673430817,700.0,true
