Iteration,Total_Load_Shed,Lower_Level_Load_Shed,Upper_Level_Load_Shed
1,2048.779098478373,2048.779098478373,5863.740936677732
2,1446.9399816542023,1446.9399816542023,1447.1972873590398
3,2099.0246923183586,2099.0246923183586,15171.837851823955
4,1446.9399816542023,1446.9399816542023,1447.1972873590398
5,2099.0246923183586,2099.0246923183586,15171.837851823955
