switch_name,phase,p,q,c_mag,current_rating,is_closed
632633,1,710.2045398575146,154.28450688000513,699.9999998302353,700.0,true
632633,2,185.22455374089057,-72.51659546179827,190.73391128925957,700.0,true
632633,3,483.1635391299313,158.22065148713824,491.68233341072704,700.0,true
632645,1,280.7954700893359,160.4515891876697,311.49278163951476,700.0,true
632645,2,487.97545315941676,294.23098816866207,546.3843280899691,700.0,true
632645,3,425.43647026300613,133.6358809086687,431.25927520234956,700.0,true
