FairnessFunction,MinMax,Proportional,Jain,Palma,Gini
palma,1004.9999947106687,NaN,0.3231324890655519,5.975103464169384,0.6861234131299335
