Set parameter Username
Set parameter LicenseID to value 2813843
Academic license - for non-commercial use only - expires 2027-04-27
Gurobi Optimizer version 12.0.3 build v12.0.3rc0 (win64 - Windows 11+.0 (26200.2))

CPU model: 11th Gen Intel(R) Core(TM) i7-1165G7 @ 2.80GHz, instruction set [SSE2|AVX|AVX2|AVX512]
Thread count: 4 physical cores, 8 logical processors, using up to 8 threads

Optimize a model with 3408 rows, 1962 columns and 8328 nonzeros
Model fingerprint: 0xd4c7e8a7
Model has 27 quadratic objective terms
Model has 72 quadratic constraints
Variable types: 1842 continuous, 120 integer (120 binary)
Coefficient statistics:
  Matrix range     [9e-09, 2e+01]
  QMatrix range    [1e+00, 5e+02]
  Objective range  [0e+00, 0e+00]
  QObjective range [1e+01, 6e+01]
  Bounds range     [1e+00, 2e+01]
  RHS range        [7e-01, 2e+01]

User MIP start did not produce a new incumbent solution
User MIP start violates constraint R122 by 4.345047923

Presolve removed 2858 rows and 1634 columns
Presolve time: 0.83s
Presolved: 550 rows, 328 columns, 1740 nonzeros
Presolved model has 24 quadratic constraint(s)
Variable types: 303 continuous, 25 integer (25 binary)

Root relaxation: objective 1.319182e+03, 202 iterations, 0.00 seconds (0.00 work units)
Another try with MIP start

    Nodes    |    Current Node    |     Objective Bounds      |     Work
 Expl Unexpl |  Obj  Depth IntInf | Incumbent    BestBd   Gap | It/Node Time

     0     0 1319.18181    0    8          - 1319.18181      -     -    0s
     0     0 1342.47918    0    2          - 1342.47918      -     -    0s
     0     0 1342.47918    0    -          - 1342.47918      -     -    0s
     0     0 1342.47918    0    -          - 1342.47918      -     -    0s
     0     0 1342.47918    0    -          - 1342.47918      -     -    0s
     0     0 1342.47918    0    -          - 1342.47918      -     -    0s
     0     0 1342.47918    0    -          - 1342.47918      -     -    0s
     0     0 1342.47918    0    -          - 1342.47918      -     -    0s
     0     0 1342.47918    0    -          - 1342.47918      -     -    0s
     0     0 1342.47918    0    2          - 1342.47918      -     -    0s
     0     0 1342.47918    0    2          - 1342.47918      -     -    0s
H    0     0                    1451.9061848 1342.47918  7.54%     -    0s
     0     0 1342.47918    0    2 1451.90618 1342.47918  7.54%     -    0s
     0     0 1342.47918    0    2 1451.90618 1342.47918  7.54%     -    0s
     0     0 1342.47918    0    2 1451.90618 1342.47918  7.54%     -    0s
     0     0 1342.47918    0    2 1451.90618 1342.47918  7.54%     -    0s
H    0     0                    1349.3818356 1342.47918  0.51%     -    0s
     0     2 1342.47918    0    2 1349.38184 1342.47918  0.51%     -    1s
H    2     1                    1342.4791808 1342.47918  0.00%  19.5    1s
*    2     1               1    1342.4791808 1342.47918  0.00%  32.0    1s

Cutting planes:
  Implied bound: 11
  Clique: 5
  Flow cover: 3
  RLT: 1

Explored 3 nodes (525 simplex iterations) in 1.02 seconds (0.19 work units)
Thread count was 8 (of 8 available processors)

Solution count 3: 1342.48 1349.38 1451.91 

Optimal solution found (tolerance 1.00e-04)
Best objective 1.342479180759e+03, best bound 1.342479180759e+03, gap 0.0000%

User-callback calls 1010, time in user-callback 0.00 sec

******************************************************************************
This program contains Ipopt, a library for large-scale nonlinear optimization.
 Ipopt is released as open source code under the Eclipse Public License (EPL).
         For more information visit https://github.com/coin-or/Ipopt
******************************************************************************

Set parameter Username
Set parameter LicenseID to value 2813843
Academic license - for non-commercial use only - expires 2027-04-27
Gurobi Optimizer version 12.0.3 build v12.0.3rc0 (win64 - Windows 11+.0 (26200.2))

CPU model: 11th Gen Intel(R) Core(TM) i7-1165G7 @ 2.80GHz, instruction set [SSE2|AVX|AVX2|AVX512]
Thread count: 4 physical cores, 8 logical processors, using up to 8 threads

Optimize a model with 3408 rows, 1962 columns and 8328 nonzeros
Model fingerprint: 0x2baa5030
Model has 27 quadratic objective terms
Model has 72 quadratic constraints
Variable types: 1842 continuous, 120 integer (120 binary)
Coefficient statistics:
  Matrix range     [9e-09, 2e+01]
  QMatrix range    [1e+00, 5e+02]
  Objective range  [0e+00, 0e+00]
  QObjective range [1e+01, 6e+01]
  Bounds range     [1e+00, 2e+01]
  RHS range        [7e-01, 2e+01]

User MIP start did not produce a new incumbent solution
User MIP start violates constraint R122 by 4.345047923

Presolve removed 2858 rows and 1634 columns
Presolve time: 0.42s
Presolved: 550 rows, 328 columns, 1740 nonzeros
Presolved model has 24 quadratic constraint(s)
Variable types: 303 continuous, 25 integer (25 binary)

Root relaxation: objective 1.532629e+03, 180 iterations, 0.00 seconds (0.00 work units)
Another try with MIP start

    Nodes    |    Current Node    |     Objective Bounds      |     Work
 Expl Unexpl |  Obj  Depth IntInf | Incumbent    BestBd   Gap | It/Node Time

H    0     0                    1740.1889470 1532.62874  11.9%     -    0s
     0     0 1532.62874    0    6 1740.18895 1532.62874  11.9%     -    0s
     0     0 1637.20440    0    2 1740.18895 1637.20440  5.92%     -    0s
H    0     0                    1637.2044008 1637.20440  0.00%     -    0s
     0     0 1637.20440    0    2 1637.20440 1637.20440  0.00%     -    0s

Cutting planes:
  Implied bound: 1
  Clique: 1
  MIR: 2
  Relax-and-lift: 1

Explored 1 nodes (339 simplex iterations) in 0.48 seconds (0.11 work units)
Thread count was 8 (of 8 available processors)

Solution count 2: 1637.2 1740.19 

Optimal solution found (tolerance 1.00e-04)
Best objective 1.637204400843e+03, best bound 1.637204400843e+03, gap 0.0000%

User-callback calls 920, time in user-callback 0.00 sec
Set parameter Username
Set parameter LicenseID to value 2813843
Academic license - for non-commercial use only - expires 2027-04-27
Gurobi Optimizer version 12.0.3 build v12.0.3rc0 (win64 - Windows 11+.0 (26200.2))

CPU model: 11th Gen Intel(R) Core(TM) i7-1165G7 @ 2.80GHz, instruction set [SSE2|AVX|AVX2|AVX512]
Thread count: 4 physical cores, 8 logical processors, using up to 8 threads

Optimize a model with 3408 rows, 1962 columns and 8328 nonzeros
Model fingerprint: 0xc5cf0c7f
Model has 27 quadratic objective terms
Model has 72 quadratic constraints
Variable types: 1842 continuous, 120 integer (120 binary)
Coefficient statistics:
  Matrix range     [9e-09, 2e+01]
  QMatrix range    [1e+00, 5e+02]
  Objective range  [0e+00, 0e+00]
  QObjective range [1e+01, 6e+01]
  Bounds range     [1e+00, 2e+01]
  RHS range        [7e-01, 2e+01]

User MIP start did not produce a new incumbent solution
User MIP start violates constraint R122 by 4.345047923

Presolve removed 2858 rows and 1634 columns
Presolve time: 0.70s
Presolved: 550 rows, 328 columns, 1740 nonzeros
Presolved model has 24 quadratic constraint(s)
Variable types: 303 continuous, 25 integer (25 binary)

Root relaxation: objective 1.767680e+03, 180 iterations, 0.00 seconds (0.00 work units)
Another try with MIP start

    Nodes    |    Current Node    |     Objective Bounds      |     Work
 Expl Unexpl |  Obj  Depth IntInf | Incumbent    BestBd   Gap | It/Node Time

H    0     0                    1985.4863228 1767.68045  11.0%     -    0s
     0     0 1767.68045    0    6 1985.48632 1767.68045  11.0%     -    0s
H    0     0                    1866.9275117 1866.92751  0.00%     -    0s
*    0     0               0    1866.9275117 1866.92751  0.00%     -    0s

Cutting planes:
  Gomory: 1
  Cover: 1
  Implied bound: 2
  Clique: 2
  MIR: 10
  Flow cover: 5
  RLT: 5

Explored 1 nodes (327 simplex iterations) in 0.79 seconds (0.11 work units)
Thread count was 8 (of 8 available processors)

Solution count 2: 1866.93 1985.49 

Optimal solution found (tolerance 1.00e-04)
Best objective 1.866927511714e+03, best bound 1.866927511714e+03, gap 0.0000%

User-callback calls 926, time in user-callback 0.00 sec
Set parameter Username
Set parameter LicenseID to value 2813843
Academic license - for non-commercial use only - expires 2027-04-27
Gurobi Optimizer version 12.0.3 build v12.0.3rc0 (win64 - Windows 11+.0 (26200.2))

CPU model: 11th Gen Intel(R) Core(TM) i7-1165G7 @ 2.80GHz, instruction set [SSE2|AVX|AVX2|AVX512]
Thread count: 4 physical cores, 8 logical processors, using up to 8 threads

Optimize a model with 3408 rows, 1962 columns and 8328 nonzeros
Model fingerprint: 0x6ec2b8fe
Model has 27 quadratic objective terms
Model has 72 quadratic constraints
Variable types: 1842 continuous, 120 integer (120 binary)
Coefficient statistics:
  Matrix range     [9e-09, 2e+01]
  QMatrix range    [1e+00, 5e+02]
  Objective range  [0e+00, 0e+00]
  QObjective range [1e+01, 6e+01]
  Bounds range     [1e+00, 2e+01]
  RHS range        [7e-01, 2e+01]

User MIP start did not produce a new incumbent solution
User MIP start violates constraint R122 by 4.345047923

Presolve removed 2858 rows and 1634 columns
Presolve time: 0.39s
Presolved: 550 rows, 328 columns, 1740 nonzeros
Presolved model has 24 quadratic constraint(s)
Variable types: 303 continuous, 25 integer (25 binary)

Root relaxation: objective 2.043701e+03, 180 iterations, 0.00 seconds (0.00 work units)
Another try with MIP start

    Nodes    |    Current Node    |     Objective Bounds      |     Work
 Expl Unexpl |  Obj  Depth IntInf | Incumbent    BestBd   Gap | It/Node Time

H    0     0                    2306.8660634 2043.70072  11.4%     -    0s
     0     0 2043.70072    0    6 2306.86606 2043.70072  11.4%     -    0s
H    0     0                    2163.6171933 2163.61719  0.00%     -    0s
*    0     0               0    2163.6171933 2163.61719  0.00%     -    0s

Cutting planes:
  Gomory: 1
  Cover: 1
  Implied bound: 2
  Clique: 2
  MIR: 10
  Flow cover: 5
  RLT: 5

Explored 1 nodes (327 simplex iterations) in 0.47 seconds (0.09 work units)
Thread count was 8 (of 8 available processors)

Solution count 2: 2163.62 2306.87 
No other solutions better than 2163.62

Optimal solution found (tolerance 1.00e-04)
Best objective 2.163617192782e+03, best bound 2.163617193301e+03, gap 0.0000%

User-callback calls 927, time in user-callback 0.00 sec
[ Main | Info ] : Logging to results/2026-05-30/bilevel_validation_mn/case6_unbalanced_switch_more_meshed_good4integer/min_max_absolute\run_validation_mn.log
[ PowerModelsDistribution | Info ] : Circuit has been reset with the 'clear' on line 1 in 'case6_unbalanced_switch_more_meshed_good4integer.dss'
[ PowerModelsDistribution | Info ] : Command 'calcvoltagebases' on line 56 in 'case6_unbalanced_switch_more_meshed_good4integer.dss' is not supported, skipping.
[ PowerModelsDistribution | Info ] : Command 'solve' on line 58 in 'case6_unbalanced_switch_more_meshed_good4integer.dss' is not supported, skipping.
[ PowerModelsDistribution | Info ] : basemva=100 is the default value, you may want to adjust sbase_default for better convergence
┌ PowerModelsDistribution | Warning ] : basefreq=60.0 on line.quadpb does not match circuit basefreq=50.0
└ @ PowerModelsDistribution C:\Users\awest\.julia\packages\PowerModelsDistribution\EOTxp\src\data_model\transformations\dss2eng.jl:422
┌ PowerModelsDistribution | Warning ] : basefreq=60.0 on line.quadad does not match circuit basefreq=50.0
└ @ PowerModelsDistribution C:\Users\awest\.julia\packages\PowerModelsDistribution\EOTxp\src\data_model\transformations\dss2eng.jl:422
┌ PowerModelsDistribution | Warning ] : basefreq=60.0 on line.quadac does not match circuit basefreq=50.0
└ @ PowerModelsDistribution C:\Users\awest\.julia\packages\PowerModelsDistribution\EOTxp\src\data_model\transformations\dss2eng.jl:422
┌ PowerModelsDistribution | Warning ] : basefreq=60.0 on line.quadpa does not match circuit basefreq=50.0
└ @ PowerModelsDistribution C:\Users\awest\.julia\packages\PowerModelsDistribution\EOTxp\src\data_model\transformations\dss2eng.jl:422
┌ PowerModelsDistribution | Warning ] : basefreq=60.0 on line.ohline does not match circuit basefreq=50.0
└ @ PowerModelsDistribution C:\Users\awest\.julia\packages\PowerModelsDistribution\EOTxp\src\data_model\transformations\dss2eng.jl:422
┌ PowerModelsDistribution | Warning ] : basefreq=60.0 on line.quadbc does not match circuit basefreq=50.0
└ @ PowerModelsDistribution C:\Users\awest\.julia\packages\PowerModelsDistribution\EOTxp\src\data_model\transformations\dss2eng.jl:422
┌ PowerModelsDistribution | Warning ] : basefreq=60.0 on line.quadec does not match circuit basefreq=50.0
└ @ PowerModelsDistribution C:\Users\awest\.julia\packages\PowerModelsDistribution\EOTxp\src\data_model\transformations\dss2eng.jl:422
┌ PowerModelsDistribution | Warning ] : basefreq=60.0 on line.quadpe does not match circuit basefreq=50.0
└ @ PowerModelsDistribution C:\Users\awest\.julia\packages\PowerModelsDistribution\EOTxp\src\data_model\transformations\dss2eng.jl:422
[ Main | Info ] : N_PERIODS=3, hours=[4, 18, 22], agg_scales=[0.8387202438113252, 1.0722361959025872, 0.8989053063178417], peak_stress=1.0, λ=[5.0, 30.0, 11.95]
[ Main | Info ] : Built multinetwork with 3 periods, 9 loads per period (profiled)
[ Main | Info ] : [min_max/absolute] iter 1 integer MLD status = OPTIMAL (t=82.9s)
[ FairLoadDelivery | Info ] : Iteration 1: Solving multiperiod lower-level MLD with initial parameter values from ref
┌ DiffOpt.NonLinearProgram | Info ] : Inertia correction needed. 
│             Attempting correction by adding diagonal matrix with positive values for the Jacobian of the stationary equations
└             and negative values for the Jacobian of the constraints.
┌ DiffOpt.NonLinearProgram | Info ] : Inertia correction needed. 
│             Attempting correction by adding diagonal matrix with positive values for the Jacobian of the stationary equations
└             and negative values for the Jacobian of the constraints.
┌ DiffOpt.NonLinearProgram | Info ] : Inertia correction needed. 
│             Attempting correction by adding diagonal matrix with positive values for the Jacobian of the stationary equations
└             and negative values for the Jacobian of the constraints.
┌ DiffOpt.NonLinearProgram | Info ] : Inertia correction needed. 
│             Attempting correction by adding diagonal matrix with positive values for the Jacobian of the stationary equations
└             and negative values for the Jacobian of the constraints.
┌ DiffOpt.NonLinearProgram | Info ] : Inertia correction needed. 
│             Attempting correction by adding diagonal matrix with positive values for the Jacobian of the stationary equations
└             and negative values for the Jacobian of the constraints.
┌ DiffOpt.NonLinearProgram | Info ] : Inertia correction needed. 
│             Attempting correction by adding diagonal matrix with positive values for the Jacobian of the stationary equations
└             and negative values for the Jacobian of the constraints.
┌ DiffOpt.NonLinearProgram | Info ] : Inertia correction needed. 
│             Attempting correction by adding diagonal matrix with positive values for the Jacobian of the stationary equations
└             and negative values for the Jacobian of the constraints.
┌ DiffOpt.NonLinearProgram | Info ] : Inertia correction needed. 
│             Attempting correction by adding diagonal matrix with positive values for the Jacobian of the stationary equations
└             and negative values for the Jacobian of the constraints.
┌ DiffOpt.NonLinearProgram | Info ] : Inertia correction needed. 
│             Attempting correction by adding diagonal matrix with positive values for the Jacobian of the stationary equations
└             and negative values for the Jacobian of the constraints.
┌ DiffOpt.NonLinearProgram | Info ] : Inertia correction needed. 
│             Attempting correction by adding diagonal matrix with positive values for the Jacobian of the stationary equations
└             and negative values for the Jacobian of the constraints.
┌ DiffOpt.NonLinearProgram | Info ] : Inertia correction needed. 
│             Attempting correction by adding diagonal matrix with positive values for the Jacobian of the stationary equations
└             and negative values for the Jacobian of the constraints.
┌ DiffOpt.NonLinearProgram | Info ] : Inertia correction needed. 
│             Attempting correction by adding diagonal matrix with positive values for the Jacobian of the stationary equations
└             and negative values for the Jacobian of the constraints.
┌ DiffOpt.NonLinearProgram | Info ] : Inertia correction needed. 
│             Attempting correction by adding diagonal matrix with positive values for the Jacobian of the stationary equations
└             and negative values for the Jacobian of the constraints.
┌ DiffOpt.NonLinearProgram | Info ] : Inertia correction needed. 
│             Attempting correction by adding diagonal matrix with positive values for the Jacobian of the stationary equations
└             and negative values for the Jacobian of the constraints.
┌ DiffOpt.NonLinearProgram | Info ] : Inertia correction needed. 
│             Attempting correction by adding diagonal matrix with positive values for the Jacobian of the stationary equations
└             and negative values for the Jacobian of the constraints.
┌ DiffOpt.NonLinearProgram | Info ] : Inertia correction needed. 
│             Attempting correction by adding diagonal matrix with positive values for the Jacobian of the stationary equations
└             and negative values for the Jacobian of the constraints.
┌ DiffOpt.NonLinearProgram | Info ] : Inertia correction needed. 
│             Attempting correction by adding diagonal matrix with positive values for the Jacobian of the stationary equations
└             and negative values for the Jacobian of the constraints.
┌ DiffOpt.NonLinearProgram | Info ] : Inertia correction needed. 
│             Attempting correction by adding diagonal matrix with positive values for the Jacobian of the stationary equations
└             and negative values for the Jacobian of the constraints.
┌ DiffOpt.NonLinearProgram | Info ] : Inertia correction needed. 
│             Attempting correction by adding diagonal matrix with positive values for the Jacobian of the stationary equations
└             and negative values for the Jacobian of the constraints.
┌ DiffOpt.NonLinearProgram | Info ] : Inertia correction needed. 
│             Attempting correction by adding diagonal matrix with positive values for the Jacobian of the stationary equations
└             and negative values for the Jacobian of the constraints.
┌ DiffOpt.NonLinearProgram | Info ] : Inertia correction needed. 
│             Attempting correction by adding diagonal matrix with positive values for the Jacobian of the stationary equations
└             and negative values for the Jacobian of the constraints.
┌ DiffOpt.NonLinearProgram | Info ] : Inertia correction needed. 
│             Attempting correction by adding diagonal matrix with positive values for the Jacobian of the stationary equations
└             and negative values for the Jacobian of the constraints.
┌ DiffOpt.NonLinearProgram | Info ] : Inertia correction needed. 
│             Attempting correction by adding diagonal matrix with positive values for the Jacobian of the stationary equations
└             and negative values for the Jacobian of the constraints.
┌ DiffOpt.NonLinearProgram | Info ] : Inertia correction needed. 
│             Attempting correction by adding diagonal matrix with positive values for the Jacobian of the stationary equations
└             and negative values for the Jacobian of the constraints.
┌ DiffOpt.NonLinearProgram | Info ] : Inertia correction needed. 
│             Attempting correction by adding diagonal matrix with positive values for the Jacobian of the stationary equations
└             and negative values for the Jacobian of the constraints.
┌ DiffOpt.NonLinearProgram | Info ] : Inertia correction needed. 
│             Attempting correction by adding diagonal matrix with positive values for the Jacobian of the stationary equations
└             and negative values for the Jacobian of the constraints.
┌ DiffOpt.NonLinearProgram | Info ] : Inertia correction needed. 
│             Attempting correction by adding diagonal matrix with positive values for the Jacobian of the stationary equations
└             and negative values for the Jacobian of the constraints.
[ Main | Info ] : [min_max/absolute] iter 1 upper-level status = LOCALLY_SOLVED
[ Main | Info ] : [min_max/absolute] iter 1 timings: int=82.9s lower=149.0s (primal=27.9s jac=88.4s) upper=6.2s total=238.2s
[ Main | Info ] : [min_max/absolute] iter 2 integer MLD status = OPTIMAL (t=0.6s)
[ FairLoadDelivery | Info ] : Iteration 2: Solving multiperiod lower-level MLD with 27 per-period weights
┌ DiffOpt.NonLinearProgram | Info ] : Inertia correction needed. 
│             Attempting correction by adding diagonal matrix with positive values for the Jacobian of the stationary equations
└             and negative values for the Jacobian of the constraints.
┌ DiffOpt.NonLinearProgram | Info ] : Inertia correction needed. 
│             Attempting correction by adding diagonal matrix with positive values for the Jacobian of the stationary equations
└             and negative values for the Jacobian of the constraints.
┌ DiffOpt.NonLinearProgram | Info ] : Inertia correction needed. 
│             Attempting correction by adding diagonal matrix with positive values for the Jacobian of the stationary equations
└             and negative values for the Jacobian of the constraints.
┌ DiffOpt.NonLinearProgram | Info ] : Inertia correction needed. 
│             Attempting correction by adding diagonal matrix with positive values for the Jacobian of the stationary equations
└             and negative values for the Jacobian of the constraints.
┌ DiffOpt.NonLinearProgram | Info ] : Inertia correction needed. 
│             Attempting correction by adding diagonal matrix with positive values for the Jacobian of the stationary equations
└             and negative values for the Jacobian of the constraints.
┌ DiffOpt.NonLinearProgram | Info ] : Inertia correction needed. 
│             Attempting correction by adding diagonal matrix with positive values for the Jacobian of the stationary equations
└             and negative values for the Jacobian of the constraints.
┌ DiffOpt.NonLinearProgram | Info ] : Inertia correction needed. 
│             Attempting correction by adding diagonal matrix with positive values for the Jacobian of the stationary equations
└             and negative values for the Jacobian of the constraints.
┌ DiffOpt.NonLinearProgram | Info ] : Inertia correction needed. 
│             Attempting correction by adding diagonal matrix with positive values for the Jacobian of the stationary equations
└             and negative values for the Jacobian of the constraints.
┌ DiffOpt.NonLinearProgram | Info ] : Inertia correction needed. 
│             Attempting correction by adding diagonal matrix with positive values for the Jacobian of the stationary equations
└             and negative values for the Jacobian of the constraints.
┌ DiffOpt.NonLinearProgram | Info ] : Inertia correction needed. 
│             Attempting correction by adding diagonal matrix with positive values for the Jacobian of the stationary equations
└             and negative values for the Jacobian of the constraints.
┌ DiffOpt.NonLinearProgram | Info ] : Inertia correction needed. 
│             Attempting correction by adding diagonal matrix with positive values for the Jacobian of the stationary equations
└             and negative values for the Jacobian of the constraints.
┌ DiffOpt.NonLinearProgram | Info ] : Inertia correction needed. 
│             Attempting correction by adding diagonal matrix with positive values for the Jacobian of the stationary equations
└             and negative values for the Jacobian of the constraints.
┌ DiffOpt.NonLinearProgram | Info ] : Inertia correction needed. 
│             Attempting correction by adding diagonal matrix with positive values for the Jacobian of the stationary equations
└             and negative values for the Jacobian of the constraints.
┌ DiffOpt.NonLinearProgram | Info ] : Inertia correction needed. 
│             Attempting correction by adding diagonal matrix with positive values for the Jacobian of the stationary equations
└             and negative values for the Jacobian of the constraints.
┌ DiffOpt.NonLinearProgram | Info ] : Inertia correction needed. 
│             Attempting correction by adding diagonal matrix with positive values for the Jacobian of the stationary equations
└             and negative values for the Jacobian of the constraints.
┌ DiffOpt.NonLinearProgram | Info ] : Inertia correction needed. 
│             Attempting correction by adding diagonal matrix with positive values for the Jacobian of the stationary equations
└             and negative values for the Jacobian of the constraints.
┌ DiffOpt.NonLinearProgram | Info ] : Inertia correction needed. 
│             Attempting correction by adding diagonal matrix with positive values for the Jacobian of the stationary equations
└             and negative values for the Jacobian of the constraints.
┌ DiffOpt.NonLinearProgram | Info ] : Inertia correction needed. 
│             Attempting correction by adding diagonal matrix with positive values for the Jacobian of the stationary equations
└             and negative values for the Jacobian of the constraints.
┌ DiffOpt.NonLinearProgram | Info ] : Inertia correction needed. 
│             Attempting correction by adding diagonal matrix with positive values for the Jacobian of the stationary equations
└             and negative values for the Jacobian of the constraints.
┌ DiffOpt.NonLinearProgram | Info ] : Inertia correction needed. 
│             Attempting correction by adding diagonal matrix with positive values for the Jacobian of the stationary equations
└             and negative values for the Jacobian of the constraints.
┌ DiffOpt.NonLinearProgram | Info ] : Inertia correction needed. 
│             Attempting correction by adding diagonal matrix with positive values for the Jacobian of the stationary equations
└             and negative values for the Jacobian of the constraints.
┌ DiffOpt.NonLinearProgram | Info ] : Inertia correction needed. 
│             Attempting correction by adding diagonal matrix with positive values for the Jacobian of the stationary equations
└             and negative values for the Jacobian of the constraints.
┌ DiffOpt.NonLinearProgram | Info ] : Inertia correction needed. 
│             Attempting correction by adding diagonal matrix with positive values for the Jacobian of the stationary equations
└             and negative values for the Jacobian of the constraints.
┌ DiffOpt.NonLinearProgram | Info ] : Inertia correction needed. 
│             Attempting correction by adding diagonal matrix with positive values for the Jacobian of the stationary equations
└             and negative values for the Jacobian of the constraints.
┌ DiffOpt.NonLinearProgram | Info ] : Inertia correction needed. 
│             Attempting correction by adding diagonal matrix with positive values for the Jacobian of the stationary equations
└             and negative values for the Jacobian of the constraints.
┌ DiffOpt.NonLinearProgram | Info ] : Inertia correction needed. 
│             Attempting correction by adding diagonal matrix with positive values for the Jacobian of the stationary equations
└             and negative values for the Jacobian of the constraints.
┌ DiffOpt.NonLinearProgram | Info ] : Inertia correction needed. 
│             Attempting correction by adding diagonal matrix with positive values for the Jacobian of the stationary equations
└             and negative values for the Jacobian of the constraints.
[ Main | Info ] : [min_max/absolute] iter 2 upper-level status = LOCALLY_SOLVED
[ Main | Info ] : [min_max/absolute] iter 2 timings: int=0.6s lower=11.1s (primal=2.0s jac=8.4s) upper=0.1s total=11.8s
[ Main | Info ] : [min_max/absolute] iter 3 integer MLD status = OPTIMAL (t=1.1s)
[ FairLoadDelivery | Info ] : Iteration 3: Solving multiperiod lower-level MLD with 27 per-period weights
┌ DiffOpt.NonLinearProgram | Info ] : Inertia correction needed. 
│             Attempting correction by adding diagonal matrix with positive values for the Jacobian of the stationary equations
└             and negative values for the Jacobian of the constraints.
┌ DiffOpt.NonLinearProgram | Info ] : Inertia correction needed. 
│             Attempting correction by adding diagonal matrix with positive values for the Jacobian of the stationary equations
└             and negative values for the Jacobian of the constraints.
┌ DiffOpt.NonLinearProgram | Info ] : Inertia correction needed. 
│             Attempting correction by adding diagonal matrix with positive values for the Jacobian of the stationary equations
└             and negative values for the Jacobian of the constraints.
┌ DiffOpt.NonLinearProgram | Info ] : Inertia correction needed. 
│             Attempting correction by adding diagonal matrix with positive values for the Jacobian of the stationary equations
└             and negative values for the Jacobian of the constraints.
┌ DiffOpt.NonLinearProgram | Info ] : Inertia correction needed. 
│             Attempting correction by adding diagonal matrix with positive values for the Jacobian of the stationary equations
└             and negative values for the Jacobian of the constraints.
┌ DiffOpt.NonLinearProgram | Info ] : Inertia correction needed. 
│             Attempting correction by adding diagonal matrix with positive values for the Jacobian of the stationary equations
└             and negative values for the Jacobian of the constraints.
┌ DiffOpt.NonLinearProgram | Info ] : Inertia correction needed. 
│             Attempting correction by adding diagonal matrix with positive values for the Jacobian of the stationary equations
└             and negative values for the Jacobian of the constraints.
┌ DiffOpt.NonLinearProgram | Info ] : Inertia correction needed. 
│             Attempting correction by adding diagonal matrix with positive values for the Jacobian of the stationary equations
└             and negative values for the Jacobian of the constraints.
┌ DiffOpt.NonLinearProgram | Info ] : Inertia correction needed. 
│             Attempting correction by adding diagonal matrix with positive values for the Jacobian of the stationary equations
└             and negative values for the Jacobian of the constraints.
┌ DiffOpt.NonLinearProgram | Info ] : Inertia correction needed. 
│             Attempting correction by adding diagonal matrix with positive values for the Jacobian of the stationary equations
└             and negative values for the Jacobian of the constraints.
┌ DiffOpt.NonLinearProgram | Info ] : Inertia correction needed. 
│             Attempting correction by adding diagonal matrix with positive values for the Jacobian of the stationary equations
└             and negative values for the Jacobian of the constraints.
┌ DiffOpt.NonLinearProgram | Info ] : Inertia correction needed. 
│             Attempting correction by adding diagonal matrix with positive values for the Jacobian of the stationary equations
└             and negative values for the Jacobian of the constraints.
┌ DiffOpt.NonLinearProgram | Info ] : Inertia correction needed. 
│             Attempting correction by adding diagonal matrix with positive values for the Jacobian of the stationary equations
└             and negative values for the Jacobian of the constraints.
┌ DiffOpt.NonLinearProgram | Info ] : Inertia correction needed. 
│             Attempting correction by adding diagonal matrix with positive values for the Jacobian of the stationary equations
└             and negative values for the Jacobian of the constraints.
┌ DiffOpt.NonLinearProgram | Info ] : Inertia correction needed. 
│             Attempting correction by adding diagonal matrix with positive values for the Jacobian of the stationary equations
└             and negative values for the Jacobian of the constraints.
┌ DiffOpt.NonLinearProgram | Info ] : Inertia correction needed. 
│             Attempting correction by adding diagonal matrix with positive values for the Jacobian of the stationary equations
└             and negative values for the Jacobian of the constraints.
┌ DiffOpt.NonLinearProgram | Info ] : Inertia correction needed. 
│             Attempting correction by adding diagonal matrix with positive values for the Jacobian of the stationary equations
└             and negative values for the Jacobian of the constraints.
┌ DiffOpt.NonLinearProgram | Info ] : Inertia correction needed. 
│             Attempting correction by adding diagonal matrix with positive values for the Jacobian of the stationary equations
└             and negative values for the Jacobian of the constraints.
┌ DiffOpt.NonLinearProgram | Info ] : Inertia correction needed. 
│             Attempting correction by adding diagonal matrix with positive values for the Jacobian of the stationary equations
└             and negative values for the Jacobian of the constraints.
┌ DiffOpt.NonLinearProgram | Info ] : Inertia correction needed. 
│             Attempting correction by adding diagonal matrix with positive values for the Jacobian of the stationary equations
└             and negative values for the Jacobian of the constraints.
┌ DiffOpt.NonLinearProgram | Info ] : Inertia correction needed. 
│             Attempting correction by adding diagonal matrix with positive values for the Jacobian of the stationary equations
└             and negative values for the Jacobian of the constraints.
┌ DiffOpt.NonLinearProgram | Info ] : Inertia correction needed. 
│             Attempting correction by adding diagonal matrix with positive values for the Jacobian of the stationary equations
└             and negative values for the Jacobian of the constraints.
┌ DiffOpt.NonLinearProgram | Info ] : Inertia correction needed. 
│             Attempting correction by adding diagonal matrix with positive values for the Jacobian of the stationary equations
└             and negative values for the Jacobian of the constraints.
┌ DiffOpt.NonLinearProgram | Info ] : Inertia correction needed. 
│             Attempting correction by adding diagonal matrix with positive values for the Jacobian of the stationary equations
└             and negative values for the Jacobian of the constraints.
┌ DiffOpt.NonLinearProgram | Info ] : Inertia correction needed. 
│             Attempting correction by adding diagonal matrix with positive values for the Jacobian of the stationary equations
└             and negative values for the Jacobian of the constraints.
┌ DiffOpt.NonLinearProgram | Info ] : Inertia correction needed. 
│             Attempting correction by adding diagonal matrix with positive values for the Jacobian of the stationary equations
└             and negative values for the Jacobian of the constraints.
┌ DiffOpt.NonLinearProgram | Info ] : Inertia correction needed. 
│             Attempting correction by adding diagonal matrix with positive values for the Jacobian of the stationary equations
└             and negative values for the Jacobian of the constraints.
[ Main | Info ] : [min_max/absolute] iter 3 upper-level status = LOCALLY_SOLVED
[ Main | Info ] : [min_max/absolute] iter 3 timings: int=1.1s lower=12.1s (primal=2.4s jac=9.6s) upper=0.1s total=13.3s
[ Main | Info ] : [min_max/absolute] iter 4 integer MLD status = OPTIMAL (t=0.7s)
[ FairLoadDelivery | Info ] : Iteration 4: Solving multiperiod lower-level MLD with 27 per-period weights
┌ DiffOpt.NonLinearProgram | Info ] : Inertia correction needed. 
│             Attempting correction by adding diagonal matrix with positive values for the Jacobian of the stationary equations
└             and negative values for the Jacobian of the constraints.
┌ DiffOpt.NonLinearProgram | Info ] : Inertia correction needed. 
│             Attempting correction by adding diagonal matrix with positive values for the Jacobian of the stationary equations
└             and negative values for the Jacobian of the constraints.
┌ DiffOpt.NonLinearProgram | Info ] : Inertia correction needed. 
│             Attempting correction by adding diagonal matrix with positive values for the Jacobian of the stationary equations
└             and negative values for the Jacobian of the constraints.
┌ DiffOpt.NonLinearProgram | Info ] : Inertia correction needed. 
│             Attempting correction by adding diagonal matrix with positive values for the Jacobian of the stationary equations
└             and negative values for the Jacobian of the constraints.
┌ DiffOpt.NonLinearProgram | Info ] : Inertia correction needed. 
│             Attempting correction by adding diagonal matrix with positive values for the Jacobian of the stationary equations
└             and negative values for the Jacobian of the constraints.
┌ DiffOpt.NonLinearProgram | Info ] : Inertia correction needed. 
│             Attempting correction by adding diagonal matrix with positive values for the Jacobian of the stationary equations
└             and negative values for the Jacobian of the constraints.
┌ DiffOpt.NonLinearProgram | Info ] : Inertia correction needed. 
│             Attempting correction by adding diagonal matrix with positive values for the Jacobian of the stationary equations
└             and negative values for the Jacobian of the constraints.
┌ DiffOpt.NonLinearProgram | Info ] : Inertia correction needed. 
│             Attempting correction by adding diagonal matrix with positive values for the Jacobian of the stationary equations
└             and negative values for the Jacobian of the constraints.
┌ DiffOpt.NonLinearProgram | Info ] : Inertia correction needed. 
│             Attempting correction by adding diagonal matrix with positive values for the Jacobian of the stationary equations
└             and negative values for the Jacobian of the constraints.
┌ DiffOpt.NonLinearProgram | Info ] : Inertia correction needed. 
│             Attempting correction by adding diagonal matrix with positive values for the Jacobian of the stationary equations
└             and negative values for the Jacobian of the constraints.
┌ DiffOpt.NonLinearProgram | Info ] : Inertia correction needed. 
│             Attempting correction by adding diagonal matrix with positive values for the Jacobian of the stationary equations
└             and negative values for the Jacobian of the constraints.
┌ DiffOpt.NonLinearProgram | Info ] : Inertia correction needed. 
│             Attempting correction by adding diagonal matrix with positive values for the Jacobian of the stationary equations
└             and negative values for the Jacobian of the constraints.
┌ DiffOpt.NonLinearProgram | Info ] : Inertia correction needed. 
│             Attempting correction by adding diagonal matrix with positive values for the Jacobian of the stationary equations
└             and negative values for the Jacobian of the constraints.
┌ DiffOpt.NonLinearProgram | Info ] : Inertia correction needed. 
│             Attempting correction by adding diagonal matrix with positive values for the Jacobian of the stationary equations
└             and negative values for the Jacobian of the constraints.
┌ DiffOpt.NonLinearProgram | Info ] : Inertia correction needed. 
│             Attempting correction by adding diagonal matrix with positive values for the Jacobian of the stationary equations
└             and negative values for the Jacobian of the constraints.
┌ DiffOpt.NonLinearProgram | Info ] : Inertia correction needed. 
│             Attempting correction by adding diagonal matrix with positive values for the Jacobian of the stationary equations
└             and negative values for the Jacobian of the constraints.
┌ DiffOpt.NonLinearProgram | Info ] : Inertia correction needed. 
│             Attempting correction by adding diagonal matrix with positive values for the Jacobian of the stationary equations
└             and negative values for the Jacobian of the constraints.
┌ DiffOpt.NonLinearProgram | Info ] : Inertia correction needed. 
│             Attempting correction by adding diagonal matrix with positive values for the Jacobian of the stationary equations
└             and negative values for the Jacobian of the constraints.
┌ DiffOpt.NonLinearProgram | Info ] : Inertia correction needed. 
│             Attempting correction by adding diagonal matrix with positive values for the Jacobian of the stationary equations
└             and negative values for the Jacobian of the constraints.
┌ DiffOpt.NonLinearProgram | Info ] : Inertia correction needed. 
│             Attempting correction by adding diagonal matrix with positive values for the Jacobian of the stationary equations
└             and negative values for the Jacobian of the constraints.
┌ DiffOpt.NonLinearProgram | Info ] : Inertia correction needed. 
│             Attempting correction by adding diagonal matrix with positive values for the Jacobian of the stationary equations
└             and negative values for the Jacobian of the constraints.
┌ DiffOpt.NonLinearProgram | Info ] : Inertia correction needed. 
│             Attempting correction by adding diagonal matrix with positive values for the Jacobian of the stationary equations
└             and negative values for the Jacobian of the constraints.
┌ DiffOpt.NonLinearProgram | Info ] : Inertia correction needed. 
│             Attempting correction by adding diagonal matrix with positive values for the Jacobian of the stationary equations
└             and negative values for the Jacobian of the constraints.
Set parameter Username
Set parameter LicenseID to value 2813843
Academic license - for non-commercial use only - expires 2027-04-27
Gurobi Optimizer version 12.0.3 build v12.0.3rc0 (win64 - Windows 11+.0 (26200.2))

CPU model: 11th Gen Intel(R) Core(TM) i7-1165G7 @ 2.80GHz, instruction set [SSE2|AVX|AVX2|AVX512]
Thread count: 4 physical cores, 8 logical processors, using up to 8 threads

Optimize a model with 3408 rows, 1962 columns and 8328 nonzeros
Model fingerprint: 0xb1193db5
Model has 27 quadratic objective terms
Model has 72 quadratic constraints
Variable types: 1842 continuous, 120 integer (120 binary)
Coefficient statistics:
  Matrix range     [9e-09, 2e+01]
  QMatrix range    [1e+00, 5e+02]
  Objective range  [0e+00, 0e+00]
  QObjective range [1e+01, 6e+01]
  Bounds range     [1e+00, 2e+01]
  RHS range        [7e-01, 2e+01]

User MIP start did not produce a new incumbent solution
User MIP start violates constraint R122 by 4.345047923

Presolve removed 2858 rows and 1634 columns
Presolve time: 0.39s
Presolved: 550 rows, 328 columns, 1740 nonzeros
Presolved model has 24 quadratic constraint(s)
Variable types: 303 continuous, 25 integer (25 binary)

Root relaxation: objective 2.284608e+03, 180 iterations, 0.00 seconds (0.00 work units)
Another try with MIP start

    Nodes    |    Current Node    |     Objective Bounds      |     Work
 Expl Unexpl |  Obj  Depth IntInf | Incumbent    BestBd   Gap | It/Node Time

H    0     0                    2544.2640163 2284.60774  10.2%     -    0s
     0     0 2284.60774    0    6 2544.26402 2284.60774  10.2%     -    0s
H    0     0                    2402.9219573 2402.92196  0.00%     -    0s
*    0     0               0    2402.9219573 2402.92196  0.00%     -    0s

Cutting planes:
  Gomory: 1
  Cover: 1
  Implied bound: 2
  Clique: 2
  MIR: 10
  Flow cover: 5
  RLT: 5

Explored 1 nodes (327 simplex iterations) in 0.46 seconds (0.10 work units)
Thread count was 8 (of 8 available processors)

Solution count 2: 2402.92 2544.26 

Optimal solution found (tolerance 1.00e-04)
Best objective 2.402921957290e+03, best bound 2.402921957290e+03, gap 0.0000%

User-callback calls 918, time in user-callback 0.00 sec
Set parameter Username
Set parameter LicenseID to value 2813843
Academic license - for non-commercial use only - expires 2027-04-27
Gurobi Optimizer version 12.0.3 build v12.0.3rc0 (win64 - Windows 11+.0 (26200.2))

CPU model: 11th Gen Intel(R) Core(TM) i7-1165G7 @ 2.80GHz, instruction set [SSE2|AVX|AVX2|AVX512]
Thread count: 4 physical cores, 8 logical processors, using up to 8 threads

Optimize a model with 3408 rows, 1962 columns and 8328 nonzeros
Model fingerprint: 0x1a5c075b
Model has 27 quadratic objective terms
Model has 72 quadratic constraints
Variable types: 1842 continuous, 120 integer (120 binary)
Coefficient statistics:
  Matrix range     [9e-09, 2e+01]
  QMatrix range    [1e+00, 5e+02]
  Objective range  [0e+00, 0e+00]
  QObjective range [1e+01, 6e+01]
  Bounds range     [1e+00, 2e+01]
  RHS range        [7e-01, 2e+01]

User MIP start did not produce a new incumbent solution
User MIP start violates constraint R122 by 4.345047923

Presolve removed 2858 rows and 1634 columns
Presolve time: 0.55s
Presolved: 550 rows, 328 columns, 1740 nonzeros
Presolved model has 24 quadratic constraint(s)
Variable types: 303 continuous, 25 integer (25 binary)

Root relaxation: objective 2.552209e+03, 180 iterations, 0.01 seconds (0.00 work units)
Another try with MIP start

    Nodes    |    Current Node    |     Objective Bounds      |     Work
 Expl Unexpl |  Obj  Depth IntInf | Incumbent    BestBd   Gap | It/Node Time

H    0     0                    2845.5139992 2552.20878  10.3%     -    0s
     0     0 2552.20878    0    6 2845.51400 2552.20878  10.3%     -    0s
H    0     0                    2685.8574902 2685.85749  0.00%     -    0s
*    0     0               0    2685.8574902 2685.85749  0.00%     -    0s

Cutting planes:
  Gomory: 1
  Cover: 1
  Implied bound: 2
  Clique: 2
  MIR: 10
  Flow cover: 5
  RLT: 5

Explored 1 nodes (327 simplex iterations) in 0.62 seconds (0.10 work units)
Thread count was 8 (of 8 available processors)

Solution count 2: 2685.86 2845.51 

Optimal solution found (tolerance 1.00e-04)
Best objective 2.685857490155e+03, best bound 2.685857490155e+03, gap 0.0000%

User-callback calls 921, time in user-callback 0.00 sec
Set parameter Username
Set parameter LicenseID to value 2813843
Academic license - for non-commercial use only - expires 2027-04-27
Gurobi Optimizer version 12.0.3 build v12.0.3rc0 (win64 - Windows 11+.0 (26200.2))

CPU model: 11th Gen Intel(R) Core(TM) i7-1165G7 @ 2.80GHz, instruction set [SSE2|AVX|AVX2|AVX512]
Thread count: 4 physical cores, 8 logical processors, using up to 8 threads

Optimize a model with 3408 rows, 1962 columns and 8328 nonzeros
Model fingerprint: 0xd90721e4
Model has 27 quadratic objective terms
Model has 72 quadratic constraints
Variable types: 1842 continuous, 120 integer (120 binary)
Coefficient statistics:
  Matrix range     [9e-09, 2e+01]
  QMatrix range    [1e+00, 5e+02]
  Objective range  [0e+00, 0e+00]
  QObjective range [1e+01, 6e+01]
  Bounds range     [1e+00, 2e+01]
  RHS range        [7e-01, 2e+01]

User MIP start did not produce a new incumbent solution
User MIP start violates constraint R122 by 4.345047923

Presolve removed 2858 rows and 1634 columns
Presolve time: 0.49s
Presolved: 550 rows, 328 columns, 1740 nonzeros
Presolved model has 24 quadratic constraint(s)
Variable types: 303 continuous, 25 integer (25 binary)

Root relaxation: objective 2.776261e+03, 180 iterations, 0.00 seconds (0.00 work units)
Another try with MIP start

    Nodes    |    Current Node    |     Objective Bounds      |     Work
 Expl Unexpl |  Obj  Depth IntInf | Incumbent    BestBd   Gap | It/Node Time

H    0     0                    3042.5809751 2776.26118  8.75%     -    0s
     0     0 2776.26118    0    6 3042.58098 2776.26118  8.75%     -    0s
H    0     0                    2897.6165722 2897.61657  0.00%     -    0s
*    0     0               0    2897.6165722 2897.61657  0.00%     -    0s

Cutting planes:
  Gomory: 1
  Cover: 1
  Implied bound: 2
  Clique: 2
  MIR: 10
  Flow cover: 5
  RLT: 5

Explored 1 nodes (327 simplex iterations) in 0.56 seconds (0.12 work units)
Thread count was 8 (of 8 available processors)

Solution count 2: 2897.62 3042.58 

Optimal solution found (tolerance 1.00e-04)
Best objective 2.897616572157e+03, best bound 2.897616572157e+03, gap 0.0000%

User-callback calls 918, time in user-callback 0.00 sec
Set parameter Username
Set parameter LicenseID to value 2813843
Academic license - for non-commercial use only - expires 2027-04-27
Gurobi Optimizer version 12.0.3 build v12.0.3rc0 (win64 - Windows 11+.0 (26200.2))

CPU model: 11th Gen Intel(R) Core(TM) i7-1165G7 @ 2.80GHz, instruction set [SSE2|AVX|AVX2|AVX512]
Thread count: 4 physical cores, 8 logical processors, using up to 8 threads

Optimize a model with 3408 rows, 1962 columns and 8328 nonzeros
Model fingerprint: 0x7a610388
Model has 27 quadratic objective terms
Model has 72 quadratic constraints
Variable types: 1842 continuous, 120 integer (120 binary)
Coefficient statistics:
  Matrix range     [9e-09, 2e+01]
  QMatrix range    [1e+00, 5e+02]
  Objective range  [0e+00, 0e+00]
  QObjective range [1e+01, 6e+01]
  Bounds range     [1e+00, 2e+01]
  RHS range        [7e-01, 2e+01]

User MIP start did not produce a new incumbent solution
User MIP start violates constraint R122 by 4.345047923

Presolve removed 2858 rows and 1634 columns
Presolve time: 0.45s
Presolved: 550 rows, 328 columns, 1740 nonzeros
Presolved model has 24 quadratic constraint(s)
Variable types: 303 continuous, 25 integer (25 binary)

Root relaxation: objective 3.010381e+03, 180 iterations, 0.00 seconds (0.00 work units)
Another try with MIP start

    Nodes    |    Current Node    |     Objective Bounds      |     Work
 Expl Unexpl |  Obj  Depth IntInf | Incumbent    BestBd   Gap | It/Node Time

H    0     0                    3263.7407921 3010.38120  7.76%     -    0s
     0     0 3010.38120    0    6 3263.74079 3010.38120  7.76%     -    0s
     0     0 3125.82957    0    4 3263.74079 3125.82957  4.23%     -    0s
H    0     0                    3125.8295680 3125.82957  0.00%     -    0s
     0     0 3125.82957    0    4 3125.82957 3125.82957  0.00%     -    0s

Cutting planes:
  Cover: 1
  Implied bound: 2
  Clique: 2
  MIR: 5
  Flow cover: 3
  RLT: 4

Explored 1 nodes (357 simplex iterations) in 0.50 seconds (0.11 work units)
Thread count was 8 (of 8 available processors)

Solution count 2: 3125.83 3263.74 

Optimal solution found (tolerance 1.00e-04)
Best objective 3.125829568017e+03, best bound 3.125829568017e+03, gap 0.0000%

User-callback calls 922, time in user-callback 0.00 sec
Set parameter Username
Set parameter LicenseID to value 2813843
Academic license - for non-commercial use only - expires 2027-04-27
Gurobi Optimizer version 12.0.3 build v12.0.3rc0 (win64 - Windows 11+.0 (26200.2))

CPU model: 11th Gen Intel(R) Core(TM) i7-1165G7 @ 2.80GHz, instruction set [SSE2|AVX|AVX2|AVX512]
Thread count: 4 physical cores, 8 logical processors, using up to 8 threads

Optimize a model with 3408 rows, 1962 columns and 8328 nonzeros
Model fingerprint: 0xd092f614
Model has 27 quadratic objective terms
Model has 72 quadratic constraints
Variable types: 1842 continuous, 120 integer (120 binary)
Coefficient statistics:
  Matrix range     [9e-09, 2e+01]
  QMatrix range    [1e+00, 5e+02]
  Objective range  [0e+00, 0e+00]
  QObjective range [1e+01, 6e+01]
  Bounds range     [1e+00, 2e+01]
  RHS range        [7e-01, 2e+01]

User MIP start did not produce a new incumbent solution
User MIP start violates constraint R122 by 4.345047923

Presolve removed 2858 rows and 1634 columns
Presolve time: 0.60s
Presolved: 550 rows, 328 columns, 1740 nonzeros
Presolved model has 24 quadratic constraint(s)
Variable types: 303 continuous, 25 integer (25 binary)

Root relaxation: objective 3.248013e+03, 180 iterations, 0.00 seconds (0.00 work units)
Another try with MIP start

    Nodes    |    Current Node    |     Objective Bounds      |     Work
 Expl Unexpl |  Obj  Depth IntInf | Incumbent    BestBd   Gap | It/Node Time

     0     0 3248.01270    0    6          - 3248.01270      -     -    0s
     0     0 3272.11665    0    3          - 3272.11665      -     -    0s
     0     0 3274.12363    0    3          - 3274.12363      -     -    0s
     0     0 3359.82446    0    4          - 3359.82446      -     -    0s
H    0     0                    3359.8244563 3359.82446  0.00%     -    0s
*    0     0               0    3359.8244563 3359.82446  0.00%     -    0s

Cutting planes:
  Gomory: 1
  Implied bound: 7
  Clique: 5
  MIR: 1
  Flow cover: 3
  RLT: 2
  Relax-and-lift: 4

Explored 1 nodes (435 simplex iterations) in 0.72 seconds (0.11 work units)
Thread count was 8 (of 8 available processors)

Solution count 1: 3359.82 

Optimal solution found (tolerance 1.00e-04)
Best objective 3.359824456327e+03, best bound 3.359824456327e+03, gap 0.0000%

User-callback calls 944, time in user-callback 0.00 sec
┌ DiffOpt.NonLinearProgram | Info ] : Inertia correction needed. 
│             Attempting correction by adding diagonal matrix with positive values for the Jacobian of the stationary equations
└             and negative values for the Jacobian of the constraints.
┌ DiffOpt.NonLinearProgram | Info ] : Inertia correction needed. 
│             Attempting correction by adding diagonal matrix with positive values for the Jacobian of the stationary equations
└             and negative values for the Jacobian of the constraints.
┌ DiffOpt.NonLinearProgram | Info ] : Inertia correction needed. 
│             Attempting correction by adding diagonal matrix with positive values for the Jacobian of the stationary equations
└             and negative values for the Jacobian of the constraints.
┌ DiffOpt.NonLinearProgram | Info ] : Inertia correction needed. 
│             Attempting correction by adding diagonal matrix with positive values for the Jacobian of the stationary equations
└             and negative values for the Jacobian of the constraints.
[ Main | Info ] : [min_max/absolute] iter 4 upper-level status = LOCALLY_SOLVED
[ Main | Info ] : [min_max/absolute] iter 4 timings: int=0.7s lower=13.8s (primal=2.4s jac=11.2s) upper=0.1s total=14.6s
[ Main | Info ] : [min_max/absolute] iter 5 integer MLD status = OPTIMAL (t=0.6s)
[ FairLoadDelivery | Info ] : Iteration 5: Solving multiperiod lower-level MLD with 27 per-period weights
┌ DiffOpt.NonLinearProgram | Info ] : Inertia correction needed. 
│             Attempting correction by adding diagonal matrix with positive values for the Jacobian of the stationary equations
└             and negative values for the Jacobian of the constraints.
┌ DiffOpt.NonLinearProgram | Info ] : Inertia correction needed. 
│             Attempting correction by adding diagonal matrix with positive values for the Jacobian of the stationary equations
└             and negative values for the Jacobian of the constraints.
┌ DiffOpt.NonLinearProgram | Info ] : Inertia correction needed. 
│             Attempting correction by adding diagonal matrix with positive values for the Jacobian of the stationary equations
└             and negative values for the Jacobian of the constraints.
┌ DiffOpt.NonLinearProgram | Info ] : Inertia correction needed. 
│             Attempting correction by adding diagonal matrix with positive values for the Jacobian of the stationary equations
└             and negative values for the Jacobian of the constraints.
┌ DiffOpt.NonLinearProgram | Info ] : Inertia correction needed. 
│             Attempting correction by adding diagonal matrix with positive values for the Jacobian of the stationary equations
└             and negative values for the Jacobian of the constraints.
┌ DiffOpt.NonLinearProgram | Info ] : Inertia correction needed. 
│             Attempting correction by adding diagonal matrix with positive values for the Jacobian of the stationary equations
└             and negative values for the Jacobian of the constraints.
┌ DiffOpt.NonLinearProgram | Info ] : Inertia correction needed. 
│             Attempting correction by adding diagonal matrix with positive values for the Jacobian of the stationary equations
└             and negative values for the Jacobian of the constraints.
┌ DiffOpt.NonLinearProgram | Info ] : Inertia correction needed. 
│             Attempting correction by adding diagonal matrix with positive values for the Jacobian of the stationary equations
└             and negative values for the Jacobian of the constraints.
┌ DiffOpt.NonLinearProgram | Info ] : Inertia correction needed. 
│             Attempting correction by adding diagonal matrix with positive values for the Jacobian of the stationary equations
└             and negative values for the Jacobian of the constraints.
┌ DiffOpt.NonLinearProgram | Info ] : Inertia correction needed. 
│             Attempting correction by adding diagonal matrix with positive values for the Jacobian of the stationary equations
└             and negative values for the Jacobian of the constraints.
┌ DiffOpt.NonLinearProgram | Info ] : Inertia correction needed. 
│             Attempting correction by adding diagonal matrix with positive values for the Jacobian of the stationary equations
└             and negative values for the Jacobian of the constraints.
┌ DiffOpt.NonLinearProgram | Info ] : Inertia correction needed. 
│             Attempting correction by adding diagonal matrix with positive values for the Jacobian of the stationary equations
└             and negative values for the Jacobian of the constraints.
┌ DiffOpt.NonLinearProgram | Info ] : Inertia correction needed. 
│             Attempting correction by adding diagonal matrix with positive values for the Jacobian of the stationary equations
└             and negative values for the Jacobian of the constraints.
┌ DiffOpt.NonLinearProgram | Info ] : Inertia correction needed. 
│             Attempting correction by adding diagonal matrix with positive values for the Jacobian of the stationary equations
└             and negative values for the Jacobian of the constraints.
┌ DiffOpt.NonLinearProgram | Info ] : Inertia correction needed. 
│             Attempting correction by adding diagonal matrix with positive values for the Jacobian of the stationary equations
└             and negative values for the Jacobian of the constraints.
┌ DiffOpt.NonLinearProgram | Info ] : Inertia correction needed. 
│             Attempting correction by adding diagonal matrix with positive values for the Jacobian of the stationary equations
└             and negative values for the Jacobian of the constraints.
┌ DiffOpt.NonLinearProgram | Info ] : Inertia correction needed. 
│             Attempting correction by adding diagonal matrix with positive values for the Jacobian of the stationary equations
└             and negative values for the Jacobian of the constraints.
┌ DiffOpt.NonLinearProgram | Info ] : Inertia correction needed. 
│             Attempting correction by adding diagonal matrix with positive values for the Jacobian of the stationary equations
└             and negative values for the Jacobian of the constraints.
┌ DiffOpt.NonLinearProgram | Info ] : Inertia correction needed. 
│             Attempting correction by adding diagonal matrix with positive values for the Jacobian of the stationary equations
└             and negative values for the Jacobian of the constraints.
┌ DiffOpt.NonLinearProgram | Info ] : Inertia correction needed. 
│             Attempting correction by adding diagonal matrix with positive values for the Jacobian of the stationary equations
└             and negative values for the Jacobian of the constraints.
┌ DiffOpt.NonLinearProgram | Info ] : Inertia correction needed. 
│             Attempting correction by adding diagonal matrix with positive values for the Jacobian of the stationary equations
└             and negative values for the Jacobian of the constraints.
┌ DiffOpt.NonLinearProgram | Info ] : Inertia correction needed. 
│             Attempting correction by adding diagonal matrix with positive values for the Jacobian of the stationary equations
└             and negative values for the Jacobian of the constraints.
┌ DiffOpt.NonLinearProgram | Info ] : Inertia correction needed. 
│             Attempting correction by adding diagonal matrix with positive values for the Jacobian of the stationary equations
└             and negative values for the Jacobian of the constraints.
┌ DiffOpt.NonLinearProgram | Info ] : Inertia correction needed. 
│             Attempting correction by adding diagonal matrix with positive values for the Jacobian of the stationary equations
└             and negative values for the Jacobian of the constraints.
┌ DiffOpt.NonLinearProgram | Info ] : Inertia correction needed. 
│             Attempting correction by adding diagonal matrix with positive values for the Jacobian of the stationary equations
└             and negative values for the Jacobian of the constraints.
┌ DiffOpt.NonLinearProgram | Info ] : Inertia correction needed. 
│             Attempting correction by adding diagonal matrix with positive values for the Jacobian of the stationary equations
└             and negative values for the Jacobian of the constraints.
┌ DiffOpt.NonLinearProgram | Info ] : Inertia correction needed. 
│             Attempting correction by adding diagonal matrix with positive values for the Jacobian of the stationary equations
└             and negative values for the Jacobian of the constraints.
[ Main | Info ] : [min_max/absolute] iter 5 upper-level status = LOCALLY_SOLVED
[ Main | Info ] : [min_max/absolute] iter 5 timings: int=0.6s lower=11.9s (primal=2.1s jac=9.6s) upper=0.1s total=12.6s
[ Main | Info ] : [min_max/absolute] iter 6 integer MLD status = OPTIMAL (t=0.8s)
[ FairLoadDelivery | Info ] : Iteration 6: Solving multiperiod lower-level MLD with 27 per-period weights
┌ DiffOpt.NonLinearProgram | Info ] : Inertia correction needed. 
│             Attempting correction by adding diagonal matrix with positive values for the Jacobian of the stationary equations
└             and negative values for the Jacobian of the constraints.
┌ DiffOpt.NonLinearProgram | Info ] : Inertia correction needed. 
│             Attempting correction by adding diagonal matrix with positive values for the Jacobian of the stationary equations
└             and negative values for the Jacobian of the constraints.
┌ DiffOpt.NonLinearProgram | Info ] : Inertia correction needed. 
│             Attempting correction by adding diagonal matrix with positive values for the Jacobian of the stationary equations
└             and negative values for the Jacobian of the constraints.
┌ DiffOpt.NonLinearProgram | Info ] : Inertia correction needed. 
│             Attempting correction by adding diagonal matrix with positive values for the Jacobian of the stationary equations
└             and negative values for the Jacobian of the constraints.
┌ DiffOpt.NonLinearProgram | Info ] : Inertia correction needed. 
│             Attempting correction by adding diagonal matrix with positive values for the Jacobian of the stationary equations
└             and negative values for the Jacobian of the constraints.
┌ DiffOpt.NonLinearProgram | Info ] : Inertia correction needed. 
│             Attempting correction by adding diagonal matrix with positive values for the Jacobian of the stationary equations
└             and negative values for the Jacobian of the constraints.
┌ DiffOpt.NonLinearProgram | Info ] : Inertia correction needed. 
│             Attempting correction by adding diagonal matrix with positive values for the Jacobian of the stationary equations
└             and negative values for the Jacobian of the constraints.
┌ DiffOpt.NonLinearProgram | Info ] : Inertia correction needed. 
│             Attempting correction by adding diagonal matrix with positive values for the Jacobian of the stationary equations
└             and negative values for the Jacobian of the constraints.
┌ DiffOpt.NonLinearProgram | Info ] : Inertia correction needed. 
│             Attempting correction by adding diagonal matrix with positive values for the Jacobian of the stationary equations
└             and negative values for the Jacobian of the constraints.
┌ DiffOpt.NonLinearProgram | Info ] : Inertia correction needed. 
│             Attempting correction by adding diagonal matrix with positive values for the Jacobian of the stationary equations
└             and negative values for the Jacobian of the constraints.
┌ DiffOpt.NonLinearProgram | Info ] : Inertia correction needed. 
│             Attempting correction by adding diagonal matrix with positive values for the Jacobian of the stationary equations
└             and negative values for the Jacobian of the constraints.
┌ DiffOpt.NonLinearProgram | Info ] : Inertia correction needed. 
│             Attempting correction by adding diagonal matrix with positive values for the Jacobian of the stationary equations
└             and negative values for the Jacobian of the constraints.
┌ DiffOpt.NonLinearProgram | Info ] : Inertia correction needed. 
│             Attempting correction by adding diagonal matrix with positive values for the Jacobian of the stationary equations
└             and negative values for the Jacobian of the constraints.
┌ DiffOpt.NonLinearProgram | Info ] : Inertia correction needed. 
│             Attempting correction by adding diagonal matrix with positive values for the Jacobian of the stationary equations
└             and negative values for the Jacobian of the constraints.
┌ DiffOpt.NonLinearProgram | Info ] : Inertia correction needed. 
│             Attempting correction by adding diagonal matrix with positive values for the Jacobian of the stationary equations
└             and negative values for the Jacobian of the constraints.
┌ DiffOpt.NonLinearProgram | Info ] : Inertia correction needed. 
│             Attempting correction by adding diagonal matrix with positive values for the Jacobian of the stationary equations
└             and negative values for the Jacobian of the constraints.
┌ DiffOpt.NonLinearProgram | Info ] : Inertia correction needed. 
│             Attempting correction by adding diagonal matrix with positive values for the Jacobian of the stationary equations
└             and negative values for the Jacobian of the constraints.
┌ DiffOpt.NonLinearProgram | Info ] : Inertia correction needed. 
│             Attempting correction by adding diagonal matrix with positive values for the Jacobian of the stationary equations
└             and negative values for the Jacobian of the constraints.
┌ DiffOpt.NonLinearProgram | Info ] : Inertia correction needed. 
│             Attempting correction by adding diagonal matrix with positive values for the Jacobian of the stationary equations
└             and negative values for the Jacobian of the constraints.
┌ DiffOpt.NonLinearProgram | Info ] : Inertia correction needed. 
│             Attempting correction by adding diagonal matrix with positive values for the Jacobian of the stationary equations
└             and negative values for the Jacobian of the constraints.
┌ DiffOpt.NonLinearProgram | Info ] : Inertia correction needed. 
│             Attempting correction by adding diagonal matrix with positive values for the Jacobian of the stationary equations
└             and negative values for the Jacobian of the constraints.
┌ DiffOpt.NonLinearProgram | Info ] : Inertia correction needed. 
│             Attempting correction by adding diagonal matrix with positive values for the Jacobian of the stationary equations
└             and negative values for the Jacobian of the constraints.
┌ DiffOpt.NonLinearProgram | Info ] : Inertia correction needed. 
│             Attempting correction by adding diagonal matrix with positive values for the Jacobian of the stationary equations
└             and negative values for the Jacobian of the constraints.
┌ DiffOpt.NonLinearProgram | Info ] : Inertia correction needed. 
│             Attempting correction by adding diagonal matrix with positive values for the Jacobian of the stationary equations
└             and negative values for the Jacobian of the constraints.
┌ DiffOpt.NonLinearProgram | Info ] : Inertia correction needed. 
│             Attempting correction by adding diagonal matrix with positive values for the Jacobian of the stationary equations
└             and negative values for the Jacobian of the constraints.
┌ DiffOpt.NonLinearProgram | Info ] : Inertia correction needed. 
│             Attempting correction by adding diagonal matrix with positive values for the Jacobian of the stationary equations
└             and negative values for the Jacobian of the constraints.
┌ DiffOpt.NonLinearProgram | Info ] : Inertia correction needed. 
│             Attempting correction by adding diagonal matrix with positive values for the Jacobian of the stationary equations
└             and negative values for the Jacobian of the constraints.
[ Main | Info ] : [min_max/absolute] iter 6 upper-level status = LOCALLY_SOLVED
[ Main | Info ] : [min_max/absolute] iter 6 timings: int=0.8s lower=18.2s (primal=7.3s jac=10.7s) upper=0.1s total=19.1s
[ Main | Info ] : [min_max/absolute] iter 7 integer MLD status = OPTIMAL (t=0.7s)
[ FairLoadDelivery | Info ] : Iteration 7: Solving multiperiod lower-level MLD with 27 per-period weights
┌ DiffOpt.NonLinearProgram | Info ] : Inertia correction needed. 
│             Attempting correction by adding diagonal matrix with positive values for the Jacobian of the stationary equations
└             and negative values for the Jacobian of the constraints.
┌ DiffOpt.NonLinearProgram | Info ] : Inertia correction needed. 
│             Attempting correction by adding diagonal matrix with positive values for the Jacobian of the stationary equations
└             and negative values for the Jacobian of the constraints.
┌ DiffOpt.NonLinearProgram | Info ] : Inertia correction needed. 
│             Attempting correction by adding diagonal matrix with positive values for the Jacobian of the stationary equations
└             and negative values for the Jacobian of the constraints.
┌ DiffOpt.NonLinearProgram | Info ] : Inertia correction needed. 
│             Attempting correction by adding diagonal matrix with positive values for the Jacobian of the stationary equations
└             and negative values for the Jacobian of the constraints.
┌ DiffOpt.NonLinearProgram | Info ] : Inertia correction needed. 
│             Attempting correction by adding diagonal matrix with positive values for the Jacobian of the stationary equations
└             and negative values for the Jacobian of the constraints.
┌ DiffOpt.NonLinearProgram | Info ] : Inertia correction needed. 
│             Attempting correction by adding diagonal matrix with positive values for the Jacobian of the stationary equations
└             and negative values for the Jacobian of the constraints.
┌ DiffOpt.NonLinearProgram | Info ] : Inertia correction needed. 
│             Attempting correction by adding diagonal matrix with positive values for the Jacobian of the stationary equations
└             and negative values for the Jacobian of the constraints.
┌ DiffOpt.NonLinearProgram | Info ] : Inertia correction needed. 
│             Attempting correction by adding diagonal matrix with positive values for the Jacobian of the stationary equations
└             and negative values for the Jacobian of the constraints.
┌ DiffOpt.NonLinearProgram | Info ] : Inertia correction needed. 
│             Attempting correction by adding diagonal matrix with positive values for the Jacobian of the stationary equations
└             and negative values for the Jacobian of the constraints.
┌ DiffOpt.NonLinearProgram | Info ] : Inertia correction needed. 
│             Attempting correction by adding diagonal matrix with positive values for the Jacobian of the stationary equations
└             and negative values for the Jacobian of the constraints.
┌ DiffOpt.NonLinearProgram | Info ] : Inertia correction needed. 
│             Attempting correction by adding diagonal matrix with positive values for the Jacobian of the stationary equations
└             and negative values for the Jacobian of the constraints.
┌ DiffOpt.NonLinearProgram | Info ] : Inertia correction needed. 
│             Attempting correction by adding diagonal matrix with positive values for the Jacobian of the stationary equations
└             and negative values for the Jacobian of the constraints.
┌ DiffOpt.NonLinearProgram | Info ] : Inertia correction needed. 
│             Attempting correction by adding diagonal matrix with positive values for the Jacobian of the stationary equations
└             and negative values for the Jacobian of the constraints.
┌ DiffOpt.NonLinearProgram | Info ] : Inertia correction needed. 
│             Attempting correction by adding diagonal matrix with positive values for the Jacobian of the stationary equations
└             and negative values for the Jacobian of the constraints.
┌ DiffOpt.NonLinearProgram | Info ] : Inertia correction needed. 
│             Attempting correction by adding diagonal matrix with positive values for the Jacobian of the stationary equations
└             and negative values for the Jacobian of the constraints.
┌ DiffOpt.NonLinearProgram | Info ] : Inertia correction needed. 
│             Attempting correction by adding diagonal matrix with positive values for the Jacobian of the stationary equations
└             and negative values for the Jacobian of the constraints.
┌ DiffOpt.NonLinearProgram | Info ] : Inertia correction needed. 
│             Attempting correction by adding diagonal matrix with positive values for the Jacobian of the stationary equations
└             and negative values for the Jacobian of the constraints.
┌ DiffOpt.NonLinearProgram | Info ] : Inertia correction needed. 
│             Attempting correction by adding diagonal matrix with positive values for the Jacobian of the stationary equations
└             and negative values for the Jacobian of the constraints.
┌ DiffOpt.NonLinearProgram | Info ] : Inertia correction needed. 
│             Attempting correction by adding diagonal matrix with positive values for the Jacobian of the stationary equations
└             and negative values for the Jacobian of the constraints.
┌ DiffOpt.NonLinearProgram | Info ] : Inertia correction needed. 
│             Attempting correction by adding diagonal matrix with positive values for the Jacobian of the stationary equations
└             and negative values for the Jacobian of the constraints.
┌ DiffOpt.NonLinearProgram | Info ] : Inertia correction needed. 
│             Attempting correction by adding diagonal matrix with positive values for the Jacobian of the stationary equations
└             and negative values for the Jacobian of the constraints.
┌ DiffOpt.NonLinearProgram | Info ] : Inertia correction needed. 
│             Attempting correction by adding diagonal matrix with positive values for the Jacobian of the stationary equations
└             and negative values for the Jacobian of the constraints.
┌ DiffOpt.NonLinearProgram | Info ] : Inertia correction needed. 
│             Attempting correction by adding diagonal matrix with positive values for the Jacobian of the stationary equations
└             and negative values for the Jacobian of the constraints.
┌ DiffOpt.NonLinearProgram | Info ] : Inertia correction needed. 
│             Attempting correction by adding diagonal matrix with positive values for the Jacobian of the stationary equations
└             and negative values for the Jacobian of the constraints.
┌ DiffOpt.NonLinearProgram | Info ] : Inertia correction needed. 
│             Attempting correction by adding diagonal matrix with positive values for the Jacobian of the stationary equations
└             and negative values for the Jacobian of the constraints.
┌ DiffOpt.NonLinearProgram | Info ] : Inertia correction needed. 
│             Attempting correction by adding diagonal matrix with positive values for the Jacobian of the stationary equations
└             and negative values for the Jacobian of the constraints.
┌ DiffOpt.NonLinearProgram | Info ] : Inertia correction needed. 
│             Attempting correction by adding diagonal matrix with positive values for the Jacobian of the stationary equations
└             and negative values for the Jacobian of the constraints.
[ Main | Info ] : [min_max/absolute] iter 7 upper-level status = LOCALLY_SOLVED
[ Main | Info ] : [min_max/absolute] iter 7 timings: int=0.7s lower=10.8s (primal=2.3s jac=8.4s) upper=0.1s total=11.6s
[ Main | Info ] : [min_max/absolute] iter 8 integer MLD status = OPTIMAL (t=0.7s)
[ FairLoadDelivery | Info ] : Iteration 8: Solving multiperiod lower-level MLD with 27 per-period weights
┌ DiffOpt.NonLinearProgram | Info ] : Inertia correction needed. 
│             Attempting correction by adding diagonal matrix with positive values for the Jacobian of the stationary equations
└             and negative values for the Jacobian of the constraints.
┌ DiffOpt.NonLinearProgram | Info ] : Inertia correction needed. 
│             Attempting correction by adding diagonal matrix with positive values for the Jacobian of the stationary equations
└             and negative values for the Jacobian of the constraints.
┌ DiffOpt.NonLinearProgram | Info ] : Inertia correction needed. 
│             Attempting correction by adding diagonal matrix with positive values for the Jacobian of the stationary equations
└             and negative values for the Jacobian of the constraints.
┌ DiffOpt.NonLinearProgram | Info ] : Inertia correction needed. 
│             Attempting correction by adding diagonal matrix with positive values for the Jacobian of the stationary equations
└             and negative values for the Jacobian of the constraints.
┌ DiffOpt.NonLinearProgram | Info ] : Inertia correction needed. 
│             Attempting correction by adding diagonal matrix with positive values for the Jacobian of the stationary equations
└             and negative values for the Jacobian of the constraints.
┌ DiffOpt.NonLinearProgram | Info ] : Inertia correction needed. 
│             Attempting correction by adding diagonal matrix with positive values for the Jacobian of the stationary equations
└             and negative values for the Jacobian of the constraints.
┌ DiffOpt.NonLinearProgram | Info ] : Inertia correction needed. 
│             Attempting correction by adding diagonal matrix with positive values for the Jacobian of the stationary equations
└             and negative values for the Jacobian of the constraints.
┌ DiffOpt.NonLinearProgram | Info ] : Inertia correction needed. 
│             Attempting correction by adding diagonal matrix with positive values for the Jacobian of the stationary equations
└             and negative values for the Jacobian of the constraints.
┌ DiffOpt.NonLinearProgram | Info ] : Inertia correction needed. 
│             Attempting correction by adding diagonal matrix with positive values for the Jacobian of the stationary equations
└             and negative values for the Jacobian of the constraints.
┌ DiffOpt.NonLinearProgram | Info ] : Inertia correction needed. 
│             Attempting correction by adding diagonal matrix with positive values for the Jacobian of the stationary equations
└             and negative values for the Jacobian of the constraints.
┌ DiffOpt.NonLinearProgram | Info ] : Inertia correction needed. 
│             Attempting correction by adding diagonal matrix with positive values for the Jacobian of the stationary equations
└             and negative values for the Jacobian of the constraints.
┌ DiffOpt.NonLinearProgram | Info ] : Inertia correction needed. 
│             Attempting correction by adding diagonal matrix with positive values for the Jacobian of the stationary equations
└             and negative values for the Jacobian of the constraints.
┌ DiffOpt.NonLinearProgram | Info ] : Inertia correction needed. 
│             Attempting correction by adding diagonal matrix with positive values for the Jacobian of the stationary equations
└             and negative values for the Jacobian of the constraints.
┌ DiffOpt.NonLinearProgram | Info ] : Inertia correction needed. 
│             Attempting correction by adding diagonal matrix with positive values for the Jacobian of the stationary equations
└             and negative values for the Jacobian of the constraints.
┌ DiffOpt.NonLinearProgram | Info ] : Inertia correction needed. 
│             Attempting correction by adding diagonal matrix with positive values for the Jacobian of the stationary equations
└             and negative values for the Jacobian of the constraints.
┌ DiffOpt.NonLinearProgram | Info ] : Inertia correction needed. 
│             Attempting correction by adding diagonal matrix with positive values for the Jacobian of the stationary equations
└             and negative values for the Jacobian of the constraints.
┌ DiffOpt.NonLinearProgram | Info ] : Inertia correction needed. 
│             Attempting correction by adding diagonal matrix with positive values for the Jacobian of the stationary equations
└             and negative values for the Jacobian of the constraints.
┌ DiffOpt.NonLinearProgram | Info ] : Inertia correction needed. 
│             Attempting correction by adding diagonal matrix with positive values for the Jacobian of the stationary equations
└             and negative values for the Jacobian of the constraints.
┌ DiffOpt.NonLinearProgram | Info ] : Inertia correction needed. 
│             Attempting correction by adding diagonal matrix with positive values for the Jacobian of the stationary equations
└             and negative values for the Jacobian of the constraints.
┌ DiffOpt.NonLinearProgram | Info ] : Inertia correction needed. 
│             Attempting correction by adding diagonal matrix with positive values for the Jacobian of the stationary equations
└             and negative values for the Jacobian of the constraints.
┌ DiffOpt.NonLinearProgram | Info ] : Inertia correction needed. 
│             Attempting correction by adding diagonal matrix with positive values for the Jacobian of the stationary equations
└             and negative values for the Jacobian of the constraints.
┌ DiffOpt.NonLinearProgram | Info ] : Inertia correction needed. 
│             Attempting correction by adding diagonal matrix with positive values for the Jacobian of the stationary equations
└             and negative values for the Jacobian of the constraints.
┌ DiffOpt.NonLinearProgram | Info ] : Inertia correction needed. 
│             Attempting correction by adding diagonal matrix with positive values for the Jacobian of the stationary equations
└             and negative values for the Jacobian of the constraints.
┌ DiffOpt.NonLinearProgram | Info ] : Inertia correction needed. 
│             Attempting correction by adding diagonal matrix with positive values for the Jacobian of the stationary equations
└             and negative values for the Jacobian of the constraints.
┌ DiffOpt.NonLinearProgram | Info ] : Inertia correction needed. 
│             Attempting correction by adding diagonal matrix with positive values for the Jacobian of the stationary equations
└             and negative values for the Jacobian of the constraints.
┌ DiffOpt.NonLinearProgram | Info ] : Inertia correction needed. 
│             Attempting correction by adding diagonal matrix with positive values for the Jacobian of the stationary equations
└             and negative values for the Jacobian of the constraints.
┌ DiffOpt.NonLinearProgram | Info ] : Inertia correction needed. 
│             Attempting correction by adding diagonal matrix with positive values for the Jacobian of the stationary equations
└             and negative values for the Jacobian of the constraints.
[ Main | Info ] : [min_max/absolute] iter 8 upper-level status = LOCALLY_SOLVED
[ Main | Info ] : [min_max/absolute] iter 8 timings: int=0.7s lower=11.8s (primal=2.4s jac=9.2s) upper=0.1s total=12.5s
[ Main | Info ] : [min_max/absolute] iter 9 integer MLD status = OPTIMAL (t=1.0s)
[ FairLoadDelivery | Info ] : Iteration 9: Solving multiperiod lower-level MLD with 27 per-period weights
┌ DiffOpt.NonLinearProgram | Info ] : Inertia correction needed. 
│             Attempting correction by adding diagonal matrix with positive values for the Jacobian of the stationary equations
└             and negative values for the Jacobian of the constraints.
Set parameter Username
Set parameter LicenseID to value 2813843
Academic license - for non-commercial use only - expires 2027-04-27
Gurobi Optimizer version 12.0.3 build v12.0.3rc0 (win64 - Windows 11+.0 (26200.2))

CPU model: 11th Gen Intel(R) Core(TM) i7-1165G7 @ 2.80GHz, instruction set [SSE2|AVX|AVX2|AVX512]
Thread count: 4 physical cores, 8 logical processors, using up to 8 threads

Optimize a model with 3408 rows, 1962 columns and 8328 nonzeros
Model fingerprint: 0xf6466e09
Model has 27 quadratic objective terms
Model has 72 quadratic constraints
Variable types: 1842 continuous, 120 integer (120 binary)
Coefficient statistics:
  Matrix range     [9e-09, 2e+01]
  QMatrix range    [1e+00, 5e+02]
  Objective range  [0e+00, 0e+00]
  QObjective range [1e+01, 6e+01]
  Bounds range     [1e+00, 2e+01]
  RHS range        [7e-01, 2e+01]

User MIP start did not produce a new incumbent solution
User MIP start violates constraint R122 by 4.345047923

Presolve removed 2858 rows and 1634 columns
Presolve time: 0.47s
Presolved: 550 rows, 328 columns, 1740 nonzeros
Presolved model has 24 quadratic constraint(s)
Variable types: 303 continuous, 25 integer (25 binary)

Root relaxation: objective 3.494413e+03, 180 iterations, 0.00 seconds (0.00 work units)
Another try with MIP start

    Nodes    |    Current Node    |     Objective Bounds      |     Work
 Expl Unexpl |  Obj  Depth IntInf | Incumbent    BestBd   Gap | It/Node Time

     0     0 3494.41272    0    6          - 3494.41272      -     -    0s
     0     0 3518.93244    0    3          - 3518.93244      -     -    0s
     0     0 3520.97336    0    3          - 3520.97336      -     -    0s
     0     0 3608.13089    0    4          - 3608.13089      -     -    0s
H    0     0                    3608.1308854 3608.13089  0.00%     -    0s
*    0     0               0    3608.1308854 3608.13089  0.00%     -    0s

Cutting planes:
  Gomory: 1
  Implied bound: 7
  Clique: 5
  MIR: 1
  Flow cover: 3
  RLT: 2
  Relax-and-lift: 4

Explored 1 nodes (435 simplex iterations) in 0.56 seconds (0.12 work units)
Thread count was 8 (of 8 available processors)

Solution count 1: 3608.13 

Optimal solution found (tolerance 1.00e-04)
Best objective 3.608130885377e+03, best bound 3.608130885377e+03, gap 0.0000%

User-callback calls 941, time in user-callback 0.00 sec
Set parameter Username
Set parameter LicenseID to value 2813843
Academic license - for non-commercial use only - expires 2027-04-27
Gurobi Optimizer version 12.0.3 build v12.0.3rc0 (win64 - Windows 11+.0 (26200.2))

CPU model: 11th Gen Intel(R) Core(TM) i7-1165G7 @ 2.80GHz, instruction set [SSE2|AVX|AVX2|AVX512]
Thread count: 4 physical cores, 8 logical processors, using up to 8 threads

Optimize a model with 3408 rows, 1962 columns and 8328 nonzeros
Model fingerprint: 0x813016cd
Model has 27 quadratic objective terms
Model has 72 quadratic constraints
Variable types: 1842 continuous, 120 integer (120 binary)
Coefficient statistics:
  Matrix range     [9e-09, 2e+01]
  QMatrix range    [1e+00, 5e+02]
  Objective range  [0e+00, 0e+00]
  QObjective range [1e+01, 6e+01]
  Bounds range     [1e+00, 2e+01]
  RHS range        [7e-01, 2e+01]

User MIP start did not produce a new incumbent solution
User MIP start violates constraint R122 by 4.345047923

Presolve removed 2858 rows and 1634 columns
Presolve time: 0.40s
Presolved: 550 rows, 328 columns, 1740 nonzeros
Presolved model has 24 quadratic constraint(s)
Variable types: 303 continuous, 25 integer (25 binary)

Root relaxation: objective 3.725606e+03, 180 iterations, 0.00 seconds (0.00 work units)
Another try with MIP start

    Nodes    |    Current Node    |     Objective Bounds      |     Work
 Expl Unexpl |  Obj  Depth IntInf | Incumbent    BestBd   Gap | It/Node Time

     0     0 3725.60563    0    6          - 3725.60563      -     -    0s
     0     0 3748.46007    0    3          - 3748.46007      -     -    0s
     0     0 3750.36274    0    3          - 3750.36274      -     -    0s
     0     0 3831.61324    0    4          - 3831.61324      -     -    0s
H    0     0                    3831.6132410 3831.61324  0.00%     -    0s
*    0     0               0    3831.6132410 3831.61324  0.00%     -    0s

Cutting planes:
  Gomory: 1
  Implied bound: 7
  Clique: 5
  MIR: 1
  Flow cover: 3
  RLT: 2
  Relax-and-lift: 4

Explored 1 nodes (435 simplex iterations) in 0.49 seconds (0.11 work units)
Thread count was 8 (of 8 available processors)

Solution count 1: 3831.61 

Optimal solution found (tolerance 1.00e-04)
Best objective 3.831613240955e+03, best bound 3.831613240955e+03, gap 0.0000%

User-callback calls 939, time in user-callback 0.00 sec
Set parameter Username
Set parameter LicenseID to value 2813843
Academic license - for non-commercial use only - expires 2027-04-27
Gurobi Optimizer version 12.0.3 build v12.0.3rc0 (win64 - Windows 11+.0 (26200.2))

CPU model: 11th Gen Intel(R) Core(TM) i7-1165G7 @ 2.80GHz, instruction set [SSE2|AVX|AVX2|AVX512]
Thread count: 4 physical cores, 8 logical processors, using up to 8 threads

Optimize a model with 3408 rows, 1962 columns and 8328 nonzeros
Model fingerprint: 0x215984f8
Model has 27 quadratic objective terms
Model has 72 quadratic constraints
Variable types: 1842 continuous, 120 integer (120 binary)
Coefficient statistics:
  Matrix range     [9e-09, 2e+01]
  QMatrix range    [1e+00, 5e+02]
  Objective range  [0e+00, 0e+00]
  QObjective range [1e+01, 6e+01]
  Bounds range     [1e+00, 2e+01]
  RHS range        [7e-01, 2e+01]

User MIP start did not produce a new incumbent solution
User MIP start violates constraint R122 by 4.345047923

Presolve removed 2858 rows and 1634 columns
Presolve time: 0.57s
Presolved: 550 rows, 328 columns, 1740 nonzeros
Presolved model has 24 quadratic constraint(s)
Variable types: 303 continuous, 25 integer (25 binary)

Root relaxation: objective 3.977747e+03, 180 iterations, 0.00 seconds (0.00 work units)
Another try with MIP start

    Nodes    |    Current Node    |     Objective Bounds      |     Work
 Expl Unexpl |  Obj  Depth IntInf | Incumbent    BestBd   Gap | It/Node Time

     0     0 3977.74660    0    6          - 3977.74660      -     -    0s
     0     0 4001.79804    0    3          - 4001.79804      -     -    0s
     0     0 4003.79995    0    3          - 4003.79995      -     -    0s
     0     0 4089.29159    0    4          - 4089.29159      -     -    0s
H    0     0                    4089.2915948 4089.29159  0.00%     -    0s
*    0     0               0    4089.2915948 4089.29159  0.00%     -    0s

Cutting planes:
  Gomory: 1
  Implied bound: 7
  Clique: 5
  MIR: 1
  Flow cover: 3
  RLT: 2
  Relax-and-lift: 4

Explored 1 nodes (435 simplex iterations) in 0.75 seconds (0.12 work units)
Thread count was 8 (of 8 available processors)

Solution count 1: 4089.29 

Optimal solution found (tolerance 1.00e-04)
Best objective 4.089291594848e+03, best bound 4.089291594848e+03, gap 0.0000%

User-callback calls 945, time in user-callback 0.00 sec
Set parameter Username
Set parameter LicenseID to value 2813843
Academic license - for non-commercial use only - expires 2027-04-27
Gurobi Optimizer version 12.0.3 build v12.0.3rc0 (win64 - Windows 11+.0 (26200.2))

CPU model: 11th Gen Intel(R) Core(TM) i7-1165G7 @ 2.80GHz, instruction set [SSE2|AVX|AVX2|AVX512]
Thread count: 4 physical cores, 8 logical processors, using up to 8 threads

Optimize a model with 3408 rows, 1962 columns and 8328 nonzeros
Model fingerprint: 0x9c3811c3
Model has 27 quadratic objective terms
Model has 72 quadratic constraints
Variable types: 1842 continuous, 120 integer (120 binary)
Coefficient statistics:
  Matrix range     [9e-09, 2e+01]
  QMatrix range    [1e+00, 5e+02]
  Objective range  [0e+00, 0e+00]
  QObjective range [1e+01, 6e+01]
  Bounds range     [1e+00, 2e+01]
  RHS range        [7e-01, 2e+01]

User MIP start did not produce a new incumbent solution
User MIP start violates constraint R122 by 4.345047923

Presolve removed 2858 rows and 1634 columns
Presolve time: 0.60s
Presolved: 550 rows, 328 columns, 1740 nonzeros
Presolved model has 24 quadratic constraint(s)
Variable types: 303 continuous, 25 integer (25 binary)

Root relaxation: objective 4.210873e+03, 180 iterations, 0.01 seconds (0.00 work units)
Another try with MIP start

    Nodes    |    Current Node    |     Objective Bounds      |     Work
 Expl Unexpl |  Obj  Depth IntInf | Incumbent    BestBd   Gap | It/Node Time

     0     0 4210.87303    0    6          - 4210.87303      -     -    0s
     0     0 4233.52762    0    3          - 4233.52762      -     -    0s
     0     0 4235.41367    0    3          - 4235.41367      -     -    0s
     0     0 4315.95455    0    4          - 4315.95455      -     -    0s
H    0     0                    4315.9545476 4315.95455  0.00%     -    0s
*    0     0               0    4315.9545476 4315.95455  0.00%     -    0s

Cutting planes:
  Gomory: 1
  Implied bound: 7
  Clique: 5
  MIR: 1
  Flow cover: 3
  RLT: 2
  Relax-and-lift: 4

Explored 1 nodes (435 simplex iterations) in 0.72 seconds (0.12 work units)
Thread count was 8 (of 8 available processors)

Solution count 1: 4315.95 

Optimal solution found (tolerance 1.00e-04)
Best objective 4.315954547561e+03, best bound 4.315954547561e+03, gap 0.0000%

User-callback calls 945, time in user-callback 0.00 sec
┌ DiffOpt.NonLinearProgram | Info ] : Inertia correction needed. 
│             Attempting correction by adding diagonal matrix with positive values for the Jacobian of the stationary equations
└             and negative values for the Jacobian of the constraints.
┌ DiffOpt.NonLinearProgram | Info ] : Inertia correction needed. 
│             Attempting correction by adding diagonal matrix with positive values for the Jacobian of the stationary equations
└             and negative values for the Jacobian of the constraints.
┌ DiffOpt.NonLinearProgram | Info ] : Inertia correction needed. 
│             Attempting correction by adding diagonal matrix with positive values for the Jacobian of the stationary equations
└             and negative values for the Jacobian of the constraints.
┌ DiffOpt.NonLinearProgram | Info ] : Inertia correction needed. 
│             Attempting correction by adding diagonal matrix with positive values for the Jacobian of the stationary equations
└             and negative values for the Jacobian of the constraints.
┌ DiffOpt.NonLinearProgram | Info ] : Inertia correction needed. 
│             Attempting correction by adding diagonal matrix with positive values for the Jacobian of the stationary equations
└             and negative values for the Jacobian of the constraints.
┌ DiffOpt.NonLinearProgram | Info ] : Inertia correction needed. 
│             Attempting correction by adding diagonal matrix with positive values for the Jacobian of the stationary equations
└             and negative values for the Jacobian of the constraints.
┌ DiffOpt.NonLinearProgram | Info ] : Inertia correction needed. 
│             Attempting correction by adding diagonal matrix with positive values for the Jacobian of the stationary equations
└             and negative values for the Jacobian of the constraints.
┌ DiffOpt.NonLinearProgram | Info ] : Inertia correction needed. 
│             Attempting correction by adding diagonal matrix with positive values for the Jacobian of the stationary equations
└             and negative values for the Jacobian of the constraints.
┌ DiffOpt.NonLinearProgram | Info ] : Inertia correction needed. 
│             Attempting correction by adding diagonal matrix with positive values for the Jacobian of the stationary equations
└             and negative values for the Jacobian of the constraints.
┌ DiffOpt.NonLinearProgram | Info ] : Inertia correction needed. 
│             Attempting correction by adding diagonal matrix with positive values for the Jacobian of the stationary equations
└             and negative values for the Jacobian of the constraints.
┌ DiffOpt.NonLinearProgram | Info ] : Inertia correction needed. 
│             Attempting correction by adding diagonal matrix with positive values for the Jacobian of the stationary equations
└             and negative values for the Jacobian of the constraints.
┌ DiffOpt.NonLinearProgram | Info ] : Inertia correction needed. 
│             Attempting correction by adding diagonal matrix with positive values for the Jacobian of the stationary equations
└             and negative values for the Jacobian of the constraints.
┌ DiffOpt.NonLinearProgram | Info ] : Inertia correction needed. 
│             Attempting correction by adding diagonal matrix with positive values for the Jacobian of the stationary equations
└             and negative values for the Jacobian of the constraints.
┌ DiffOpt.NonLinearProgram | Info ] : Inertia correction needed. 
│             Attempting correction by adding diagonal matrix with positive values for the Jacobian of the stationary equations
└             and negative values for the Jacobian of the constraints.
┌ DiffOpt.NonLinearProgram | Info ] : Inertia correction needed. 
│             Attempting correction by adding diagonal matrix with positive values for the Jacobian of the stationary equations
└             and negative values for the Jacobian of the constraints.
┌ DiffOpt.NonLinearProgram | Info ] : Inertia correction needed. 
│             Attempting correction by adding diagonal matrix with positive values for the Jacobian of the stationary equations
└             and negative values for the Jacobian of the constraints.
┌ DiffOpt.NonLinearProgram | Info ] : Inertia correction needed. 
│             Attempting correction by adding diagonal matrix with positive values for the Jacobian of the stationary equations
└             and negative values for the Jacobian of the constraints.
┌ DiffOpt.NonLinearProgram | Info ] : Inertia correction needed. 
│             Attempting correction by adding diagonal matrix with positive values for the Jacobian of the stationary equations
└             and negative values for the Jacobian of the constraints.
┌ DiffOpt.NonLinearProgram | Info ] : Inertia correction needed. 
│             Attempting correction by adding diagonal matrix with positive values for the Jacobian of the stationary equations
└             and negative values for the Jacobian of the constraints.
┌ DiffOpt.NonLinearProgram | Info ] : Inertia correction needed. 
│             Attempting correction by adding diagonal matrix with positive values for the Jacobian of the stationary equations
└             and negative values for the Jacobian of the constraints.
┌ DiffOpt.NonLinearProgram | Info ] : Inertia correction needed. 
│             Attempting correction by adding diagonal matrix with positive values for the Jacobian of the stationary equations
└             and negative values for the Jacobian of the constraints.
┌ DiffOpt.NonLinearProgram | Info ] : Inertia correction needed. 
│             Attempting correction by adding diagonal matrix with positive values for the Jacobian of the stationary equations
└             and negative values for the Jacobian of the constraints.
┌ DiffOpt.NonLinearProgram | Info ] : Inertia correction needed. 
│             Attempting correction by adding diagonal matrix with positive values for the Jacobian of the stationary equations
└             and negative values for the Jacobian of the constraints.
┌ DiffOpt.NonLinearProgram | Info ] : Inertia correction needed. 
│             Attempting correction by adding diagonal matrix with positive values for the Jacobian of the stationary equations
└             and negative values for the Jacobian of the constraints.
┌ DiffOpt.NonLinearProgram | Info ] : Inertia correction needed. 
│             Attempting correction by adding diagonal matrix with positive values for the Jacobian of the stationary equations
└             and negative values for the Jacobian of the constraints.
┌ DiffOpt.NonLinearProgram | Info ] : Inertia correction needed. 
│             Attempting correction by adding diagonal matrix with positive values for the Jacobian of the stationary equations
└             and negative values for the Jacobian of the constraints.
[ Main | Info ] : [min_max/absolute] iter 9 upper-level status = LOCALLY_SOLVED
[ Main | Info ] : [min_max/absolute] iter 9 timings: int=1.0s lower=11.9s (primal=3.6s jac=8.0s) upper=0.0s total=12.9s
[ Main | Info ] : [min_max/absolute] iter 10 integer MLD status = OPTIMAL (t=0.7s)
[ FairLoadDelivery | Info ] : Iteration 10: Solving multiperiod lower-level MLD with 27 per-period weights
┌ DiffOpt.NonLinearProgram | Info ] : Inertia correction needed. 
│             Attempting correction by adding diagonal matrix with positive values for the Jacobian of the stationary equations
└             and negative values for the Jacobian of the constraints.
┌ DiffOpt.NonLinearProgram | Info ] : Inertia correction needed. 
│             Attempting correction by adding diagonal matrix with positive values for the Jacobian of the stationary equations
└             and negative values for the Jacobian of the constraints.
┌ DiffOpt.NonLinearProgram | Info ] : Inertia correction needed. 
│             Attempting correction by adding diagonal matrix with positive values for the Jacobian of the stationary equations
└             and negative values for the Jacobian of the constraints.
┌ DiffOpt.NonLinearProgram | Info ] : Inertia correction needed. 
│             Attempting correction by adding diagonal matrix with positive values for the Jacobian of the stationary equations
└             and negative values for the Jacobian of the constraints.
┌ DiffOpt.NonLinearProgram | Info ] : Inertia correction needed. 
│             Attempting correction by adding diagonal matrix with positive values for the Jacobian of the stationary equations
└             and negative values for the Jacobian of the constraints.
┌ DiffOpt.NonLinearProgram | Info ] : Inertia correction needed. 
│             Attempting correction by adding diagonal matrix with positive values for the Jacobian of the stationary equations
└             and negative values for the Jacobian of the constraints.
┌ DiffOpt.NonLinearProgram | Info ] : Inertia correction needed. 
│             Attempting correction by adding diagonal matrix with positive values for the Jacobian of the stationary equations
└             and negative values for the Jacobian of the constraints.
┌ DiffOpt.NonLinearProgram | Info ] : Inertia correction needed. 
│             Attempting correction by adding diagonal matrix with positive values for the Jacobian of the stationary equations
└             and negative values for the Jacobian of the constraints.
┌ DiffOpt.NonLinearProgram | Info ] : Inertia correction needed. 
│             Attempting correction by adding diagonal matrix with positive values for the Jacobian of the stationary equations
└             and negative values for the Jacobian of the constraints.
┌ DiffOpt.NonLinearProgram | Info ] : Inertia correction needed. 
│             Attempting correction by adding diagonal matrix with positive values for the Jacobian of the stationary equations
└             and negative values for the Jacobian of the constraints.
┌ DiffOpt.NonLinearProgram | Info ] : Inertia correction needed. 
│             Attempting correction by adding diagonal matrix with positive values for the Jacobian of the stationary equations
└             and negative values for the Jacobian of the constraints.
┌ DiffOpt.NonLinearProgram | Info ] : Inertia correction needed. 
│             Attempting correction by adding diagonal matrix with positive values for the Jacobian of the stationary equations
└             and negative values for the Jacobian of the constraints.
┌ DiffOpt.NonLinearProgram | Info ] : Inertia correction needed. 
│             Attempting correction by adding diagonal matrix with positive values for the Jacobian of the stationary equations
└             and negative values for the Jacobian of the constraints.
┌ DiffOpt.NonLinearProgram | Info ] : Inertia correction needed. 
│             Attempting correction by adding diagonal matrix with positive values for the Jacobian of the stationary equations
└             and negative values for the Jacobian of the constraints.
┌ DiffOpt.NonLinearProgram | Info ] : Inertia correction needed. 
│             Attempting correction by adding diagonal matrix with positive values for the Jacobian of the stationary equations
└             and negative values for the Jacobian of the constraints.
┌ DiffOpt.NonLinearProgram | Info ] : Inertia correction needed. 
│             Attempting correction by adding diagonal matrix with positive values for the Jacobian of the stationary equations
└             and negative values for the Jacobian of the constraints.
┌ DiffOpt.NonLinearProgram | Info ] : Inertia correction needed. 
│             Attempting correction by adding diagonal matrix with positive values for the Jacobian of the stationary equations
└             and negative values for the Jacobian of the constraints.
┌ DiffOpt.NonLinearProgram | Info ] : Inertia correction needed. 
│             Attempting correction by adding diagonal matrix with positive values for the Jacobian of the stationary equations
└             and negative values for the Jacobian of the constraints.
┌ DiffOpt.NonLinearProgram | Info ] : Inertia correction needed. 
│             Attempting correction by adding diagonal matrix with positive values for the Jacobian of the stationary equations
└             and negative values for the Jacobian of the constraints.
┌ DiffOpt.NonLinearProgram | Info ] : Inertia correction needed. 
│             Attempting correction by adding diagonal matrix with positive values for the Jacobian of the stationary equations
└             and negative values for the Jacobian of the constraints.
┌ DiffOpt.NonLinearProgram | Info ] : Inertia correction needed. 
│             Attempting correction by adding diagonal matrix with positive values for the Jacobian of the stationary equations
└             and negative values for the Jacobian of the constraints.
┌ DiffOpt.NonLinearProgram | Info ] : Inertia correction needed. 
│             Attempting correction by adding diagonal matrix with positive values for the Jacobian of the stationary equations
└             and negative values for the Jacobian of the constraints.
┌ DiffOpt.NonLinearProgram | Info ] : Inertia correction needed. 
│             Attempting correction by adding diagonal matrix with positive values for the Jacobian of the stationary equations
└             and negative values for the Jacobian of the constraints.
┌ DiffOpt.NonLinearProgram | Info ] : Inertia correction needed. 
│             Attempting correction by adding diagonal matrix with positive values for the Jacobian of the stationary equations
└             and negative values for the Jacobian of the constraints.
┌ DiffOpt.NonLinearProgram | Info ] : Inertia correction needed. 
│             Attempting correction by adding diagonal matrix with positive values for the Jacobian of the stationary equations
└             and negative values for the Jacobian of the constraints.
┌ DiffOpt.NonLinearProgram | Info ] : Inertia correction needed. 
│             Attempting correction by adding diagonal matrix with positive values for the Jacobian of the stationary equations
└             and negative values for the Jacobian of the constraints.
┌ DiffOpt.NonLinearProgram | Info ] : Inertia correction needed. 
│             Attempting correction by adding diagonal matrix with positive values for the Jacobian of the stationary equations
└             and negative values for the Jacobian of the constraints.
[ Main | Info ] : [min_max/absolute] iter 10 upper-level status = LOCALLY_SOLVED
[ Main | Info ] : [min_max/absolute] iter 10 timings: int=0.7s lower=12.3s (primal=2.8s jac=9.4s) upper=0.1s total=13.1s
[ Main | Info ] : [min_max/absolute] iter 11 integer MLD status = OPTIMAL (t=0.6s)
[ FairLoadDelivery | Info ] : Iteration 11: Solving multiperiod lower-level MLD with 27 per-period weights
┌ DiffOpt.NonLinearProgram | Info ] : Inertia correction needed. 
│             Attempting correction by adding diagonal matrix with positive values for the Jacobian of the stationary equations
└             and negative values for the Jacobian of the constraints.
┌ DiffOpt.NonLinearProgram | Info ] : Inertia correction needed. 
│             Attempting correction by adding diagonal matrix with positive values for the Jacobian of the stationary equations
└             and negative values for the Jacobian of the constraints.
┌ DiffOpt.NonLinearProgram | Info ] : Inertia correction needed. 
│             Attempting correction by adding diagonal matrix with positive values for the Jacobian of the stationary equations
└             and negative values for the Jacobian of the constraints.
┌ DiffOpt.NonLinearProgram | Info ] : Inertia correction needed. 
│             Attempting correction by adding diagonal matrix with positive values for the Jacobian of the stationary equations
└             and negative values for the Jacobian of the constraints.
┌ DiffOpt.NonLinearProgram | Info ] : Inertia correction needed. 
│             Attempting correction by adding diagonal matrix with positive values for the Jacobian of the stationary equations
└             and negative values for the Jacobian of the constraints.
┌ DiffOpt.NonLinearProgram | Info ] : Inertia correction needed. 
│             Attempting correction by adding diagonal matrix with positive values for the Jacobian of the stationary equations
└             and negative values for the Jacobian of the constraints.
┌ DiffOpt.NonLinearProgram | Info ] : Inertia correction needed. 
│             Attempting correction by adding diagonal matrix with positive values for the Jacobian of the stationary equations
└             and negative values for the Jacobian of the constraints.
┌ DiffOpt.NonLinearProgram | Info ] : Inertia correction needed. 
│             Attempting correction by adding diagonal matrix with positive values for the Jacobian of the stationary equations
└             and negative values for the Jacobian of the constraints.
┌ DiffOpt.NonLinearProgram | Info ] : Inertia correction needed. 
│             Attempting correction by adding diagonal matrix with positive values for the Jacobian of the stationary equations
└             and negative values for the Jacobian of the constraints.
┌ DiffOpt.NonLinearProgram | Info ] : Inertia correction needed. 
│             Attempting correction by adding diagonal matrix with positive values for the Jacobian of the stationary equations
└             and negative values for the Jacobian of the constraints.
┌ DiffOpt.NonLinearProgram | Info ] : Inertia correction needed. 
│             Attempting correction by adding diagonal matrix with positive values for the Jacobian of the stationary equations
└             and negative values for the Jacobian of the constraints.
┌ DiffOpt.NonLinearProgram | Info ] : Inertia correction needed. 
│             Attempting correction by adding diagonal matrix with positive values for the Jacobian of the stationary equations
└             and negative values for the Jacobian of the constraints.
┌ DiffOpt.NonLinearProgram | Info ] : Inertia correction needed. 
│             Attempting correction by adding diagonal matrix with positive values for the Jacobian of the stationary equations
└             and negative values for the Jacobian of the constraints.
┌ DiffOpt.NonLinearProgram | Info ] : Inertia correction needed. 
│             Attempting correction by adding diagonal matrix with positive values for the Jacobian of the stationary equations
└             and negative values for the Jacobian of the constraints.
┌ DiffOpt.NonLinearProgram | Info ] : Inertia correction needed. 
│             Attempting correction by adding diagonal matrix with positive values for the Jacobian of the stationary equations
└             and negative values for the Jacobian of the constraints.
┌ DiffOpt.NonLinearProgram | Info ] : Inertia correction needed. 
│             Attempting correction by adding diagonal matrix with positive values for the Jacobian of the stationary equations
└             and negative values for the Jacobian of the constraints.
┌ DiffOpt.NonLinearProgram | Info ] : Inertia correction needed. 
│             Attempting correction by adding diagonal matrix with positive values for the Jacobian of the stationary equations
└             and negative values for the Jacobian of the constraints.
┌ DiffOpt.NonLinearProgram | Info ] : Inertia correction needed. 
│             Attempting correction by adding diagonal matrix with positive values for the Jacobian of the stationary equations
└             and negative values for the Jacobian of the constraints.
┌ DiffOpt.NonLinearProgram | Info ] : Inertia correction needed. 
│             Attempting correction by adding diagonal matrix with positive values for the Jacobian of the stationary equations
└             and negative values for the Jacobian of the constraints.
┌ DiffOpt.NonLinearProgram | Info ] : Inertia correction needed. 
│             Attempting correction by adding diagonal matrix with positive values for the Jacobian of the stationary equations
└             and negative values for the Jacobian of the constraints.
┌ DiffOpt.NonLinearProgram | Info ] : Inertia correction needed. 
│             Attempting correction by adding diagonal matrix with positive values for the Jacobian of the stationary equations
└             and negative values for the Jacobian of the constraints.
┌ DiffOpt.NonLinearProgram | Info ] : Inertia correction needed. 
│             Attempting correction by adding diagonal matrix with positive values for the Jacobian of the stationary equations
└             and negative values for the Jacobian of the constraints.
┌ DiffOpt.NonLinearProgram | Info ] : Inertia correction needed. 
│             Attempting correction by adding diagonal matrix with positive values for the Jacobian of the stationary equations
└             and negative values for the Jacobian of the constraints.
┌ DiffOpt.NonLinearProgram | Info ] : Inertia correction needed. 
│             Attempting correction by adding diagonal matrix with positive values for the Jacobian of the stationary equations
└             and negative values for the Jacobian of the constraints.
┌ DiffOpt.NonLinearProgram | Info ] : Inertia correction needed. 
│             Attempting correction by adding diagonal matrix with positive values for the Jacobian of the stationary equations
└             and negative values for the Jacobian of the constraints.
┌ DiffOpt.NonLinearProgram | Info ] : Inertia correction needed. 
│             Attempting correction by adding diagonal matrix with positive values for the Jacobian of the stationary equations
└             and negative values for the Jacobian of the constraints.
┌ DiffOpt.NonLinearProgram | Info ] : Inertia correction needed. 
│             Attempting correction by adding diagonal matrix with positive values for the Jacobian of the stationary equations
└             and negative values for the Jacobian of the constraints.
[ Main | Info ] : [min_max/absolute] iter 11 upper-level status = LOCALLY_SOLVED
[ Main | Info ] : [min_max/absolute] iter 11 timings: int=0.6s lower=9.9s (primal=1.9s jac=7.9s) upper=0.1s total=10.7s
[ Main | Info ] : [min_max/absolute] iter 12 integer MLD status = OPTIMAL (t=0.9s)
[ FairLoadDelivery | Info ] : Iteration 12: Solving multiperiod lower-level MLD with 27 per-period weights
┌ DiffOpt.NonLinearProgram | Info ] : Inertia correction needed. 
│             Attempting correction by adding diagonal matrix with positive values for the Jacobian of the stationary equations
└             and negative values for the Jacobian of the constraints.
┌ DiffOpt.NonLinearProgram | Info ] : Inertia correction needed. 
│             Attempting correction by adding diagonal matrix with positive values for the Jacobian of the stationary equations
└             and negative values for the Jacobian of the constraints.
┌ DiffOpt.NonLinearProgram | Info ] : Inertia correction needed. 
│             Attempting correction by adding diagonal matrix with positive values for the Jacobian of the stationary equations
└             and negative values for the Jacobian of the constraints.
┌ DiffOpt.NonLinearProgram | Info ] : Inertia correction needed. 
│             Attempting correction by adding diagonal matrix with positive values for the Jacobian of the stationary equations
└             and negative values for the Jacobian of the constraints.
┌ DiffOpt.NonLinearProgram | Info ] : Inertia correction needed. 
│             Attempting correction by adding diagonal matrix with positive values for the Jacobian of the stationary equations
└             and negative values for the Jacobian of the constraints.
┌ DiffOpt.NonLinearProgram | Info ] : Inertia correction needed. 
│             Attempting correction by adding diagonal matrix with positive values for the Jacobian of the stationary equations
└             and negative values for the Jacobian of the constraints.
┌ DiffOpt.NonLinearProgram | Info ] : Inertia correction needed. 
│             Attempting correction by adding diagonal matrix with positive values for the Jacobian of the stationary equations
└             and negative values for the Jacobian of the constraints.
┌ DiffOpt.NonLinearProgram | Info ] : Inertia correction needed. 
│             Attempting correction by adding diagonal matrix with positive values for the Jacobian of the stationary equations
└             and negative values for the Jacobian of the constraints.
┌ DiffOpt.NonLinearProgram | Info ] : Inertia correction needed. 
│             Attempting correction by adding diagonal matrix with positive values for the Jacobian of the stationary equations
└             and negative values for the Jacobian of the constraints.
┌ DiffOpt.NonLinearProgram | Info ] : Inertia correction needed. 
│             Attempting correction by adding diagonal matrix with positive values for the Jacobian of the stationary equations
└             and negative values for the Jacobian of the constraints.
┌ DiffOpt.NonLinearProgram | Info ] : Inertia correction needed. 
│             Attempting correction by adding diagonal matrix with positive values for the Jacobian of the stationary equations
└             and negative values for the Jacobian of the constraints.
┌ DiffOpt.NonLinearProgram | Info ] : Inertia correction needed. 
│             Attempting correction by adding diagonal matrix with positive values for the Jacobian of the stationary equations
└             and negative values for the Jacobian of the constraints.
┌ DiffOpt.NonLinearProgram | Info ] : Inertia correction needed. 
│             Attempting correction by adding diagonal matrix with positive values for the Jacobian of the stationary equations
└             and negative values for the Jacobian of the constraints.
┌ DiffOpt.NonLinearProgram | Info ] : Inertia correction needed. 
│             Attempting correction by adding diagonal matrix with positive values for the Jacobian of the stationary equations
└             and negative values for the Jacobian of the constraints.
┌ DiffOpt.NonLinearProgram | Info ] : Inertia correction needed. 
│             Attempting correction by adding diagonal matrix with positive values for the Jacobian of the stationary equations
└             and negative values for the Jacobian of the constraints.
┌ DiffOpt.NonLinearProgram | Info ] : Inertia correction needed. 
│             Attempting correction by adding diagonal matrix with positive values for the Jacobian of the stationary equations
└             and negative values for the Jacobian of the constraints.
┌ DiffOpt.NonLinearProgram | Info ] : Inertia correction needed. 
│             Attempting correction by adding diagonal matrix with positive values for the Jacobian of the stationary equations
└             and negative values for the Jacobian of the constraints.
┌ DiffOpt.NonLinearProgram | Info ] : Inertia correction needed. 
│             Attempting correction by adding diagonal matrix with positive values for the Jacobian of the stationary equations
└             and negative values for the Jacobian of the constraints.
┌ DiffOpt.NonLinearProgram | Info ] : Inertia correction needed. 
│             Attempting correction by adding diagonal matrix with positive values for the Jacobian of the stationary equations
└             and negative values for the Jacobian of the constraints.
┌ DiffOpt.NonLinearProgram | Info ] : Inertia correction needed. 
│             Attempting correction by adding diagonal matrix with positive values for the Jacobian of the stationary equations
└             and negative values for the Jacobian of the constraints.
┌ DiffOpt.NonLinearProgram | Info ] : Inertia correction needed. 
│             Attempting correction by adding diagonal matrix with positive values for the Jacobian of the stationary equations
└             and negative values for the Jacobian of the constraints.
┌ DiffOpt.NonLinearProgram | Info ] : Inertia correction needed. 
│             Attempting correction by adding diagonal matrix with positive values for the Jacobian of the stationary equations
└             and negative values for the Jacobian of the constraints.
┌ DiffOpt.NonLinearProgram | Info ] : Inertia correction needed. 
│             Attempting correction by adding diagonal matrix with positive values for the Jacobian of the stationary equations
└             and negative values for the Jacobian of the constraints.
┌ DiffOpt.NonLinearProgram | Info ] : Inertia correction needed. 
│             Attempting correction by adding diagonal matrix with positive values for the Jacobian of the stationary equations
└             and negative values for the Jacobian of the constraints.
┌ DiffOpt.NonLinearProgram | Info ] : Inertia correction needed. 
│             Attempting correction by adding diagonal matrix with positive values for the Jacobian of the stationary equations
└             and negative values for the Jacobian of the constraints.
┌ DiffOpt.NonLinearProgram | Info ] : Inertia correction needed. 
│             Attempting correction by adding diagonal matrix with positive values for the Jacobian of the stationary equations
└             and negative values for the Jacobian of the constraints.
┌ DiffOpt.NonLinearProgram | Info ] : Inertia correction needed. 
│             Attempting correction by adding diagonal matrix with positive values for the Jacobian of the stationary equations
└             and negative values for the Jacobian of the constraints.
[ Main | Info ] : [min_max/absolute] iter 12 upper-level status = LOCALLY_SOLVED
[ Main | Info ] : [min_max/absolute] iter 12 timings: int=0.9s lower=14.2s (primal=4.4s jac=9.6s) upper=0.1s total=15.2s
[ Main | Info ] : [min_max/absolute] iter 13 integer MLD status = OPTIMAL (t=0.9s)
[ FairLoadDelivery | Info ] : Iteration 13: Solving multiperiod lower-level MLD with 27 per-period weights
┌ DiffOpt.NonLinearProgram | Info ] : Inertia correction needed. 
│             Attempting correction by adding diagonal matrix with positive values for the Jacobian of the stationary equations
└             and negative values for the Jacobian of the constraints.
┌ DiffOpt.NonLinearProgram | Info ] : Inertia correction needed. 
│             Attempting correction by adding diagonal matrix with positive values for the Jacobian of the stationary equations
└             and negative values for the Jacobian of the constraints.
┌ DiffOpt.NonLinearProgram | Info ] : Inertia correction needed. 
│             Attempting correction by adding diagonal matrix with positive values for the Jacobian of the stationary equations
└             and negative values for the Jacobian of the constraints.
┌ DiffOpt.NonLinearProgram | Info ] : Inertia correction needed. 
│             Attempting correction by adding diagonal matrix with positive values for the Jacobian of the stationary equations
└             and negative values for the Jacobian of the constraints.
┌ DiffOpt.NonLinearProgram | Info ] : Inertia correction needed. 
│             Attempting correction by adding diagonal matrix with positive values for the Jacobian of the stationary equations
└             and negative values for the Jacobian of the constraints.
┌ DiffOpt.NonLinearProgram | Info ] : Inertia correction needed. 
│             Attempting correction by adding diagonal matrix with positive values for the Jacobian of the stationary equations
└             and negative values for the Jacobian of the constraints.
┌ DiffOpt.NonLinearProgram | Info ] : Inertia correction needed. 
│             Attempting correction by adding diagonal matrix with positive values for the Jacobian of the stationary equations
└             and negative values for the Jacobian of the constraints.
┌ DiffOpt.NonLinearProgram | Info ] : Inertia correction needed. 
│             Attempting correction by adding diagonal matrix with positive values for the Jacobian of the stationary equations
└             and negative values for the Jacobian of the constraints.
Set parameter Username
Set parameter LicenseID to value 2813843
Academic license - for non-commercial use only - expires 2027-04-27
Gurobi Optimizer version 12.0.3 build v12.0.3rc0 (win64 - Windows 11+.0 (26200.2))

CPU model: 11th Gen Intel(R) Core(TM) i7-1165G7 @ 2.80GHz, instruction set [SSE2|AVX|AVX2|AVX512]
Thread count: 4 physical cores, 8 logical processors, using up to 8 threads

Optimize a model with 3408 rows, 1962 columns and 8328 nonzeros
Model fingerprint: 0x861cfcdc
Model has 27 quadratic objective terms
Model has 72 quadratic constraints
Variable types: 1842 continuous, 120 integer (120 binary)
Coefficient statistics:
  Matrix range     [9e-09, 2e+01]
  QMatrix range    [1e+00, 5e+02]
  Objective range  [0e+00, 0e+00]
  QObjective range [1e+01, 6e+01]
  Bounds range     [1e+00, 2e+01]
  RHS range        [7e-01, 2e+01]

User MIP start did not produce a new incumbent solution
User MIP start violates constraint R122 by 4.345047923

Presolve removed 2858 rows and 1634 columns
Presolve time: 0.70s
Presolved: 550 rows, 328 columns, 1740 nonzeros
Presolved model has 24 quadratic constraint(s)
Variable types: 303 continuous, 25 integer (25 binary)

Root relaxation: objective 4.465008e+03, 180 iterations, 0.00 seconds (0.00 work units)
Another try with MIP start

    Nodes    |    Current Node    |     Objective Bounds      |     Work
 Expl Unexpl |  Obj  Depth IntInf | Incumbent    BestBd   Gap | It/Node Time

     0     0 4465.00764    0    6          - 4465.00764      -     -    0s
     0     0 4489.13551    0    3          - 4489.13551      -     -    0s
     0     0 4491.14389    0    3          - 4491.14389      -     -    0s
     0     0 4576.91009    0    4          - 4576.91009      -     -    0s
H    0     0                    4576.9100926 4576.91009  0.00%     -    0s
*    0     0               0    4576.9100926 4576.91009  0.00%     -    0s

Cutting planes:
  Gomory: 1
  Implied bound: 7
  Clique: 5
  MIR: 1
  Flow cover: 3
  RLT: 2
  Relax-and-lift: 4

Explored 1 nodes (435 simplex iterations) in 0.81 seconds (0.13 work units)
Thread count was 8 (of 8 available processors)

Solution count 1: 4576.91 

Optimal solution found (tolerance 1.00e-04)
Best objective 4.576910092574e+03, best bound 4.576910092574e+03, gap 0.0000%

User-callback calls 948, time in user-callback 0.00 sec
Set parameter Username
Set parameter LicenseID to value 2813843
Academic license - for non-commercial use only - expires 2027-04-27
Gurobi Optimizer version 12.0.3 build v12.0.3rc0 (win64 - Windows 11+.0 (26200.2))

CPU model: 11th Gen Intel(R) Core(TM) i7-1165G7 @ 2.80GHz, instruction set [SSE2|AVX|AVX2|AVX512]
Thread count: 4 physical cores, 8 logical processors, using up to 8 threads

Optimize a model with 3408 rows, 1962 columns and 8328 nonzeros
Model fingerprint: 0x901b5091
Model has 27 quadratic objective terms
Model has 72 quadratic constraints
Variable types: 1842 continuous, 120 integer (120 binary)
Coefficient statistics:
  Matrix range     [9e-09, 2e+01]
  QMatrix range    [1e+00, 5e+02]
  Objective range  [0e+00, 0e+00]
  QObjective range [1e+01, 6e+01]
  Bounds range     [1e+00, 2e+01]
  RHS range        [7e-01, 2e+01]

User MIP start did not produce a new incumbent solution
User MIP start violates constraint R122 by 4.345047923

Presolve removed 2858 rows and 1634 columns
Presolve time: 0.46s
Presolved: 550 rows, 328 columns, 1740 nonzeros
Presolved model has 24 quadratic constraint(s)
Variable types: 303 continuous, 25 integer (25 binary)

Root relaxation: objective 4.697739e+03, 180 iterations, 0.00 seconds (0.00 work units)
Another try with MIP start

    Nodes    |    Current Node    |     Objective Bounds      |     Work
 Expl Unexpl |  Obj  Depth IntInf | Incumbent    BestBd   Gap | It/Node Time

     0     0 4697.73885    0    6          - 4697.73885      -     -    0s
     0     0 4720.42129    0    3          - 4720.42129      -     -    0s
     0     0 4722.30969    0    3          - 4722.30969      -     -    0s
     0     0 4802.95064    0    4          - 4802.95064      -     -    0s
H    0     0                    4802.9506390 4802.95064  0.00%     -    0s
*    0     0               0    4802.9506390 4802.95064  0.00%     -    0s

Cutting planes:
  Gomory: 1
  Implied bound: 7
  Clique: 5
  MIR: 1
  Flow cover: 3
  RLT: 2
  Relax-and-lift: 4

Explored 1 nodes (435 simplex iterations) in 0.55 seconds (0.11 work units)
Thread count was 8 (of 8 available processors)

Solution count 1: 4802.95 

Optimal solution found (tolerance 1.00e-04)
Best objective 4.802950638958e+03, best bound 4.802950638958e+03, gap 0.0000%

User-callback calls 941, time in user-callback 0.00 sec
Set parameter Username
Set parameter LicenseID to value 2813843
Academic license - for non-commercial use only - expires 2027-04-27
Gurobi Optimizer version 12.0.3 build v12.0.3rc0 (win64 - Windows 11+.0 (26200.2))

CPU model: 11th Gen Intel(R) Core(TM) i7-1165G7 @ 2.80GHz, instruction set [SSE2|AVX|AVX2|AVX512]
Thread count: 4 physical cores, 8 logical processors, using up to 8 threads

Optimize a model with 3408 rows, 1962 columns and 8328 nonzeros
Model fingerprint: 0x04d0ff4e
Model has 27 quadratic objective terms
Model has 72 quadratic constraints
Variable types: 1842 continuous, 120 integer (120 binary)
Coefficient statistics:
  Matrix range     [9e-09, 2e+01]
  QMatrix range    [1e+00, 5e+02]
  Objective range  [0e+00, 0e+00]
  QObjective range [1e+01, 6e+01]
  Bounds range     [1e+00, 2e+01]
  RHS range        [7e-01, 2e+01]

User MIP start did not produce a new incumbent solution
User MIP start violates constraint R122 by 4.345047923

Presolve removed 2858 rows and 1634 columns
Presolve time: 0.44s
Presolved: 550 rows, 328 columns, 1740 nonzeros
Presolved model has 24 quadratic constraint(s)
Variable types: 303 continuous, 25 integer (25 binary)

Root relaxation: objective 4.949455e+03, 180 iterations, 0.00 seconds (0.00 work units)
Another try with MIP start

    Nodes    |    Current Node    |     Objective Bounds      |     Work
 Expl Unexpl |  Obj  Depth IntInf | Incumbent    BestBd   Gap | It/Node Time

     0     0 4949.45460    0    6          - 4949.45460      -     -    0s
     0     0 4973.27900    0    3          - 4973.27900      -     -    0s
     0     0 4975.26233    0    3          - 4975.26233      -     -    0s
     0     0 5059.95717    0    4          - 5059.95717      -     -    0s
H    0     0                    5059.9571721 5059.95717  0.00%     -    0s
*    0     0               0    5059.9571721 5059.95717  0.00%     -    0s

Cutting planes:
  Gomory: 1
  Implied bound: 7
  Clique: 5
  MIR: 1
  Flow cover: 3
  RLT: 2
  Relax-and-lift: 4

Explored 1 nodes (435 simplex iterations) in 0.53 seconds (0.12 work units)
Thread count was 8 (of 8 available processors)

Solution count 1: 5059.96 

Optimal solution found (tolerance 1.00e-04)
Best objective 5.059957172138e+03, best bound 5.059957172138e+03, gap 0.0000%

User-callback calls 942, time in user-callback 0.00 sec
Set parameter Username
Set parameter LicenseID to value 2813843
Academic license - for non-commercial use only - expires 2027-04-27
Gurobi Optimizer version 12.0.3 build v12.0.3rc0 (win64 - Windows 11+.0 (26200.2))

CPU model: 11th Gen Intel(R) Core(TM) i7-1165G7 @ 2.80GHz, instruction set [SSE2|AVX|AVX2|AVX512]
Thread count: 4 physical cores, 8 logical processors, using up to 8 threads

Optimize a model with 3408 rows, 1962 columns and 8328 nonzeros
Model fingerprint: 0xe612e908
Model has 27 quadratic objective terms
Model has 72 quadratic constraints
Variable types: 1842 continuous, 120 integer (120 binary)
Coefficient statistics:
  Matrix range     [9e-09, 2e+01]
  QMatrix range    [1e+00, 5e+02]
  Objective range  [0e+00, 0e+00]
  QObjective range [1e+01, 6e+01]
  Bounds range     [1e+00, 2e+01]
  RHS range        [7e-01, 2e+01]

User MIP start did not produce a new incumbent solution
User MIP start violates constraint R122 by 4.345047923

Presolve removed 2858 rows and 1634 columns
Presolve time: 0.43s
Presolved: 550 rows, 328 columns, 1740 nonzeros
Presolved model has 24 quadratic constraint(s)
Variable types: 303 continuous, 25 integer (25 binary)

Root relaxation: objective 5.184349e+03, 180 iterations, 0.01 seconds (0.00 work units)
Another try with MIP start

    Nodes    |    Current Node    |     Objective Bounds      |     Work
 Expl Unexpl |  Obj  Depth IntInf | Incumbent    BestBd   Gap | It/Node Time

     0     0 5184.34896    0    6          - 5184.34896      -     -    0s
     0     0 5207.03263    0    3          - 5207.03263      -     -    0s
     0     0 5208.92125    0    3          - 5208.92125      -     -    0s
     0     0 5289.57010    0    4          - 5289.57010      -     -    0s
H    0     0                    5289.5700954 5289.57010  0.00%     -    0s
*    0     0               0    5289.5700954 5289.57010  0.00%     -    0s

Cutting planes:
  Gomory: 1
  Implied bound: 7
  Clique: 5
  MIR: 1
  Flow cover: 3
  RLT: 2
  Relax-and-lift: 4

Explored 1 nodes (435 simplex iterations) in 0.55 seconds (0.11 work units)
Thread count was 8 (of 8 available processors)

Solution count 1: 5289.57 

Optimal solution found (tolerance 1.00e-04)
Best objective 5.289570095421e+03, best bound 5.289570095421e+03, gap 0.0000%

User-callback calls 941, time in user-callback 0.00 sec
┌ DiffOpt.NonLinearProgram | Info ] : Inertia correction needed. 
│             Attempting correction by adding diagonal matrix with positive values for the Jacobian of the stationary equations
└             and negative values for the Jacobian of the constraints.
┌ DiffOpt.NonLinearProgram | Info ] : Inertia correction needed. 
│             Attempting correction by adding diagonal matrix with positive values for the Jacobian of the stationary equations
└             and negative values for the Jacobian of the constraints.
┌ DiffOpt.NonLinearProgram | Info ] : Inertia correction needed. 
│             Attempting correction by adding diagonal matrix with positive values for the Jacobian of the stationary equations
└             and negative values for the Jacobian of the constraints.
┌ DiffOpt.NonLinearProgram | Info ] : Inertia correction needed. 
│             Attempting correction by adding diagonal matrix with positive values for the Jacobian of the stationary equations
└             and negative values for the Jacobian of the constraints.
┌ DiffOpt.NonLinearProgram | Info ] : Inertia correction needed. 
│             Attempting correction by adding diagonal matrix with positive values for the Jacobian of the stationary equations
└             and negative values for the Jacobian of the constraints.
┌ DiffOpt.NonLinearProgram | Info ] : Inertia correction needed. 
│             Attempting correction by adding diagonal matrix with positive values for the Jacobian of the stationary equations
└             and negative values for the Jacobian of the constraints.
┌ DiffOpt.NonLinearProgram | Info ] : Inertia correction needed. 
│             Attempting correction by adding diagonal matrix with positive values for the Jacobian of the stationary equations
└             and negative values for the Jacobian of the constraints.
┌ DiffOpt.NonLinearProgram | Info ] : Inertia correction needed. 
│             Attempting correction by adding diagonal matrix with positive values for the Jacobian of the stationary equations
└             and negative values for the Jacobian of the constraints.
┌ DiffOpt.NonLinearProgram | Info ] : Inertia correction needed. 
│             Attempting correction by adding diagonal matrix with positive values for the Jacobian of the stationary equations
└             and negative values for the Jacobian of the constraints.
┌ DiffOpt.NonLinearProgram | Info ] : Inertia correction needed. 
│             Attempting correction by adding diagonal matrix with positive values for the Jacobian of the stationary equations
└             and negative values for the Jacobian of the constraints.
┌ DiffOpt.NonLinearProgram | Info ] : Inertia correction needed. 
│             Attempting correction by adding diagonal matrix with positive values for the Jacobian of the stationary equations
└             and negative values for the Jacobian of the constraints.
┌ DiffOpt.NonLinearProgram | Info ] : Inertia correction needed. 
│             Attempting correction by adding diagonal matrix with positive values for the Jacobian of the stationary equations
└             and negative values for the Jacobian of the constraints.
┌ DiffOpt.NonLinearProgram | Info ] : Inertia correction needed. 
│             Attempting correction by adding diagonal matrix with positive values for the Jacobian of the stationary equations
└             and negative values for the Jacobian of the constraints.
┌ DiffOpt.NonLinearProgram | Info ] : Inertia correction needed. 
│             Attempting correction by adding diagonal matrix with positive values for the Jacobian of the stationary equations
└             and negative values for the Jacobian of the constraints.
┌ DiffOpt.NonLinearProgram | Info ] : Inertia correction needed. 
│             Attempting correction by adding diagonal matrix with positive values for the Jacobian of the stationary equations
└             and negative values for the Jacobian of the constraints.
┌ DiffOpt.NonLinearProgram | Info ] : Inertia correction needed. 
│             Attempting correction by adding diagonal matrix with positive values for the Jacobian of the stationary equations
└             and negative values for the Jacobian of the constraints.
┌ DiffOpt.NonLinearProgram | Info ] : Inertia correction needed. 
│             Attempting correction by adding diagonal matrix with positive values for the Jacobian of the stationary equations
└             and negative values for the Jacobian of the constraints.
┌ DiffOpt.NonLinearProgram | Info ] : Inertia correction needed. 
│             Attempting correction by adding diagonal matrix with positive values for the Jacobian of the stationary equations
└             and negative values for the Jacobian of the constraints.
┌ DiffOpt.NonLinearProgram | Info ] : Inertia correction needed. 
│             Attempting correction by adding diagonal matrix with positive values for the Jacobian of the stationary equations
└             and negative values for the Jacobian of the constraints.
[ Main | Info ] : [min_max/absolute] iter 13 upper-level status = LOCALLY_SOLVED
[ Main | Info ] : [min_max/absolute] iter 13 timings: int=0.9s lower=11.9s (primal=2.3s jac=9.5s) upper=0.1s total=12.9s
[ Main | Info ] : [min_max/absolute] iter 14 integer MLD status = OPTIMAL (t=1.1s)
[ FairLoadDelivery | Info ] : Iteration 14: Solving multiperiod lower-level MLD with 27 per-period weights
┌ DiffOpt.NonLinearProgram | Info ] : Inertia correction needed. 
│             Attempting correction by adding diagonal matrix with positive values for the Jacobian of the stationary equations
└             and negative values for the Jacobian of the constraints.
┌ DiffOpt.NonLinearProgram | Info ] : Inertia correction needed. 
│             Attempting correction by adding diagonal matrix with positive values for the Jacobian of the stationary equations
└             and negative values for the Jacobian of the constraints.
┌ DiffOpt.NonLinearProgram | Info ] : Inertia correction needed. 
│             Attempting correction by adding diagonal matrix with positive values for the Jacobian of the stationary equations
└             and negative values for the Jacobian of the constraints.
┌ DiffOpt.NonLinearProgram | Info ] : Inertia correction needed. 
│             Attempting correction by adding diagonal matrix with positive values for the Jacobian of the stationary equations
└             and negative values for the Jacobian of the constraints.
┌ DiffOpt.NonLinearProgram | Info ] : Inertia correction needed. 
│             Attempting correction by adding diagonal matrix with positive values for the Jacobian of the stationary equations
└             and negative values for the Jacobian of the constraints.
┌ DiffOpt.NonLinearProgram | Info ] : Inertia correction needed. 
│             Attempting correction by adding diagonal matrix with positive values for the Jacobian of the stationary equations
└             and negative values for the Jacobian of the constraints.
┌ DiffOpt.NonLinearProgram | Info ] : Inertia correction needed. 
│             Attempting correction by adding diagonal matrix with positive values for the Jacobian of the stationary equations
└             and negative values for the Jacobian of the constraints.
┌ DiffOpt.NonLinearProgram | Info ] : Inertia correction needed. 
│             Attempting correction by adding diagonal matrix with positive values for the Jacobian of the stationary equations
└             and negative values for the Jacobian of the constraints.
┌ DiffOpt.NonLinearProgram | Info ] : Inertia correction needed. 
│             Attempting correction by adding diagonal matrix with positive values for the Jacobian of the stationary equations
└             and negative values for the Jacobian of the constraints.
┌ DiffOpt.NonLinearProgram | Info ] : Inertia correction needed. 
│             Attempting correction by adding diagonal matrix with positive values for the Jacobian of the stationary equations
└             and negative values for the Jacobian of the constraints.
┌ DiffOpt.NonLinearProgram | Info ] : Inertia correction needed. 
│             Attempting correction by adding diagonal matrix with positive values for the Jacobian of the stationary equations
└             and negative values for the Jacobian of the constraints.
┌ DiffOpt.NonLinearProgram | Info ] : Inertia correction needed. 
│             Attempting correction by adding diagonal matrix with positive values for the Jacobian of the stationary equations
└             and negative values for the Jacobian of the constraints.
┌ DiffOpt.NonLinearProgram | Info ] : Inertia correction needed. 
│             Attempting correction by adding diagonal matrix with positive values for the Jacobian of the stationary equations
└             and negative values for the Jacobian of the constraints.
┌ DiffOpt.NonLinearProgram | Info ] : Inertia correction needed. 
│             Attempting correction by adding diagonal matrix with positive values for the Jacobian of the stationary equations
└             and negative values for the Jacobian of the constraints.
┌ DiffOpt.NonLinearProgram | Info ] : Inertia correction needed. 
│             Attempting correction by adding diagonal matrix with positive values for the Jacobian of the stationary equations
└             and negative values for the Jacobian of the constraints.
┌ DiffOpt.NonLinearProgram | Info ] : Inertia correction needed. 
│             Attempting correction by adding diagonal matrix with positive values for the Jacobian of the stationary equations
└             and negative values for the Jacobian of the constraints.
┌ DiffOpt.NonLinearProgram | Info ] : Inertia correction needed. 
│             Attempting correction by adding diagonal matrix with positive values for the Jacobian of the stationary equations
└             and negative values for the Jacobian of the constraints.
┌ DiffOpt.NonLinearProgram | Info ] : Inertia correction needed. 
│             Attempting correction by adding diagonal matrix with positive values for the Jacobian of the stationary equations
└             and negative values for the Jacobian of the constraints.
┌ DiffOpt.NonLinearProgram | Info ] : Inertia correction needed. 
│             Attempting correction by adding diagonal matrix with positive values for the Jacobian of the stationary equations
└             and negative values for the Jacobian of the constraints.
┌ DiffOpt.NonLinearProgram | Info ] : Inertia correction needed. 
│             Attempting correction by adding diagonal matrix with positive values for the Jacobian of the stationary equations
└             and negative values for the Jacobian of the constraints.
┌ DiffOpt.NonLinearProgram | Info ] : Inertia correction needed. 
│             Attempting correction by adding diagonal matrix with positive values for the Jacobian of the stationary equations
└             and negative values for the Jacobian of the constraints.
┌ DiffOpt.NonLinearProgram | Info ] : Inertia correction needed. 
│             Attempting correction by adding diagonal matrix with positive values for the Jacobian of the stationary equations
└             and negative values for the Jacobian of the constraints.
┌ DiffOpt.NonLinearProgram | Info ] : Inertia correction needed. 
│             Attempting correction by adding diagonal matrix with positive values for the Jacobian of the stationary equations
└             and negative values for the Jacobian of the constraints.
┌ DiffOpt.NonLinearProgram | Info ] : Inertia correction needed. 
│             Attempting correction by adding diagonal matrix with positive values for the Jacobian of the stationary equations
└             and negative values for the Jacobian of the constraints.
┌ DiffOpt.NonLinearProgram | Info ] : Inertia correction needed. 
│             Attempting correction by adding diagonal matrix with positive values for the Jacobian of the stationary equations
└             and negative values for the Jacobian of the constraints.
┌ DiffOpt.NonLinearProgram | Info ] : Inertia correction needed. 
│             Attempting correction by adding diagonal matrix with positive values for the Jacobian of the stationary equations
└             and negative values for the Jacobian of the constraints.
┌ DiffOpt.NonLinearProgram | Info ] : Inertia correction needed. 
│             Attempting correction by adding diagonal matrix with positive values for the Jacobian of the stationary equations
└             and negative values for the Jacobian of the constraints.
[ Main | Info ] : [min_max/absolute] iter 14 upper-level status = LOCALLY_SOLVED
[ Main | Info ] : [min_max/absolute] iter 14 timings: int=1.1s lower=11.2s (primal=2.3s jac=8.8s) upper=0.1s total=12.3s
[ Main | Info ] : [min_max/absolute] iter 15 integer MLD status = OPTIMAL (t=0.7s)
[ FairLoadDelivery | Info ] : Iteration 15: Solving multiperiod lower-level MLD with 27 per-period weights
┌ DiffOpt.NonLinearProgram | Info ] : Inertia correction needed. 
│             Attempting correction by adding diagonal matrix with positive values for the Jacobian of the stationary equations
└             and negative values for the Jacobian of the constraints.
┌ DiffOpt.NonLinearProgram | Info ] : Inertia correction needed. 
│             Attempting correction by adding diagonal matrix with positive values for the Jacobian of the stationary equations
└             and negative values for the Jacobian of the constraints.
┌ DiffOpt.NonLinearProgram | Info ] : Inertia correction needed. 
│             Attempting correction by adding diagonal matrix with positive values for the Jacobian of the stationary equations
└             and negative values for the Jacobian of the constraints.
┌ DiffOpt.NonLinearProgram | Info ] : Inertia correction needed. 
│             Attempting correction by adding diagonal matrix with positive values for the Jacobian of the stationary equations
└             and negative values for the Jacobian of the constraints.
┌ DiffOpt.NonLinearProgram | Info ] : Inertia correction needed. 
│             Attempting correction by adding diagonal matrix with positive values for the Jacobian of the stationary equations
└             and negative values for the Jacobian of the constraints.
┌ DiffOpt.NonLinearProgram | Info ] : Inertia correction needed. 
│             Attempting correction by adding diagonal matrix with positive values for the Jacobian of the stationary equations
└             and negative values for the Jacobian of the constraints.
┌ DiffOpt.NonLinearProgram | Info ] : Inertia correction needed. 
│             Attempting correction by adding diagonal matrix with positive values for the Jacobian of the stationary equations
└             and negative values for the Jacobian of the constraints.
┌ DiffOpt.NonLinearProgram | Info ] : Inertia correction needed. 
│             Attempting correction by adding diagonal matrix with positive values for the Jacobian of the stationary equations
└             and negative values for the Jacobian of the constraints.
┌ DiffOpt.NonLinearProgram | Info ] : Inertia correction needed. 
│             Attempting correction by adding diagonal matrix with positive values for the Jacobian of the stationary equations
└             and negative values for the Jacobian of the constraints.
┌ DiffOpt.NonLinearProgram | Info ] : Inertia correction needed. 
│             Attempting correction by adding diagonal matrix with positive values for the Jacobian of the stationary equations
└             and negative values for the Jacobian of the constraints.
┌ DiffOpt.NonLinearProgram | Info ] : Inertia correction needed. 
│             Attempting correction by adding diagonal matrix with positive values for the Jacobian of the stationary equations
└             and negative values for the Jacobian of the constraints.
┌ DiffOpt.NonLinearProgram | Info ] : Inertia correction needed. 
│             Attempting correction by adding diagonal matrix with positive values for the Jacobian of the stationary equations
└             and negative values for the Jacobian of the constraints.
┌ DiffOpt.NonLinearProgram | Info ] : Inertia correction needed. 
│             Attempting correction by adding diagonal matrix with positive values for the Jacobian of the stationary equations
└             and negative values for the Jacobian of the constraints.
┌ DiffOpt.NonLinearProgram | Info ] : Inertia correction needed. 
│             Attempting correction by adding diagonal matrix with positive values for the Jacobian of the stationary equations
└             and negative values for the Jacobian of the constraints.
┌ DiffOpt.NonLinearProgram | Info ] : Inertia correction needed. 
│             Attempting correction by adding diagonal matrix with positive values for the Jacobian of the stationary equations
└             and negative values for the Jacobian of the constraints.
┌ DiffOpt.NonLinearProgram | Info ] : Inertia correction needed. 
│             Attempting correction by adding diagonal matrix with positive values for the Jacobian of the stationary equations
└             and negative values for the Jacobian of the constraints.
┌ DiffOpt.NonLinearProgram | Info ] : Inertia correction needed. 
│             Attempting correction by adding diagonal matrix with positive values for the Jacobian of the stationary equations
└             and negative values for the Jacobian of the constraints.
┌ DiffOpt.NonLinearProgram | Info ] : Inertia correction needed. 
│             Attempting correction by adding diagonal matrix with positive values for the Jacobian of the stationary equations
└             and negative values for the Jacobian of the constraints.
┌ DiffOpt.NonLinearProgram | Info ] : Inertia correction needed. 
│             Attempting correction by adding diagonal matrix with positive values for the Jacobian of the stationary equations
└             and negative values for the Jacobian of the constraints.
┌ DiffOpt.NonLinearProgram | Info ] : Inertia correction needed. 
│             Attempting correction by adding diagonal matrix with positive values for the Jacobian of the stationary equations
└             and negative values for the Jacobian of the constraints.
┌ DiffOpt.NonLinearProgram | Info ] : Inertia correction needed. 
│             Attempting correction by adding diagonal matrix with positive values for the Jacobian of the stationary equations
└             and negative values for the Jacobian of the constraints.
┌ DiffOpt.NonLinearProgram | Info ] : Inertia correction needed. 
│             Attempting correction by adding diagonal matrix with positive values for the Jacobian of the stationary equations
└             and negative values for the Jacobian of the constraints.
┌ DiffOpt.NonLinearProgram | Info ] : Inertia correction needed. 
│             Attempting correction by adding diagonal matrix with positive values for the Jacobian of the stationary equations
└             and negative values for the Jacobian of the constraints.
┌ DiffOpt.NonLinearProgram | Info ] : Inertia correction needed. 
│             Attempting correction by adding diagonal matrix with positive values for the Jacobian of the stationary equations
└             and negative values for the Jacobian of the constraints.
┌ DiffOpt.NonLinearProgram | Info ] : Inertia correction needed. 
│             Attempting correction by adding diagonal matrix with positive values for the Jacobian of the stationary equations
└             and negative values for the Jacobian of the constraints.
┌ DiffOpt.NonLinearProgram | Info ] : Inertia correction needed. 
│             Attempting correction by adding diagonal matrix with positive values for the Jacobian of the stationary equations
└             and negative values for the Jacobian of the constraints.
┌ DiffOpt.NonLinearProgram | Info ] : Inertia correction needed. 
│             Attempting correction by adding diagonal matrix with positive values for the Jacobian of the stationary equations
└             and negative values for the Jacobian of the constraints.
[ Main | Info ] : [min_max/absolute] iter 15 upper-level status = LOCALLY_SOLVED
[ Main | Info ] : [min_max/absolute] iter 15 timings: int=0.7s lower=16.1s (primal=3.0s jac=13.0s) upper=0.1s total=16.9s
[ Main | Info ] : [min_max/absolute] iter 16 integer MLD status = OPTIMAL (t=0.7s)
[ FairLoadDelivery | Info ] : Iteration 16: Solving multiperiod lower-level MLD with 27 per-period weights
┌ DiffOpt.NonLinearProgram | Info ] : Inertia correction needed. 
│             Attempting correction by adding diagonal matrix with positive values for the Jacobian of the stationary equations
└             and negative values for the Jacobian of the constraints.
┌ DiffOpt.NonLinearProgram | Info ] : Inertia correction needed. 
│             Attempting correction by adding diagonal matrix with positive values for the Jacobian of the stationary equations
└             and negative values for the Jacobian of the constraints.
┌ DiffOpt.NonLinearProgram | Info ] : Inertia correction needed. 
│             Attempting correction by adding diagonal matrix with positive values for the Jacobian of the stationary equations
└             and negative values for the Jacobian of the constraints.
┌ DiffOpt.NonLinearProgram | Info ] : Inertia correction needed. 
│             Attempting correction by adding diagonal matrix with positive values for the Jacobian of the stationary equations
└             and negative values for the Jacobian of the constraints.
┌ DiffOpt.NonLinearProgram | Info ] : Inertia correction needed. 
│             Attempting correction by adding diagonal matrix with positive values for the Jacobian of the stationary equations
└             and negative values for the Jacobian of the constraints.
┌ DiffOpt.NonLinearProgram | Info ] : Inertia correction needed. 
│             Attempting correction by adding diagonal matrix with positive values for the Jacobian of the stationary equations
└             and negative values for the Jacobian of the constraints.
┌ DiffOpt.NonLinearProgram | Info ] : Inertia correction needed. 
│             Attempting correction by adding diagonal matrix with positive values for the Jacobian of the stationary equations
└             and negative values for the Jacobian of the constraints.
┌ DiffOpt.NonLinearProgram | Info ] : Inertia correction needed. 
│             Attempting correction by adding diagonal matrix with positive values for the Jacobian of the stationary equations
└             and negative values for the Jacobian of the constraints.
┌ DiffOpt.NonLinearProgram | Info ] : Inertia correction needed. 
│             Attempting correction by adding diagonal matrix with positive values for the Jacobian of the stationary equations
└             and negative values for the Jacobian of the constraints.
┌ DiffOpt.NonLinearProgram | Info ] : Inertia correction needed. 
│             Attempting correction by adding diagonal matrix with positive values for the Jacobian of the stationary equations
└             and negative values for the Jacobian of the constraints.
┌ DiffOpt.NonLinearProgram | Info ] : Inertia correction needed. 
│             Attempting correction by adding diagonal matrix with positive values for the Jacobian of the stationary equations
└             and negative values for the Jacobian of the constraints.
┌ DiffOpt.NonLinearProgram | Info ] : Inertia correction needed. 
│             Attempting correction by adding diagonal matrix with positive values for the Jacobian of the stationary equations
└             and negative values for the Jacobian of the constraints.
┌ DiffOpt.NonLinearProgram | Info ] : Inertia correction needed. 
│             Attempting correction by adding diagonal matrix with positive values for the Jacobian of the stationary equations
└             and negative values for the Jacobian of the constraints.
┌ DiffOpt.NonLinearProgram | Info ] : Inertia correction needed. 
│             Attempting correction by adding diagonal matrix with positive values for the Jacobian of the stationary equations
└             and negative values for the Jacobian of the constraints.
┌ DiffOpt.NonLinearProgram | Info ] : Inertia correction needed. 
│             Attempting correction by adding diagonal matrix with positive values for the Jacobian of the stationary equations
└             and negative values for the Jacobian of the constraints.
┌ DiffOpt.NonLinearProgram | Info ] : Inertia correction needed. 
│             Attempting correction by adding diagonal matrix with positive values for the Jacobian of the stationary equations
└             and negative values for the Jacobian of the constraints.
┌ DiffOpt.NonLinearProgram | Info ] : Inertia correction needed. 
│             Attempting correction by adding diagonal matrix with positive values for the Jacobian of the stationary equations
└             and negative values for the Jacobian of the constraints.
┌ DiffOpt.NonLinearProgram | Info ] : Inertia correction needed. 
│             Attempting correction by adding diagonal matrix with positive values for the Jacobian of the stationary equations
└             and negative values for the Jacobian of the constraints.
┌ DiffOpt.NonLinearProgram | Info ] : Inertia correction needed. 
│             Attempting correction by adding diagonal matrix with positive values for the Jacobian of the stationary equations
└             and negative values for the Jacobian of the constraints.
┌ DiffOpt.NonLinearProgram | Info ] : Inertia correction needed. 
│             Attempting correction by adding diagonal matrix with positive values for the Jacobian of the stationary equations
└             and negative values for the Jacobian of the constraints.
┌ DiffOpt.NonLinearProgram | Info ] : Inertia correction needed. 
│             Attempting correction by adding diagonal matrix with positive values for the Jacobian of the stationary equations
└             and negative values for the Jacobian of the constraints.
┌ DiffOpt.NonLinearProgram | Info ] : Inertia correction needed. 
│             Attempting correction by adding diagonal matrix with positive values for the Jacobian of the stationary equations
└             and negative values for the Jacobian of the constraints.
┌ DiffOpt.NonLinearProgram | Info ] : Inertia correction needed. 
│             Attempting correction by adding diagonal matrix with positive values for the Jacobian of the stationary equations
└             and negative values for the Jacobian of the constraints.
┌ DiffOpt.NonLinearProgram | Info ] : Inertia correction needed. 
│             Attempting correction by adding diagonal matrix with positive values for the Jacobian of the stationary equations
└             and negative values for the Jacobian of the constraints.
┌ DiffOpt.NonLinearProgram | Info ] : Inertia correction needed. 
│             Attempting correction by adding diagonal matrix with positive values for the Jacobian of the stationary equations
└             and negative values for the Jacobian of the constraints.
┌ DiffOpt.NonLinearProgram | Info ] : Inertia correction needed. 
│             Attempting correction by adding diagonal matrix with positive values for the Jacobian of the stationary equations
└             and negative values for the Jacobian of the constraints.
┌ DiffOpt.NonLinearProgram | Info ] : Inertia correction needed. 
│             Attempting correction by adding diagonal matrix with positive values for the Jacobian of the stationary equations
└             and negative values for the Jacobian of the constraints.
[ Main | Info ] : [min_max/absolute] iter 16 upper-level status = LOCALLY_SOLVED
[ Main | Info ] : [min_max/absolute] iter 16 timings: int=0.7s lower=9.9s (primal=2.2s jac=7.6s) upper=0.1s total=10.7s
[ Main | Info ] : [min_max/absolute] iter 17 integer MLD status = OPTIMAL (t=0.7s)
[ FairLoadDelivery | Info ] : Iteration 17: Solving multiperiod lower-level MLD with 27 per-period weights
┌ DiffOpt.NonLinearProgram | Info ] : Inertia correction needed. 
│             Attempting correction by adding diagonal matrix with positive values for the Jacobian of the stationary equations
└             and negative values for the Jacobian of the constraints.
┌ DiffOpt.NonLinearProgram | Info ] : Inertia correction needed. 
│             Attempting correction by adding diagonal matrix with positive values for the Jacobian of the stationary equations
└             and negative values for the Jacobian of the constraints.
┌ DiffOpt.NonLinearProgram | Info ] : Inertia correction needed. 
│             Attempting correction by adding diagonal matrix with positive values for the Jacobian of the stationary equations
└             and negative values for the Jacobian of the constraints.
┌ DiffOpt.NonLinearProgram | Info ] : Inertia correction needed. 
│             Attempting correction by adding diagonal matrix with positive values for the Jacobian of the stationary equations
└             and negative values for the Jacobian of the constraints.
┌ DiffOpt.NonLinearProgram | Info ] : Inertia correction needed. 
│             Attempting correction by adding diagonal matrix with positive values for the Jacobian of the stationary equations
└             and negative values for the Jacobian of the constraints.
┌ DiffOpt.NonLinearProgram | Info ] : Inertia correction needed. 
│             Attempting correction by adding diagonal matrix with positive values for the Jacobian of the stationary equations
└             and negative values for the Jacobian of the constraints.
┌ DiffOpt.NonLinearProgram | Info ] : Inertia correction needed. 
│             Attempting correction by adding diagonal matrix with positive values for the Jacobian of the stationary equations
└             and negative values for the Jacobian of the constraints.
┌ DiffOpt.NonLinearProgram | Info ] : Inertia correction needed. 
│             Attempting correction by adding diagonal matrix with positive values for the Jacobian of the stationary equations
└             and negative values for the Jacobian of the constraints.
┌ DiffOpt.NonLinearProgram | Info ] : Inertia correction needed. 
│             Attempting correction by adding diagonal matrix with positive values for the Jacobian of the stationary equations
└             and negative values for the Jacobian of the constraints.
┌ DiffOpt.NonLinearProgram | Info ] : Inertia correction needed. 
│             Attempting correction by adding diagonal matrix with positive values for the Jacobian of the stationary equations
└             and negative values for the Jacobian of the constraints.
┌ DiffOpt.NonLinearProgram | Info ] : Inertia correction needed. 
│             Attempting correction by adding diagonal matrix with positive values for the Jacobian of the stationary equations
└             and negative values for the Jacobian of the constraints.
┌ DiffOpt.NonLinearProgram | Info ] : Inertia correction needed. 
│             Attempting correction by adding diagonal matrix with positive values for the Jacobian of the stationary equations
└             and negative values for the Jacobian of the constraints.
┌ DiffOpt.NonLinearProgram | Info ] : Inertia correction needed. 
│             Attempting correction by adding diagonal matrix with positive values for the Jacobian of the stationary equations
└             and negative values for the Jacobian of the constraints.
┌ DiffOpt.NonLinearProgram | Info ] : Inertia correction needed. 
│             Attempting correction by adding diagonal matrix with positive values for the Jacobian of the stationary equations
└             and negative values for the Jacobian of the constraints.
┌ DiffOpt.NonLinearProgram | Info ] : Inertia correction needed. 
│             Attempting correction by adding diagonal matrix with positive values for the Jacobian of the stationary equations
└             and negative values for the Jacobian of the constraints.
Set parameter Username
Set parameter LicenseID to value 2813843
Academic license - for non-commercial use only - expires 2027-04-27
Gurobi Optimizer version 12.0.3 build v12.0.3rc0 (win64 - Windows 11+.0 (26200.2))

CPU model: 11th Gen Intel(R) Core(TM) i7-1165G7 @ 2.80GHz, instruction set [SSE2|AVX|AVX2|AVX512]
Thread count: 4 physical cores, 8 logical processors, using up to 8 threads

Optimize a model with 3408 rows, 1962 columns and 8328 nonzeros
Model fingerprint: 0xc21291af
Model has 27 quadratic objective terms
Model has 72 quadratic constraints
Variable types: 1842 continuous, 120 integer (120 binary)
Coefficient statistics:
  Matrix range     [9e-09, 2e+01]
  QMatrix range    [1e+00, 5e+02]
  Objective range  [0e+00, 0e+00]
  QObjective range [1e+01, 6e+01]
  Bounds range     [1e+00, 2e+01]
  RHS range        [7e-01, 2e+01]

User MIP start did not produce a new incumbent solution
User MIP start violates constraint R122 by 4.345047923

Presolve removed 2858 rows and 1634 columns
Presolve time: 0.44s
Presolved: 550 rows, 328 columns, 1740 nonzeros
Presolved model has 24 quadratic constraint(s)
Variable types: 303 continuous, 25 integer (25 binary)

Root relaxation: objective 5.456198e+03, 180 iterations, 0.00 seconds (0.00 work units)
Another try with MIP start

    Nodes    |    Current Node    |     Objective Bounds      |     Work
 Expl Unexpl |  Obj  Depth IntInf | Incumbent    BestBd   Gap | It/Node Time

     0     0 5456.19793    0    6          - 5456.19793      -     -    0s
     0     0 5482.77499    0    3          - 5482.77499      -     -    0s
     0     0 5484.98776    0    3          - 5484.98776      -     -    0s
     0     0 5579.47588    0    4          - 5579.47588      -     -    0s
H    0     0                    5579.4758770 5579.47588  0.00%     -    0s
*    0     0               0    5579.4758770 5579.47588  0.00%     -    0s

Cutting planes:
  Gomory: 1
  Implied bound: 7
  Clique: 5
  MIR: 1
  Flow cover: 3
  RLT: 2
  Relax-and-lift: 4

Explored 1 nodes (435 simplex iterations) in 0.51 seconds (0.14 work units)
Thread count was 8 (of 8 available processors)

Solution count 1: 5579.48 

Optimal solution found (tolerance 1.00e-04)
Best objective 5.579475877025e+03, best bound 5.579475877025e+03, gap 0.0000%

User-callback calls 937, time in user-callback 0.00 sec
Set parameter Username
Set parameter LicenseID to value 2813843
Academic license - for non-commercial use only - expires 2027-04-27
Gurobi Optimizer version 12.0.3 build v12.0.3rc0 (win64 - Windows 11+.0 (26200.2))

CPU model: 11th Gen Intel(R) Core(TM) i7-1165G7 @ 2.80GHz, instruction set [SSE2|AVX|AVX2|AVX512]
Thread count: 4 physical cores, 8 logical processors, using up to 8 threads

Optimize a model with 3408 rows, 1962 columns and 8328 nonzeros
Model fingerprint: 0x9104ce25
Model has 27 quadratic objective terms
Model has 72 quadratic constraints
Variable types: 1842 continuous, 120 integer (120 binary)
Coefficient statistics:
  Matrix range     [9e-09, 2e+01]
  QMatrix range    [1e+00, 5e+02]
  Objective range  [0e+00, 0e+00]
  QObjective range [1e+01, 6e+01]
  Bounds range     [1e+00, 2e+01]
  RHS range        [7e-01, 2e+01]

User MIP start did not produce a new incumbent solution
User MIP start violates constraint R122 by 4.345047923

Presolve removed 2858 rows and 1634 columns
Presolve time: 0.41s
Presolved: 550 rows, 328 columns, 1740 nonzeros
Presolved model has 24 quadratic constraint(s)
Variable types: 303 continuous, 25 integer (25 binary)

Root relaxation: objective 5.721331e+03, 180 iterations, 0.00 seconds (0.00 work units)
Another try with MIP start

    Nodes    |    Current Node    |     Objective Bounds      |     Work
 Expl Unexpl |  Obj  Depth IntInf | Incumbent    BestBd   Gap | It/Node Time

     0     0 5721.33095    0    6          - 5721.33095      -     -    0s
     0     0 5750.93499    0    3          - 5750.93499      -     -    0s
     0     0 5753.39979    0    3          - 5753.39979      -     -    0s
     0     0 5858.64812    0    4          - 5858.64812      -     -    0s
H    0     0                    5858.6481209 5858.64812  0.00%     -    0s
*    0     0               0    5858.6481209 5858.64812  0.00%     -    0s

Cutting planes:
  Gomory: 1
  Implied bound: 7
  Clique: 5
  MIR: 1
  Flow cover: 3
  RLT: 2
  Relax-and-lift: 4

Explored 1 nodes (435 simplex iterations) in 0.54 seconds (0.11 work units)
Thread count was 8 (of 8 available processors)

Solution count 1: 5858.65 

Optimal solution found (tolerance 1.00e-04)
Best objective 5.858648120938e+03, best bound 5.858648120938e+03, gap 0.0000%

User-callback calls 942, time in user-callback 0.00 sec
Set parameter Username
Set parameter LicenseID to value 2813843
Academic license - for non-commercial use only - expires 2027-04-27
Gurobi Optimizer version 12.0.3 build v12.0.3rc0 (win64 - Windows 11+.0 (26200.2))

CPU model: 11th Gen Intel(R) Core(TM) i7-1165G7 @ 2.80GHz, instruction set [SSE2|AVX|AVX2|AVX512]
Thread count: 4 physical cores, 8 logical processors, using up to 8 threads

Optimize a model with 3408 rows, 1962 columns and 8328 nonzeros
Model fingerprint: 0x34032792
Model has 27 quadratic objective terms
Model has 72 quadratic constraints
Variable types: 1842 continuous, 120 integer (120 binary)
Coefficient statistics:
  Matrix range     [9e-09, 2e+01]
  QMatrix range    [1e+00, 5e+02]
  Objective range  [0e+00, 0e+00]
  QObjective range [1e+01, 6e+01]
  Bounds range     [1e+00, 2e+01]
  RHS range        [7e-01, 2e+01]

User MIP start did not produce a new incumbent solution
User MIP start violates constraint R122 by 4.345047923

Presolve removed 2858 rows and 1634 columns
Presolve time: 0.65s
Presolved: 550 rows, 328 columns, 1740 nonzeros
Presolved model has 24 quadratic constraint(s)
Variable types: 303 continuous, 25 integer (25 binary)

Root relaxation: objective 5.740015e+03, 180 iterations, 0.00 seconds (0.00 work units)
Another try with MIP start

    Nodes    |    Current Node    |     Objective Bounds      |     Work
 Expl Unexpl |  Obj  Depth IntInf | Incumbent    BestBd   Gap | It/Node Time

     0     0 5740.01527    0    6          - 5740.01527      -     -    0s
     0     0 5771.97373    0    3          - 5771.97373      -     -    0s
     0     0 5774.63476    0    3          - 5774.63476      -     -    0s
     0     0 5888.25946    0    4          - 5888.25946      -     -    0s
H    0     0                    5888.2594553 5888.25946  0.00%     -    0s
*    0     0               0    5888.2594553 5888.25946  0.00%     -    0s

Cutting planes:
  Gomory: 1
  Implied bound: 7
  Clique: 5
  MIR: 1
  Flow cover: 3
  RLT: 2
  Relax-and-lift: 4

Explored 1 nodes (435 simplex iterations) in 0.77 seconds (0.12 work units)
Thread count was 8 (of 8 available processors)

Solution count 1: 5888.26 

Optimal solution found (tolerance 1.00e-04)
Best objective 5.888259455332e+03, best bound 5.888259455332e+03, gap 0.0000%

User-callback calls 945, time in user-callback 0.00 sec

======================================================================
  VALIDATION: Step 1: Network + Multinetwork Setup
======================================================================
Load profile assignments for case6_unbalanced_switch_more_meshed_good4integer:
  (name = "l5", bus = 1, n_phases = 1, balanced = true, phases = [(1, -1)])
  (name = "l6", bus = 1, n_phases = 1, balanced = true, phases = [(1, 1)])
  (name = "l7", bus = 1, n_phases = 1, balanced = true, phases = [(1, 0)])
  (name = "l1", bus = 4, n_phases = 1, balanced = true, phases = [(1, -1)])
  (name = "l2", bus = 4, n_phases = 1, balanced = true, phases = [(3, -1)])
  (name = "l3", bus = 4, n_phases = 1, balanced = true, phases = [(2, 0)])
  (name = "l4", bus = 5, n_phases = 1, balanced = true, phases = [(2, 0)])
  (name = "l9", bus = 6, n_phases = 3, balanced = true, phases = [(1, 1), (1, -1), (1, 0)])
  (name = "l8", bus = 7, n_phases = 3, balanced = true, phases = [(2, -1), (2, 0), (2, 1)])

======================================================================
  VALIDATION: Step 2: Bilevel Iterations (min_max, absolute, 20 iters)
======================================================================

  --- Iteration 1 ---
Building multiperiod implicit diff FLDP with 3 periods...
  Building period 0...
  Building period 1...
  Building period 2...
    Σ pshed (lower) = 32.892   Σ pshed (upper) = 32.468

  --- Iteration 2 ---
Building multiperiod implicit diff FLDP with 3 periods...
  Building period 0...
  Building period 1...
  Building period 2...
    Σ pshed (lower) = 32.576   Σ pshed (upper) = 32.576

  --- Iteration 3 ---
Building multiperiod implicit diff FLDP with 3 periods...
  Building period 0...
  Building period 1...
  Building period 2...
    Σ pshed (lower) = 34.399   Σ pshed (upper) = 32.554

  --- Iteration 4 ---
Building multiperiod implicit diff FLDP with 3 periods...
  Building period 0...
  Building period 1...
  Building period 2...
    Σ pshed (lower) = 32.576   Σ pshed (upper) = 32.576

  --- Iteration 5 ---
Building multiperiod implicit diff FLDP with 3 periods...
  Building period 0...
  Building period 1...
  Building period 2...
    Σ pshed (lower) = 35.049   Σ pshed (upper) = 32.554

  --- Iteration 6 ---
Building multiperiod implicit diff FLDP with 3 periods...
  Building period 0...
  Building period 1...
  Building period 2...
    Σ pshed (lower) = 32.576   Σ pshed (upper) = 32.576

  --- Iteration 7 ---
Building multiperiod implicit diff FLDP with 3 periods...
  Building period 0...
  Building period 1...
  Building period 2...
    Σ pshed (lower) = 35.049   Σ pshed (upper) = 32.554

  --- Iteration 8 ---
Building multiperiod implicit diff FLDP with 3 periods...
  Building period 0...
  Building period 1...
  Building period 2...
    Σ pshed (lower) = 32.576   Σ pshed (upper) = 32.576

  --- Iteration 9 ---
Building multiperiod implicit diff FLDP with 3 periods...
  Building period 0...
  Building period 1...
  Building period 2...
    Σ pshed (lower) = 35.049   Σ pshed (upper) = 32.554

  --- Iteration 10 ---
Building multiperiod implicit diff FLDP with 3 periods...
  Building period 0...
  Building period 1...
  Building period 2...
    Σ pshed (lower) = 32.576   Σ pshed (upper) = 32.576

  --- Iteration 11 ---
Building multiperiod implicit diff FLDP with 3 periods...
  Building period 0...
  Building period 1...
  Building period 2...
    Σ pshed (lower) = 35.049   Σ pshed (upper) = 32.554

  --- Iteration 12 ---
Building multiperiod implicit diff FLDP with 3 periods...
  Building period 0...
  Building period 1...
  Building period 2...
    Σ pshed (lower) = 32.576   Σ pshed (upper) = 32.576

  --- Iteration 13 ---
Building multiperiod implicit diff FLDP with 3 periods...
  Building period 0...
  Building period 1...
  Building period 2...
    Σ pshed (lower) = 35.049   Σ pshed (upper) = 32.554

  --- Iteration 14 ---
Building multiperiod implicit diff FLDP with 3 periods...
  Building period 0...
  Building period 1...
  Building period 2...
    Σ pshed (lower) = 32.576   Σ pshed (upper) = 32.576

  --- Iteration 15 ---
Building multiperiod implicit diff FLDP with 3 periods...
  Building period 0...
  Building period 1...
  Building period 2...
    Σ pshed (lower) = 35.049   Σ pshed (upper) = 32.554

  --- Iteration 16 ---
Building multiperiod implicit diff FLDP with 3 periods...
  Building period 0...
  Building period 1...
  Building period 2...
    Σ pshed (lower) = 32.576   Σ pshed (upper) = 32.576

  --- Iteration 17 ---
Building multiperiod implicit diff FLDP with 3 periods...
  Building period 0...
  Building period 1...
  Building period 2...
    Σ pshed (lower) = 35.049   Σ pshed (upper) = 32.554

  --- Iteration 18 ---
Building multiperiod implicit diff FLDP with 3 periods...
  Building period 0...
  Building period 1...
  Building period 2...
    Σ pshed (lower) = 32.576   Σ pshed (upper) = 32.576

  --- Iteration 19 ---
Building multiperiod implicit diff FLDP with 3 periods...
  Building period 0...
  Building period 1...
  Building period 2...
    Σ pshed (lower) = 35.049   Σ pshed (upper) = 32.554

  --- Iteration 20 ---
Building multiperiod implicit diff FLDP with 3 periods...
  Building period 0...
  Building period 1...
  Building period 2...
    Σ pshed (lower) = 32.576   Σ pshed (upper) = 32.576

======================================================================
  VALIDATION: Step 3: Final relaxed multi-period MLD with updated weights
======================================================================
Building multiperiod implicit diff FLDP with 3 periods...
  Building period 0...
  Building period 1...
  Building period 2...
[warn | InfrastructureModels]: Model already contains optimizer, cannot use optimizer specified in `optimize_model!`
┌ DiffOpt.NonLinearProgram | Info ] : Inertia correction needed. 
│             Attempting correction by adding diagonal matrix with positive values for the Jacobian of the stationary equations
└             and negative values for the Jacobian of the constraints.
┌ DiffOpt.NonLinearProgram | Info ] : Inertia correction needed. 
│             Attempting correction by adding diagonal matrix with positive values for the Jacobian of the stationary equations
└             and negative values for the Jacobian of the constraints.
┌ DiffOpt.NonLinearProgram | Info ] : Inertia correction needed. 
│             Attempting correction by adding diagonal matrix with positive values for the Jacobian of the stationary equations
└             and negative values for the Jacobian of the constraints.
┌ DiffOpt.NonLinearProgram | Info ] : Inertia correction needed. 
│             Attempting correction by adding diagonal matrix with positive values for the Jacobian of the stationary equations
└             and negative values for the Jacobian of the constraints.
┌ DiffOpt.NonLinearProgram | Info ] : Inertia correction needed. 
│             Attempting correction by adding diagonal matrix with positive values for the Jacobian of the stationary equations
└             and negative values for the Jacobian of the constraints.
┌ DiffOpt.NonLinearProgram | Info ] : Inertia correction needed. 
│             Attempting correction by adding diagonal matrix with positive values for the Jacobian of the stationary equations
└             and negative values for the Jacobian of the constraints.
┌ DiffOpt.NonLinearProgram | Info ] : Inertia correction needed. 
│             Attempting correction by adding diagonal matrix with positive values for the Jacobian of the stationary equations
└             and negative values for the Jacobian of the constraints.
┌ DiffOpt.NonLinearProgram | Info ] : Inertia correction needed. 
│             Attempting correction by adding diagonal matrix with positive values for the Jacobian of the stationary equations
└             and negative values for the Jacobian of the constraints.
┌ DiffOpt.NonLinearProgram | Info ] : Inertia correction needed. 
│             Attempting correction by adding diagonal matrix with positive values for the Jacobian of the stationary equations
└             and negative values for the Jacobian of the constraints.
┌ DiffOpt.NonLinearProgram | Info ] : Inertia correction needed. 
│             Attempting correction by adding diagonal matrix with positive values for the Jacobian of the stationary equations
└             and negative values for the Jacobian of the constraints.
┌ DiffOpt.NonLinearProgram | Info ] : Inertia correction needed. 
│             Attempting correction by adding diagonal matrix with positive values for the Jacobian of the stationary equations
└             and negative values for the Jacobian of the constraints.
┌ DiffOpt.NonLinearProgram | Info ] : Inertia correction needed. 
│             Attempting correction by adding diagonal matrix with positive values for the Jacobian of the stationary equations
└             and negative values for the Jacobian of the constraints.
[ Main | Info ] : [min_max/absolute] iter 17 upper-level status = LOCALLY_SOLVED
[ Main | Info ] : [min_max/absolute] iter 17 timings: int=0.7s lower=13.2s (primal=4.8s jac=8.3s) upper=0.1s total=14.0s
[ Main | Info ] : [min_max/absolute] iter 18 integer MLD status = OPTIMAL (t=0.7s)
[ FairLoadDelivery | Info ] : Iteration 18: Solving multiperiod lower-level MLD with 27 per-period weights
┌ DiffOpt.NonLinearProgram | Info ] : Inertia correction needed. 
│             Attempting correction by adding diagonal matrix with positive values for the Jacobian of the stationary equations
└             and negative values for the Jacobian of the constraints.
┌ DiffOpt.NonLinearProgram | Info ] : Inertia correction needed. 
│             Attempting correction by adding diagonal matrix with positive values for the Jacobian of the stationary equations
└             and negative values for the Jacobian of the constraints.
┌ DiffOpt.NonLinearProgram | Info ] : Inertia correction needed. 
│             Attempting correction by adding diagonal matrix with positive values for the Jacobian of the stationary equations
└             and negative values for the Jacobian of the constraints.
┌ DiffOpt.NonLinearProgram | Info ] : Inertia correction needed. 
│             Attempting correction by adding diagonal matrix with positive values for the Jacobian of the stationary equations
└             and negative values for the Jacobian of the constraints.
┌ DiffOpt.NonLinearProgram | Info ] : Inertia correction needed. 
│             Attempting correction by adding diagonal matrix with positive values for the Jacobian of the stationary equations
└             and negative values for the Jacobian of the constraints.
┌ DiffOpt.NonLinearProgram | Info ] : Inertia correction needed. 
│             Attempting correction by adding diagonal matrix with positive values for the Jacobian of the stationary equations
└             and negative values for the Jacobian of the constraints.
┌ DiffOpt.NonLinearProgram | Info ] : Inertia correction needed. 
│             Attempting correction by adding diagonal matrix with positive values for the Jacobian of the stationary equations
└             and negative values for the Jacobian of the constraints.
┌ DiffOpt.NonLinearProgram | Info ] : Inertia correction needed. 
│             Attempting correction by adding diagonal matrix with positive values for the Jacobian of the stationary equations
└             and negative values for the Jacobian of the constraints.
┌ DiffOpt.NonLinearProgram | Info ] : Inertia correction needed. 
│             Attempting correction by adding diagonal matrix with positive values for the Jacobian of the stationary equations
└             and negative values for the Jacobian of the constraints.
┌ DiffOpt.NonLinearProgram | Info ] : Inertia correction needed. 
│             Attempting correction by adding diagonal matrix with positive values for the Jacobian of the stationary equations
└             and negative values for the Jacobian of the constraints.
┌ DiffOpt.NonLinearProgram | Info ] : Inertia correction needed. 
│             Attempting correction by adding diagonal matrix with positive values for the Jacobian of the stationary equations
└             and negative values for the Jacobian of the constraints.
┌ DiffOpt.NonLinearProgram | Info ] : Inertia correction needed. 
│             Attempting correction by adding diagonal matrix with positive values for the Jacobian of the stationary equations
└             and negative values for the Jacobian of the constraints.
┌ DiffOpt.NonLinearProgram | Info ] : Inertia correction needed. 
│             Attempting correction by adding diagonal matrix with positive values for the Jacobian of the stationary equations
└             and negative values for the Jacobian of the constraints.
┌ DiffOpt.NonLinearProgram | Info ] : Inertia correction needed. 
│             Attempting correction by adding diagonal matrix with positive values for the Jacobian of the stationary equations
└             and negative values for the Jacobian of the constraints.
┌ DiffOpt.NonLinearProgram | Info ] : Inertia correction needed. 
│             Attempting correction by adding diagonal matrix with positive values for the Jacobian of the stationary equations
└             and negative values for the Jacobian of the constraints.
┌ DiffOpt.NonLinearProgram | Info ] : Inertia correction needed. 
│             Attempting correction by adding diagonal matrix with positive values for the Jacobian of the stationary equations
└             and negative values for the Jacobian of the constraints.
┌ DiffOpt.NonLinearProgram | Info ] : Inertia correction needed. 
│             Attempting correction by adding diagonal matrix with positive values for the Jacobian of the stationary equations
└             and negative values for the Jacobian of the constraints.
┌ DiffOpt.NonLinearProgram | Info ] : Inertia correction needed. 
│             Attempting correction by adding diagonal matrix with positive values for the Jacobian of the stationary equations
└             and negative values for the Jacobian of the constraints.
┌ DiffOpt.NonLinearProgram | Info ] : Inertia correction needed. 
│             Attempting correction by adding diagonal matrix with positive values for the Jacobian of the stationary equations
└             and negative values for the Jacobian of the constraints.
┌ DiffOpt.NonLinearProgram | Info ] : Inertia correction needed. 
│             Attempting correction by adding diagonal matrix with positive values for the Jacobian of the stationary equations
└             and negative values for the Jacobian of the constraints.
┌ DiffOpt.NonLinearProgram | Info ] : Inertia correction needed. 
│             Attempting correction by adding diagonal matrix with positive values for the Jacobian of the stationary equations
└             and negative values for the Jacobian of the constraints.
┌ DiffOpt.NonLinearProgram | Info ] : Inertia correction needed. 
│             Attempting correction by adding diagonal matrix with positive values for the Jacobian of the stationary equations
└             and negative values for the Jacobian of the constraints.
┌ DiffOpt.NonLinearProgram | Info ] : Inertia correction needed. 
│             Attempting correction by adding diagonal matrix with positive values for the Jacobian of the stationary equations
└             and negative values for the Jacobian of the constraints.
┌ DiffOpt.NonLinearProgram | Info ] : Inertia correction needed. 
│             Attempting correction by adding diagonal matrix with positive values for the Jacobian of the stationary equations
└             and negative values for the Jacobian of the constraints.
┌ DiffOpt.NonLinearProgram | Info ] : Inertia correction needed. 
│             Attempting correction by adding diagonal matrix with positive values for the Jacobian of the stationary equations
└             and negative values for the Jacobian of the constraints.
┌ DiffOpt.NonLinearProgram | Info ] : Inertia correction needed. 
│             Attempting correction by adding diagonal matrix with positive values for the Jacobian of the stationary equations
└             and negative values for the Jacobian of the constraints.
┌ DiffOpt.NonLinearProgram | Info ] : Inertia correction needed. 
│             Attempting correction by adding diagonal matrix with positive values for the Jacobian of the stationary equations
└             and negative values for the Jacobian of the constraints.
[ Main | Info ] : [min_max/absolute] iter 18 upper-level status = LOCALLY_SOLVED
[ Main | Info ] : [min_max/absolute] iter 18 timings: int=0.7s lower=12.4s (primal=3.1s jac=9.2s) upper=0.1s total=13.2s
[ Main | Info ] : [min_max/absolute] iter 19 integer MLD status = OPTIMAL (t=0.7s)
[ FairLoadDelivery | Info ] : Iteration 19: Solving multiperiod lower-level MLD with 27 per-period weights
┌ DiffOpt.NonLinearProgram | Info ] : Inertia correction needed. 
│             Attempting correction by adding diagonal matrix with positive values for the Jacobian of the stationary equations
└             and negative values for the Jacobian of the constraints.
┌ DiffOpt.NonLinearProgram | Info ] : Inertia correction needed. 
│             Attempting correction by adding diagonal matrix with positive values for the Jacobian of the stationary equations
└             and negative values for the Jacobian of the constraints.
┌ DiffOpt.NonLinearProgram | Info ] : Inertia correction needed. 
│             Attempting correction by adding diagonal matrix with positive values for the Jacobian of the stationary equations
└             and negative values for the Jacobian of the constraints.
┌ DiffOpt.NonLinearProgram | Info ] : Inertia correction needed. 
│             Attempting correction by adding diagonal matrix with positive values for the Jacobian of the stationary equations
└             and negative values for the Jacobian of the constraints.
┌ DiffOpt.NonLinearProgram | Info ] : Inertia correction needed. 
│             Attempting correction by adding diagonal matrix with positive values for the Jacobian of the stationary equations
└             and negative values for the Jacobian of the constraints.
┌ DiffOpt.NonLinearProgram | Info ] : Inertia correction needed. 
│             Attempting correction by adding diagonal matrix with positive values for the Jacobian of the stationary equations
└             and negative values for the Jacobian of the constraints.
┌ DiffOpt.NonLinearProgram | Info ] : Inertia correction needed. 
│             Attempting correction by adding diagonal matrix with positive values for the Jacobian of the stationary equations
└             and negative values for the Jacobian of the constraints.
┌ DiffOpt.NonLinearProgram | Info ] : Inertia correction needed. 
│             Attempting correction by adding diagonal matrix with positive values for the Jacobian of the stationary equations
└             and negative values for the Jacobian of the constraints.
┌ DiffOpt.NonLinearProgram | Info ] : Inertia correction needed. 
│             Attempting correction by adding diagonal matrix with positive values for the Jacobian of the stationary equations
└             and negative values for the Jacobian of the constraints.
┌ DiffOpt.NonLinearProgram | Info ] : Inertia correction needed. 
│             Attempting correction by adding diagonal matrix with positive values for the Jacobian of the stationary equations
└             and negative values for the Jacobian of the constraints.
┌ DiffOpt.NonLinearProgram | Info ] : Inertia correction needed. 
│             Attempting correction by adding diagonal matrix with positive values for the Jacobian of the stationary equations
└             and negative values for the Jacobian of the constraints.
┌ DiffOpt.NonLinearProgram | Info ] : Inertia correction needed. 
│             Attempting correction by adding diagonal matrix with positive values for the Jacobian of the stationary equations
└             and negative values for the Jacobian of the constraints.
┌ DiffOpt.NonLinearProgram | Info ] : Inertia correction needed. 
│             Attempting correction by adding diagonal matrix with positive values for the Jacobian of the stationary equations
└             and negative values for the Jacobian of the constraints.
┌ DiffOpt.NonLinearProgram | Info ] : Inertia correction needed. 
│             Attempting correction by adding diagonal matrix with positive values for the Jacobian of the stationary equations
└             and negative values for the Jacobian of the constraints.
┌ DiffOpt.NonLinearProgram | Info ] : Inertia correction needed. 
│             Attempting correction by adding diagonal matrix with positive values for the Jacobian of the stationary equations
└             and negative values for the Jacobian of the constraints.
┌ DiffOpt.NonLinearProgram | Info ] : Inertia correction needed. 
│             Attempting correction by adding diagonal matrix with positive values for the Jacobian of the stationary equations
└             and negative values for the Jacobian of the constraints.
┌ DiffOpt.NonLinearProgram | Info ] : Inertia correction needed. 
│             Attempting correction by adding diagonal matrix with positive values for the Jacobian of the stationary equations
└             and negative values for the Jacobian of the constraints.
┌ DiffOpt.NonLinearProgram | Info ] : Inertia correction needed. 
│             Attempting correction by adding diagonal matrix with positive values for the Jacobian of the stationary equations
└             and negative values for the Jacobian of the constraints.
┌ DiffOpt.NonLinearProgram | Info ] : Inertia correction needed. 
│             Attempting correction by adding diagonal matrix with positive values for the Jacobian of the stationary equations
└             and negative values for the Jacobian of the constraints.
┌ DiffOpt.NonLinearProgram | Info ] : Inertia correction needed. 
│             Attempting correction by adding diagonal matrix with positive values for the Jacobian of the stationary equations
└             and negative values for the Jacobian of the constraints.
┌ DiffOpt.NonLinearProgram | Info ] : Inertia correction needed. 
│             Attempting correction by adding diagonal matrix with positive values for the Jacobian of the stationary equations
└             and negative values for the Jacobian of the constraints.
┌ DiffOpt.NonLinearProgram | Info ] : Inertia correction needed. 
│             Attempting correction by adding diagonal matrix with positive values for the Jacobian of the stationary equations
└             and negative values for the Jacobian of the constraints.
┌ DiffOpt.NonLinearProgram | Info ] : Inertia correction needed. 
│             Attempting correction by adding diagonal matrix with positive values for the Jacobian of the stationary equations
└             and negative values for the Jacobian of the constraints.
┌ DiffOpt.NonLinearProgram | Info ] : Inertia correction needed. 
│             Attempting correction by adding diagonal matrix with positive values for the Jacobian of the stationary equations
└             and negative values for the Jacobian of the constraints.
┌ DiffOpt.NonLinearProgram | Info ] : Inertia correction needed. 
│             Attempting correction by adding diagonal matrix with positive values for the Jacobian of the stationary equations
└             and negative values for the Jacobian of the constraints.
┌ DiffOpt.NonLinearProgram | Info ] : Inertia correction needed. 
│             Attempting correction by adding diagonal matrix with positive values for the Jacobian of the stationary equations
└             and negative values for the Jacobian of the constraints.
┌ DiffOpt.NonLinearProgram | Info ] : Inertia correction needed. 
│             Attempting correction by adding diagonal matrix with positive values for the Jacobian of the stationary equations
└             and negative values for the Jacobian of the constraints.
[ Main | Info ] : [min_max/absolute] iter 19 upper-level status = LOCALLY_SOLVED
[ Main | Info ] : [min_max/absolute] iter 19 timings: int=0.7s lower=14.0s (primal=3.7s jac=10.0s) upper=0.1s total=14.8s
[ Main | Info ] : [min_max/absolute] iter 20 integer MLD status = OPTIMAL (t=1.0s)
[ FairLoadDelivery | Info ] : Iteration 20: Solving multiperiod lower-level MLD with 27 per-period weights
┌ DiffOpt.NonLinearProgram | Info ] : Inertia correction needed. 
│             Attempting correction by adding diagonal matrix with positive values for the Jacobian of the stationary equations
└             and negative values for the Jacobian of the constraints.
┌ DiffOpt.NonLinearProgram | Info ] : Inertia correction needed. 
│             Attempting correction by adding diagonal matrix with positive values for the Jacobian of the stationary equations
└             and negative values for the Jacobian of the constraints.
┌ DiffOpt.NonLinearProgram | Info ] : Inertia correction needed. 
│             Attempting correction by adding diagonal matrix with positive values for the Jacobian of the stationary equations
└             and negative values for the Jacobian of the constraints.
┌ DiffOpt.NonLinearProgram | Info ] : Inertia correction needed. 
│             Attempting correction by adding diagonal matrix with positive values for the Jacobian of the stationary equations
└             and negative values for the Jacobian of the constraints.
┌ DiffOpt.NonLinearProgram | Info ] : Inertia correction needed. 
│             Attempting correction by adding diagonal matrix with positive values for the Jacobian of the stationary equations
└             and negative values for the Jacobian of the constraints.
┌ DiffOpt.NonLinearProgram | Info ] : Inertia correction needed. 
│             Attempting correction by adding diagonal matrix with positive values for the Jacobian of the stationary equations
└             and negative values for the Jacobian of the constraints.
┌ DiffOpt.NonLinearProgram | Info ] : Inertia correction needed. 
│             Attempting correction by adding diagonal matrix with positive values for the Jacobian of the stationary equations
└             and negative values for the Jacobian of the constraints.
┌ DiffOpt.NonLinearProgram | Info ] : Inertia correction needed. 
│             Attempting correction by adding diagonal matrix with positive values for the Jacobian of the stationary equations
└             and negative values for the Jacobian of the constraints.
┌ DiffOpt.NonLinearProgram | Info ] : Inertia correction needed. 
│             Attempting correction by adding diagonal matrix with positive values for the Jacobian of the stationary equations
└             and negative values for the Jacobian of the constraints.
┌ DiffOpt.NonLinearProgram | Info ] : Inertia correction needed. 
│             Attempting correction by adding diagonal matrix with positive values for the Jacobian of the stationary equations
└             and negative values for the Jacobian of the constraints.
┌ DiffOpt.NonLinearProgram | Info ] : Inertia correction needed. 
│             Attempting correction by adding diagonal matrix with positive values for the Jacobian of the stationary equations
└             and negative values for the Jacobian of the constraints.
┌ DiffOpt.NonLinearProgram | Info ] : Inertia correction needed. 
│             Attempting correction by adding diagonal matrix with positive values for the Jacobian of the stationary equations
└             and negative values for the Jacobian of the constraints.
┌ DiffOpt.NonLinearProgram | Info ] : Inertia correction needed. 
│             Attempting correction by adding diagonal matrix with positive values for the Jacobian of the stationary equations
└             and negative values for the Jacobian of the constraints.
┌ DiffOpt.NonLinearProgram | Info ] : Inertia correction needed. 
│             Attempting correction by adding diagonal matrix with positive values for the Jacobian of the stationary equations
└             and negative values for the Jacobian of the constraints.
┌ DiffOpt.NonLinearProgram | Info ] : Inertia correction needed. 
│             Attempting correction by adding diagonal matrix with positive values for the Jacobian of the stationary equations
└             and negative values for the Jacobian of the constraints.
┌ DiffOpt.NonLinearProgram | Info ] : Inertia correction needed. 
│             Attempting correction by adding diagonal matrix with positive values for the Jacobian of the stationary equations
└             and negative values for the Jacobian of the constraints.
┌ DiffOpt.NonLinearProgram | Info ] : Inertia correction needed. 
│             Attempting correction by adding diagonal matrix with positive values for the Jacobian of the stationary equations
└             and negative values for the Jacobian of the constraints.
┌ DiffOpt.NonLinearProgram | Info ] : Inertia correction needed. 
│             Attempting correction by adding diagonal matrix with positive values for the Jacobian of the stationary equations
└             and negative values for the Jacobian of the constraints.
┌ DiffOpt.NonLinearProgram | Info ] : Inertia correction needed. 
│             Attempting correction by adding diagonal matrix with positive values for the Jacobian of the stationary equations
└             and negative values for the Jacobian of the constraints.
┌ DiffOpt.NonLinearProgram | Info ] : Inertia correction needed. 
│             Attempting correction by adding diagonal matrix with positive values for the Jacobian of the stationary equations
└             and negative values for the Jacobian of the constraints.
┌ DiffOpt.NonLinearProgram | Info ] : Inertia correction needed. 
│             Attempting correction by adding diagonal matrix with positive values for the Jacobian of the stationary equations
└             and negative values for the Jacobian of the constraints.
┌ DiffOpt.NonLinearProgram | Info ] : Inertia correction needed. 
│             Attempting correction by adding diagonal matrix with positive values for the Jacobian of the stationary equations
└             and negative values for the Jacobian of the constraints.
┌ DiffOpt.NonLinearProgram | Info ] : Inertia correction needed. 
│             Attempting correction by adding diagonal matrix with positive values for the Jacobian of the stationary equations
└             and negative values for the Jacobian of the constraints.
┌ DiffOpt.NonLinearProgram | Info ] : Inertia correction needed. 
│             Attempting correction by adding diagonal matrix with positive values for the Jacobian of the stationary equations
└             and negative values for the Jacobian of the constraints.
┌ DiffOpt.NonLinearProgram | Info ] : Inertia correction needed. 
│             Attempting correction by adding diagonal matrix with positive values for the Jacobian of the stationary equations
└             and negative values for the Jacobian of the constraints.
┌ DiffOpt.NonLinearProgram | Info ] : Inertia correction needed. 
│             Attempting correction by adding diagonal matrix with positive values for the Jacobian of the stationary equations
└             and negative values for the Jacobian of the constraints.
┌ DiffOpt.NonLinearProgram | Info ] : Inertia correction needed. 
│             Attempting correction by adding diagonal matrix with positive values for the Jacobian of the stationary equations
└             and negative values for the Jacobian of the constraints.
[ Main | Info ] : [min_max/absolute] iter 20 upper-level status = LOCALLY_SOLVED
[ Main | Info ] : [min_max/absolute] iter 20 timings: int=1.0s lower=9.7s (primal=2.1s jac=7.4s) upper=0.1s total=10.7s
[ Main | Info ] : relaxed multi-period termination: LOCALLY_INFEASIBLE (converged=false)
┌ Main | Warning ] : [min_max/absolute] Step 3 final relaxed multi-period MLD did not converge (status LOCALLY_INFEASIBLE). Skipping Steps 4–6 (rounding, plots, JLD2 save) to avoid building outputs on a non-converged relaxation.
└ @ Main C:\Users\awest\github\FairLoadDelivery\script\bilevel_validation\run_validation_mn.jl:529
Wrote results/2026-05-30/bilevel_validation_mn/case6_unbalanced_switch_more_meshed_good4integer/min_max_absolute\step3_aborted.txt

Multi-period validation halted at Step 3.
