load_id,pd,qd,pshed,qshed,z_demand
1,160.0,110.0,0.0,0.0,1.0
2,0.0,0.0,68.0,60.0,0.0
3,521.5985525838643,298.05631576220816,633.4014474161357,361.94368423779184,0.4516004784275881
4,0.0,0.0,485.0,190.0,0.0
5,3.0269563507984443,2.033736298192705,124.97304364920156,83.96626370180729,0.023648096490612846
6,230.0,132.0,0.0,0.0,1.0
7,55.335583691164516,40.68792918467979,114.66441630883548,84.31207081532021,0.3255034334774383
8,117.0,68.0,0.0,0.0,1.0
9,120.0,90.0,0.0,0.0,1.0
10,66.0,38.0,0.0,0.0,1.0
11,120.0,90.0,0.0,0.0,1.0
12,0.0,0.0,290.0,212.0,0.0
13,0.0,0.0,170.0,151.0,0.0
14,17.0,10.0,0.0,0.0,1.0
15,28.673404743218324,13.493366937985094,141.32659525678167,66.50663306201491,0.16866708672481368
