switch_id,state,ps_fr,qs_fr
1,0.0,0.0,0.0
2,1.0,400.0,289.99822587955134
3,0.0,0.0,0.0
4,1.0,553.298913677881,210.3016710193544
5,1.0,285.3355836910205,172.6868628697449
6,0.0,0.0,0.0
