switch_id,state,ps_fr,qs_fr
1,1.0,2.4095515743815094e-7,-355.6221131797735
2,1.0,400.0,289.9982172137288
3,0.0,0.0,0.0
4,1.0,608.8395585043272,-7.484848573381539
5,1.0,286.32377285595453,173.41346735034318
6,0.0,0.0,0.0
