switch_name,phase,p,q,c_mag,current_rating,is_closed
632633,1,564.4174621977377,178.706955399005,585.885402261882,700.0,true
632633,2,149.50800190715626,12.958268092720045,147.85584666391375,700.0,true
632633,3,378.9290525479227,181.4764965340489,417.8363057897235,700.0,true
632645,1,428.87272526792106,255.31682583070824,493.9348177957391,700.0,true
632645,2,532.583282477296,323.56071920986835,613.9782935846603,700.0,true
632645,3,545.4327669443352,265.1097654173892,603.1178170146775,700.0,true
