switch_name,phase,p,q,c_mag,current_rating,is_closed
632633,1,570.0,265.4985958538214,621.5353199231387,700.0,true
632633,2,68.0,59.99855564178618,89.08723099439193,700.0,true
632633,3,375.0,287.498625720986,470.6867529912911,700.0,true
632645,1,385.0,219.9971949125625,438.2997769552819,700.0,true
632645,2,500.0,285.99718332607046,565.8652240157074,700.0,true
632645,3,500.0,285.99724196468395,573.7743865832464,700.0,true
