switch_name,phase,p,q,c_mag,current_rating,is_closed
632633,1,565.1794871175694,221.31691513742982,606.8756832253174,700.0,true
632633,2,138.4568142589502,46.08765502047762,145.22648238001142,700.0,true
632633,3,379.9164449760669,225.70453694926724,443.9416370773048,700.0,true
632645,1,432.4915254592994,255.04119215330485,502.01495883784816,700.0,true
632645,2,560.6423793807885,339.64244562496594,652.355751079318,700.0,true
632645,3,574.5957591051077,278.12953881048844,641.3137722177397,700.0,true
