Iteration,Total_Load_Shed,Lower_Level_Load_Shed,Upper_Level_Load_Shed
1,1504.5273780230757,1504.5273780230757,1424.2923893810805
2,1504.5273780230757,1504.5273780230757,1424.2923893810805
3,1504.5273780230757,1504.5273780230757,1424.2923893810805
4,1504.5273780230757,1504.5273780230757,1424.2923893810805
5,1504.5273780230757,1504.5273780230757,1424.2923893810805
