SwitchID,GenCap,EfficientRelaxed,EfficientInteger,EqualityMinRelaxed,EqualityMinInteger,PropFairRelaxed,PropFairInteger,SwitchName
1,0.5,0.9729561674532693,1.0,0.7331456286731839,0.0,0.99941455407301,1.0,632633
2,0.5,0.9515255762599777,1.0,1.0000000099800042,-0.0,0.5951465697466283,1.0,632645
