case,fair_func,total_demand,total_pshed,total_pd_served,pct_shed,pct_served,objective
motivation_c,efficiency,3466.0,1298.282759698518,2167.717240301482,37.45766761969181,62.542332380308196,21677.172403014818
motivation_c,proportional,3466.0,1377.993722683364,2088.006277316636,39.75746458982585,60.24253541017415,69.49047763448614
motivation_c,min_max,3466.0,1448.659500063515,2017.340499936485,41.796292558093334,58.20370744190666,144.61254239743715
