switch_name,phase,p,q,c_mag,current_rating,is_closed
671692,1,0.0,0.0,0.0,700.0,true
671692,2,0.0,0.0,0.0,700.0,true
671692,3,0.0,0.0,0.0,700.0,true
632633,1,662.799999639377,107.7457699119893,653.6370653461863,700.0,true
632633,2,187.9999988114176,-68.1752405540217,192.00600393681162,700.0,true
632633,3,427.80000155597764,115.27460764601247,436.28129864066267,700.0,true
632645,1,328.20001045986834,200.3971197822675,374.31443801391435,700.0,true
632645,2,485.2000086730021,305.3970276046693,550.4525068231139,700.0,true
632645,3,458.2013050275416,145.2023244214897,473.30540860467914,700.0,true
