switch_name,phase,p,q,c_mag,current_rating,is_closed
632633,1,484.9999343662755,83.13760568127425,486.80376920308015,700.0,true
632633,2,68.00000014403473,-49.41258346341704,82.82432824617337,700.0,true
632633,3,289.99996371940694,106.88697186531726,307.4577241193813,700.0,true
632645,1,506.00007689970585,301.2941438337963,582.6020315858924,700.0,true
632645,2,605.2000117814954,371.6451167303553,699.7860792496188,700.0,true
632645,3,618.6000546628233,298.4316770569439,683.2394360048773,700.0,true
