switch_name,phase,p,q,c_mag,current_rating,is_closed
671692,1,0.0,0.0,0.0,700.0,true
671692,2,0.0,0.0,0.0,700.0,true
671692,3,0.0,0.0,0.0,700.0,true
632633,1,569.9998702218404,96.53555902580592,563.0484511405526,700.0,true
632633,2,67.99999920509052,-118.76110935731705,130.97251409862062,700.0,true
632633,3,374.99987066021595,125.13728159730896,391.5475893715648,700.0,true
632645,1,438.00013996009045,255.6065877804562,493.9100322950123,700.0,true
632645,2,625.8482771804998,378.53252325566496,699.9999996867499,700.0,true
632645,3,650.600140468986,276.0925018841102,699.9999587085089,700.0,true
