switch_name,phase,p,q,c_mag,current_rating,is_closed
671692,1,0.0,0.0,0.0,700.0,true
671692,2,0.0,0.0,0.0,700.0,true
671692,3,0.0,0.0,0.0,700.0,true
632633,1,478.00696400565363,176.73159125089546,570.5832737239435,700.0,true
632633,2,152.6673938445706,11.570034282989518,167.19499339264095,700.0,true
632633,3,344.322550805124,170.34077380428408,435.8462636966975,700.0,true
632645,1,512.9932077099733,305.99379013692453,668.7615730201453,700.0,true
632645,2,520.5332410040022,318.156184420509,666.2064484537808,700.0,true
632645,3,564.2785718491807,239.98130734491923,695.7017545384313,700.0,true
