switch_name,phase,p,q,c_mag,current_rating,is_closed
632633,1,711.3596848132943,149.15775468282445,699.999495653116,700.0,true
632633,2,174.01978027869433,-80.54561305712699,183.91167864355938,700.0,true
632633,3,481.01976813489375,156.3507475667605,489.0605407427789,700.0,true
632645,1,279.6403482459737,166.36668564617676,313.3757387375159,700.0,true
632645,2,499.1803164496807,313.3857560637344,565.2874317850809,700.0,true
632645,3,427.5804005230846,128.28282576985586,431.6424191543592,700.0,true
