switch_name,phase,p,q,c_mag,current_rating,is_closed
671692,1,0.0,0.0,0.0,700.0,true
671692,2,0.0,0.0,0.0,700.0,true
671692,3,0.0,0.0,0.0,700.0,true
632633,1,701.8670863829371,156.76571655320018,699.9999011741945,700.0,true
632633,2,184.05499723407357,-73.52753123755735,189.57832198382752,700.0,true
632633,3,478.1779508375303,167.50715002350287,504.07159026936,700.0,true
632645,1,289.13295509176993,165.21595186941076,324.13510776040727,700.0,true
632645,2,489.1451321266114,293.7248332829822,545.744329802547,700.0,true
632645,3,430.4222756580552,243.56038472017337,492.02069172670036,700.0,true
