switch_name,phase,p,q,c_mag,current_rating,is_closed
671692,1,0.0,0.0,0.0,700.0,true
671692,2,0.0,0.0,0.0,700.0,true
671692,3,0.0,0.0,0.0,700.0,true
632633,1,574.4789610864598,185.60793110480023,679.2062946522908,700.0,true
632633,2,150.4406765816084,6.93284210047083,165.82904296028892,700.0,true
632633,3,386.0267898116034,192.15451480765313,495.1843617060089,700.0,true
632645,1,420.06305907905517,246.62628096245004,548.0185793430746,700.0,true
632645,2,536.5106641669915,323.60728139606823,689.9071427416451,700.0,true
632645,3,546.9505841443709,244.26307666737247,687.8890778955011,700.0,true
