switch_name,phase,p,q,c_mag,current_rating,is_closed
632633,1,550.6000286918031,248.26673888031988,580.6014743380973,700.0,true
632633,2,67.99999920550772,59.998441137975135,86.77756562540709,700.0,true
632633,3,355.6000291412235,270.26676114382275,431.37285688036917,700.0,true
632645,1,457.3999814898177,268.6407759059007,509.91909045534896,700.0,true
632645,2,625.9317665652271,378.59391535640026,699.9999996895937,700.0,true
632645,3,669.999981985763,272.9903077455238,698.7357186505752,700.0,true
