switch_name,phase,p,q,c_mag,current_rating,is_closed
632633,1,658.3998506227431,136.04917802499432,699.2192441124771,700.0,true
632633,2,187.9999370191655,-31.239930276589817,197.34686841200462,700.0,true
632633,3,423.39996274779963,141.21196777102915,467.25481813876564,700.0,true
632645,1,332.60016635324934,191.8024759527371,399.3091980557151,700.0,true
632645,2,485.2000972285812,305.11179386964835,593.5177402889349,700.0,true
632645,3,485.2000951385924,227.65002141331402,561.080596959353,700.0,true
