switch_name,phase,p,q,c_mag,current_rating,is_closed
632633,1,574.9166234597598,182.03824680703283,677.9991419048779,700.0,true
632633,2,154.08863247517377,9.45802241342685,172.44060940055743,700.0,true
632633,3,385.6782173838861,185.04354332487907,484.01985401387384,700.0,true
632645,1,419.4581931096695,246.03458424219707,546.7297640307371,700.0,true
632645,2,532.2135649003877,319.59411850685376,693.4314556790441,700.0,true
632645,3,546.1484024107928,257.6709009956762,683.2857311655013,700.0,true
