switch_name,phase,p,q,c_mag,current_rating,is_closed
671692,1,0.0,0.0,0.0,700.0,true
671692,2,0.0,0.0,0.0,700.0,true
671692,3,0.0,0.0,0.0,700.0,true
632633,1,701.6787405941517,156.79047318406327,699.9998098726636,700.0,true
632633,2,184.0160419865808,-73.10831739248998,189.58888892509617,700.0,true
632633,3,478.06236184266737,167.07308279785238,503.3904506770252,700.0,true
632645,1,289.32131806609084,173.87526983592758,328.63698213685853,700.0,true
632645,2,489.18415413375374,307.6736549797069,553.3278610795444,700.0,true
632645,3,430.5379830102315,235.02342988048122,487.57849477021654,700.0,true
