switch_id,state,ps_fr,qs_fr
2,1.0,1363.7571444234,250.7552385894257
3,1.0,1209.043455210076,716.5723546961157
