block_id,status
1,1.0000000006646292
2,0.9999999904306267
3,1.0
