load_id,pd,qd,pshed,qshed,z_demand
1,-9.622081708766658e-7,-6.615181174777077e-7,160.00000096220816,110.00000066151811,-6.0138010679791614e-9
2,67.99999992716386,59.999999935732816,7.283615102953278e-8,6.426718101552696e-8,0.9999999989288803
3,1155.0000114194763,660.0000065254151,-1.141947619456569e-5,-6.525415070623134e-6,1.0000000098869926
4,484.9999994805069,189.99999979648726,5.194931203952484e-7,2.0351273747351008e-7,0.9999999989288803
5,72.39997768332557,48.64373500598437,55.600022316674426,37.356264994015625,0.565624825650981
6,230.00000219315513,132.00000125868033,-2.1931551399810467e-6,-1.2586803554088557e-6,1.000000009535457
7,125.93176166215743,92.59688357511575,44.068238337842594,32.40311642488425,0.740775068600926
8,-8.996443712360758e-7,-5.228702328551552e-7,117.00000089964438,68.00000052287024,-7.68926813022287e-9
9,-7.216561281574993e-7,-5.412420961181245e-7,120.00000072165612,90.0000005412421,-6.0138010679791614e-9
10,-5.074916965947094e-7,-2.9219218894846903e-7,66.00000050749169,38.00000029219219,-7.68926813022287e-9
11,-7.216561281574993e-7,-5.412420961181245e-7,120.00000072165612,90.0000005412421,-6.0138010679791614e-9
12,289.9999996893753,211.99999977292262,3.1062473593801936e-7,2.270774093432967e-7,0.9999999989288803
13,131.20006034700867,116.53652419057829,38.799939652991334,34.4634758094217,0.7717650608647569
14,-1.307175582137888e-7,-7.68926813022287e-8,17.00000013071756,10.00000007689268,-7.68926813022287e-9
15,169.99997708269333,79.99998921538509,2.291730670456315e-5,1.0784614916946091e-5,0.9999998651923137
