block_id,status
1,0.999999990713536
2,0.9999999904385415
3,1.0
