switch_id,state,ps_fr,qs_fr
2,1.0,1012.9997400871468,102.91173126579783
3,1.0,1714.4485576095763,910.2316129202314
