load_id,pd,qd,pshed,qshed,z_demand
1,1.566034588335636e-5,1.0766487794807497e-5,159.9999843396541,109.99998923351221,9.787716177097724e-8
2,67.99998839877532,59.99998976362527,1.1601224689222951e-5,1.0236374725628218e-5,0.9999998293937545
3,1154.999979760849,659.9999884347708,2.0239150906475654e-5,1.156522907046347e-5,0.9999999824769256
4,484.99991725597096,189.99996758481336,8.274402904161526e-5,3.2415186637734144e-5,0.9999998293937545
5,121.00008364608944,81.29693119971634,6.99991635391057,4.703068800283658,0.9453131534850737
6,127.20013662972698,73.00181754401723,102.799863370273,58.99818245598279,0.5530440723031608
7,156.59995021301555,115.14702221545261,13.400049786984475,9.8529777845474,0.9211761777236208
8,116.99999175778346,67.99999520965193,8.242216540052345e-6,4.7903480735246386e-6,0.9999999295537048
9,1.1745259412517268e-5,8.808944559387951e-6,119.99998825474059,89.99999119105544,9.787716177097724e-8
10,65.99999535054451,37.99999732304078,4.6494554898194475e-6,2.676959220603953e-6,0.9999999295537048
11,1.1745259412517268e-5,8.808944559387951e-6,119.99998825474059,89.99999119105544,9.787716177097724e-8
12,289.9999505241888,211.99996383147595,4.9475811175604006e-5,3.616852403218617e-5,0.9999998293937545
13,2.899917407717618e-6,2.575808991560943e-6,169.9999971000826,150.999997424191,1.7058337692456576e-8
14,16.999998802412982,9.999999295537048,1.1975870160496913e-6,7.044629522857247e-7,0.9999999295537048
15,169.99999309434338,79.99999675027924,6.905656599253131e-6,3.2497207555154725e-6,0.9999999593784904
