block_id,status
1,1.0
2,1.0000000001657292
3,0.9999999904459551
