block_id,status
1,0.9999999907128309
2,0.99999999044607
3,1.0
