block_id,status
1,1.0
2,0.999999990431072
3,0.9999999905815228
