switch_id,state,ps_fr,qs_fr
1,1.0,974.2000570385344,578.5319411621178
2,1.0,1753.331730040808,920.2249990078246
