switch_id,state,ps_fr,qs_fr
2,1.0,1364.100034454541,250.7453353391457
3,1.0,1208.7003628764364,702.5011698725664
