block_id,status
1,0.9999999903830104
2,1.000000000221074
3,1.0
