block_id,status
1,1.0
2,0.9999999904327841
3,0.9999999905817645
