switch_id,state,ps_fr,qs_fr
2,1.0,1110.9464274796715,384.69528801292415
3,1.0,1503.5243073904176,814.4966390258908
