switch_id,state,ps_fr,qs_fr
1,1.0,1114.6834733188196,376.53981254533875
2,1.0,1497.8201604208498,823.299603744727
