switch_id,state,ps_fr,qs_fr
2,1.0,974.9969086553482,358.64239933816907
3,1.0,1597.8050205631562,864.1312819023528
