load_id,pd,qd,pshed,qshed,z_demand
1,159.97844821881876,109.9851831504379,0.02155178118124172,0.014816849562088128,0.9998653013676173
2,64.03220582246674,56.499005137470654,3.9677941775332686,3.500994862529346,0.9416500856245109
3,612.5533405615821,350.0304803209041,542.4466594384179,309.96951967909587,0.5303492126074304
4,456.70029152788777,178.91351626865708,28.299708472112187,11.086483731342904,0.9416500856245109
5,85.13687121223013,57.20133534571712,42.86312878776987,28.79866465428288,0.6651318063455479
6,229.99954683655517,131.99973992358818,0.0004531634448191256,0.00026007641180647947,0.9999980297241529
7,169.99993386161546,124.99995136883489,6.613838454652042e-5,4.863116510847331e-5,0.9999996109506791
8,116.99966536054691,67.99980550869392,0.00033463945307922314,0.00019449130605617038,0.9999971398337343
9,119.98383616411408,89.98787712308555,0.0161638358859232,0.012122876914433024,0.9998653013676173
10,65.99981122902646,37.9998913136819,0.00018877097352544951,0.00010868631809896119,0.9999971398337343
11,119.98383616411408,89.98787712308555,0.016163835885923197,0.012122876914433024,0.9998653013676173
12,273.07852483110815,199.62981815239633,16.921475168891824,12.3701818476037,0.9416500856245109
13,170.00000169489024,151.00000150546134,-1.6948902780635363e-6,-1.5054613397591565e-6,1.0000000099699426
14,16.99995137717348,9.999971398337342,4.862282651404238e-5,2.8601662657161907e-5,0.9999971398337343
15,111.35376273809321,52.40177070027916,58.64623726190678,27.59822929972084,0.6550221337534895
