load_id,pd,qd,pshed,qshed,z_demand
1,159.99691839114317,109.99788139391093,0.0030816088568497236,0.002118606089074465,0.9999807399446448
2,32.66970505121323,28.826210339305792,35.330294948786765,31.173789660694208,0.48043683898842987
3,1154.984808877185,659.9913193583915,0.01519112281476428,0.008680641608461154,0.9999868475127144
4,233.0118669093885,91.28299940780168,251.9881330906115,98.71700059219833,0.48043683898842987
5,127.9982714175782,85.99883860868535,0.0017285824218032458,0.001161391314658806,0.9999864954498296
6,18.5790648916848,10.66276767696693,211.4209351083152,121.33723232303308,0.08077854300732522
7,126.24877226576477,92.82997960717998,43.75122773423523,32.17002039282002,0.7426398368574398
8,116.99888748677566,67.99935341111748,0.0011125132243454885,0.0006465888825270405,0.9999904913399629
9,119.99768879335737,89.99826659501802,0.0023112066426180045,0.001733404981965459,0.9999807399446448
10,65.99937242843755,37.999638670918586,0.0006275715624484734,0.0003613290814165122,0.9999904913399629
11,119.99768879335737,89.99826659501802,0.0023112066426180028,0.00173340498196546,0.9999807399446448
12,139.32668330664467,101.85260986554714,150.67331669335536,110.14739013445286,0.48043683898842987
13,169.996357410244,150.9967645232167,0.0036425897560256647,0.003235476783289355,0.9999785730014352
14,16.99983835277937,9.999904913399629,0.00016164722063173584,9.508660037136901e-5,0.9999904913399629
15,169.99410311094326,79.99722499338506,0.0058968890567615406,0.002775006614938377,0.9999653124173132
