block_id,status
1,1.0
2,0.9999999904306918
3,1.000000000166008
