load_id,pd,qd,pshed,qshed,z_demand
1,132.91351427078897,91.37804106116742,27.08648572921101,18.621958938832584,0.8307094641924311
2,54.40349677208204,48.003085387131215,13.596503227917957,11.996914612868785,0.8000514231188536
3,1068.8304331023664,610.7602474870665,86.16956689763363,49.23975251293342,0.9253943143743433
4,388.02494021264397,152.00977039258217,96.97505978735603,37.99022960741782,0.8000514231188536
5,63.18138207554734,42.44999108200837,64.81861792445265,43.55000891799164,0.4936045474652136
6,165.51774592459714,94.99279331324705,64.48225407540288,37.00720668675295,0.7196423735852049
7,93.17788090396704,68.51314772350517,76.82211909603296,56.48685227649484,0.5481051817880414
8,93.77339043237815,54.500773926510384,23.22660956762185,13.499226073489611,0.8014819695075056
9,99.68513570309173,74.76385177731879,20.314864296908283,15.236148222681214,0.8307094641924311
10,52.89780998749537,30.456314841285213,13.102190012504629,7.543685158714791,0.8014819695075056
11,99.68513570309173,74.76385177731879,20.314864296908283,15.236148222681214,0.8307094641924311
12,232.01491270446755,169.61090170119695,57.98508729553244,42.38909829880301,0.8000514231188536
13,107.95633795265363,95.8906295932394,62.04366204734637,55.109370406760604,0.6350372820744331
14,13.625193481627596,8.014819695075056,3.3748065183724028,1.9851803049249444,0.8014819695075056
15,107.112718414372,50.40598513617506,62.887281585627996,29.594014863824945,0.6300748142021882
