load_id,pd,qd,pshed,qshed,z_demand
1,159.9999639709177,109.99997523000592,3.6029082307144766e-5,2.476999407817825e-5,0.9999997748182357
2,67.9999640409772,59.99996827145048,3.59590227934541e-5,3.172854952257801e-5,0.9999994711908413
3,945.6002929863365,540.3430245636208,209.3997070136636,119.6569754363792,0.8187015523691225
4,484.99974352755805,189.99989952625984,0.00025647244192959675,0.00010047374015027841,0.9999994711908413
5,17.400068691137182,11.690671151857794,110.5999313088628,74.3093288481422,0.13593803664950924
6,1.3888288908887658e-5,7.97067015640509e-6,229.99998611171108,131.99999202932983,6.038386482125068e-8
7,169.9999926223246,124.99999457523869,7.37767537944508e-6,5.424761307925806e-6,0.9999999566019095
8,116.99995234065798,67.99997230055335,4.765934201705346e-5,2.7699446639350406e-5,0.9999995926551964
9,119.99997297818828,89.99997973364121,2.7021811713362867e-5,2.026635878682626e-5,0.9999997748182357
10,65.99997311524297,37.99998452089746,2.688475703024786e-5,1.5479102532134362e-5,0.9999995926551964
11,119.99997297818828,89.99997973364121,2.7021811713341312e-5,2.0266358788475427e-5,0.9999997748182357
12,289.999846645344,211.99988789245836,0.00015335465598948706,0.0001121075416507943,0.9999994711908413
13,26.80028624853467,23.804960138404322,143.19971375146534,127.19503986159569,0.15764874263843923
14,16.999993075138338,9.999995926551964,6.924861659837818e-6,4.0734480353802345e-6,0.9999995926551964
15,169.9999905323358,79.99999554462862,9.467664195630544e-6,4.455371384054292e-6,0.9999999443078577
