switch_id,state,ps_fr,qs_fr
1,1.0,842.9998982297172,140.61199408317447
2,1.0,1729.8001433440245,971.3709376210954
