switch_id,state,ps_fr,qs_fr
1,1.0,1366.3992332268822,224.96288919245796
2,1.0,1206.401065218739,608.0352674797671
