block_id,status
1,0.9999999907043524
2,0.9999999904310302
3,1.0
