switch_id,state,ps_fr,qs_fr
1,1.0,1269.7997503897082,246.02121551943367
2,1.0,1303.000358720423,724.5642912356994
