switch_name,phase,p,q,c_mag,current_rating,is_closed
632633,1,576.9589944664825,182.23800940082296,592.9595650622285,700.0,true
632633,2,142.5329263279339,1.2685246893823443,139.0346426767537,700.0,true
632633,3,388.43023094984926,187.12287635196765,424.1677225422683,700.0,true
632645,1,419.8200304341943,246.43061433071364,477.07070651601947,700.0,true
632645,2,553.1032562804879,333.65733339959587,630.0703164976537,700.0,true
632645,3,559.9429990161029,217.53098288276541,590.9802686420564,700.0,true
