Iteration,Total_Load_Shed,Lower_Level_Load_Shed,Upper_Level_Load_Shed
1,1504.5273780230757,1504.5273780230757,1456.495400299807
