switch_name,phase,p,q,c_mag,current_rating,is_closed
632633,1,478.0000335433228,173.8669190405951,569.4405318044433,700.0,true
632633,2,152.66804360281242,12.181055643279832,170.06744290087994,700.0,true
632633,3,344.3196067962912,165.68863624444168,429.5682800321468,700.0,true
632645,1,512.999996067008,305.9978380133115,668.7338228502178,700.0,true
632645,2,520.5320396983176,301.0948888666121,667.7536959017758,700.0,true
632645,3,564.2805380483012,253.5000686344124,695.4369343807102,700.0,true
