switch_name,phase,p,q,c_mag,current_rating,is_closed
632633,1,478.0000335992489,134.36170196060505,531.7243529805329,700.0,true
632633,2,164.5855375729584,26.31507155264216,177.40688928105482,700.0,true
632633,3,310.14435615524354,129.89107394038584,361.57845749843824,700.0,true
632645,1,512.9999820816648,305.99762268284104,639.6758868469229,700.0,true
632645,2,508.6144914939206,292.3318209267508,624.409069915634,700.0,true
632645,3,598.4556926132931,252.74827125823617,698.5827465756271,700.0,true
