switch_name,phase,p,q,c_mag,current_rating,is_closed
632633,1,569.9999971732464,265.49851298199843,604.9512014215162,700.0,true
632633,2,67.99999937288402,59.99847710959746,86.81695637239999,700.0,true
632633,3,374.99999754772153,287.49853846410736,457.24317775649405,700.0,true
632645,1,438.0000130290147,255.60642421669922,487.89375800439126,700.0,true
632645,2,625.6634319609079,378.3966132654148,699.9999999662406,700.0,true
632645,3,650.6000137499256,314.53046534393303,699.2692509319646,700.0,true
