switch_name,phase,p,q,c_mag,current_rating,is_closed
632633,1,574.898588694815,182.04310801625192,677.9900086060904,700.0,true
632633,2,154.0879874612896,9.449469981027477,172.4413261938622,700.0,true
632633,3,385.6814354435841,185.04444933711997,484.02944913572395,700.0,true
632645,1,419.47681687538784,246.04782842874357,546.762251324609,700.0,true
632645,2,532.2164966231574,319.59761072254247,693.4443981137093,700.0,true
632645,3,546.1492380623008,257.6730779334434,683.2959221609212,700.0,true
