switch_name,phase,p,q,c_mag,current_rating,is_closed
632633,1,710.367486952572,154.2571224441603,699.9999153262918,700.0,true
632633,2,185.2453779827028,-72.4967169568832,190.7456259200212,700.0,true
632633,3,483.2604676699951,158.08122006703314,491.4875281465324,700.0,true
632645,1,280.63256967575,168.1609004570441,315.041524557011,700.0,true
632645,2,487.95481024906786,306.9711632199639,552.7747580733735,700.0,true
632645,3,425.3398631985402,125.81578840994358,428.75288288300493,700.0,true
