switch_id,state,ps_fr,qs_fr
1,1.0,974.9876839424264,351.7366109283166
2,1.0,1597.8125738136268,860.592795514336
