switch_id,state,ps_fr,qs_fr
1,1.0,952.7299273274509,290.567847453633
2,1.0,1620.0701661888784,851.077714867828
