block_id,status
1,0.9999999909941121
2,0.9999999906249664
3,1.0
