block_id,status
1,0.999999991255873
2,0.9999999907613086
3,1.0
