switch_id,state,ps_fr,qs_fr
1,1.0,1378.8733326052698,239.84162555431024
2,1.0,1193.927243123358,600.9478520869516
