block_id,status
1,0.9999999910036265
2,0.999999990646035
3,1.0
