load_id,pd,qd,pshed,qshed,z_demand
1,132.9237225057468,91.38505922270093,27.076277494253183,18.614940777299072,0.8307732656609176
2,54.39519558197948,47.995760807628955,13.604804418020517,12.004239192371049,0.7999293467938159
3,1068.8085920571962,610.7477668898264,86.19140794280409,49.25223311017379,0.9253754043785247
4,387.9657331950007,151.986575890825,97.03426680499928,38.01342410917498,0.7999293467938159
5,63.207286189655804,42.467395408674996,64.79271381034421,43.532604591325004,0.49380692335668597
6,165.51596765142452,94.99177273907843,64.4840323485755,37.00822726092158,0.7196346419627153
7,93.18898211171307,68.5213103762596,76.81101788828694,56.4786896237404,0.5481704830100769
8,93.76933672117215,54.4984179234163,23.230663278827848,13.5015820765837,0.8014473224031808
9,99.69279187931011,74.76959390948258,20.30720812068989,15.230406090517421,0.8307732656609176
10,52.895523278576874,30.454998251301838,13.104476721423126,7.545001748698166,0.8014473224026799
11,99.69279187931011,74.76959390948258,20.30720812068989,15.23040609051742,0.8307732656609176
12,231.9795105702066,169.58502152028896,58.02048942979342,42.41497847971105,0.7999293467938159
13,108.01826598813479,95.94563626004914,61.981734011865214,55.054363739950865,0.635401564636087
14,13.624604480854074,8.014473224031809,3.3753955191459273,1.9855267759681914,0.8014473224031808
15,107.12172355085654,50.4102228474619,62.87827644914344,29.589777152538097,0.6301277855932738
