load_id,pd,qd,pshed,qshed,z_demand
1,159.99999600580486,109.99999725399084,3.994195141090712e-6,2.746009168194288e-6,0.9999999750362804
2,32.66804659845878,28.824746998640098,35.33195340154122,31.175253001359906,0.48041244997733495
3,1154.9999959342445,659.999997676711,4.06575553549253e-6,2.3232889575298766e-6,0.9999999964798653
4,233.00003823900747,91.27836549569363,251.99996176099253,98.72163450430637,0.48041244997733495
5,127.99999742225995,85.9999982680809,2.5777400527652887e-6,1.7319190944857009e-6,0.9999999798614059
6,229.99998759873708,131.99999288275345,1.240126292124949e-5,7.117246555592734e-6,0.9999999460814656
7,20.532047254200975,15.097093569265422,149.467952745799,109.90290643073457,0.12077674855412338
8,116.99986538239618,67.99992176070889,0.0001346176038084862,7.823929110752436e-5,0.9999988494221895
9,119.99999700435365,89.99999775326523,2.9956463711668807e-6,2.246734775752245e-6,0.9999999750362804
10,65.9999240618645,37.9999562780432,7.593813548698753e-5,4.372195679604842e-5,0.9999988494221895
11,119.99999700435365,89.99999775326523,2.9956463708338138e-6,2.2467347778685805e-6,0.9999999750362804
12,139.31961049342715,101.84743939519501,150.68038950657285,110.152560604805,0.48041244997733495
13,169.9999985970209,150.99999875382446,1.4029790869154896e-6,1.2461755237299328e-6,0.9999999917471818
14,16.99998044017722,9.999988494221896,1.955982277488269e-5,1.1505778105823682e-5,0.9999988494221895
15,64.28054560418452,30.24966851961625,105.71945439581546,49.75033148038374,0.3781208564952031
