block_id,status
1,0.9999999901334216
2,0.9999999938702993
3,1.0
