block_id,status
1,1.0000000006358913
2,0.999999990621448
3,1.0
