switch_id,state,ps_fr,qs_fr
1,1.0,1114.6680115996887,376.53702733439934
2,1.0,1497.842551560846,823.3185170847294
