switch_id,state,ps_fr,qs_fr
1,1.0,1012.9999940938519,612.9955285557032
2,1.0,1714.2634587398484,948.533502826047
