switch_name,phase,p,q,s_mag,current_rating,is_closed
632633,1,312.15954169042266,1.8754259086697986,312.16517533304966,308.0,true
632633,2,126.79070740782352,-95.99233160302188,159.0295922511305,308.0,true
632633,3,243.36385077602563,-13.624205821640976,243.7449134829404,308.0,true
632645,1,283.3563255649607,161.9149580006411,326.3545018258908,322.0,true
632645,2,284.1237791041637,162.35540646877058,327.2393617248257,322.0,true
632645,3,317.36004203982145,74.24808494090432,325.92970776059826,322.0,true
