case,fair_func,total_demand,final_pshed,final_pd_served,pct_shed,pct_served,relaxed_pshed_final,objective,bilevel_iters_completed,bilevel_iters_total,bilevel_last_status,bilevel_early_stop,max_delta_weights,max_delta_pshed,weights_converged
motivation_c,efficiency,3466.0,1970.836668640131,1495.1633313598695,56.86199274783989,43.138007252160115,1775.8258843554588,14751.633970969568,20,20,LOCALLY_SOLVED,false,0.500000079796548,63.353932446699474,false
motivation_c,palma,3466.0,2979.0979794438,486.9020206656207,85.95204787777841,14.047952125378554,2583.282556301664,1898.3942580148569,20,20,OPTIMAL,false,0.002449799674758779,1.7718996559779043e-5,true
motivation_c,min_max,3466.0,2027.365502630954,1438.6344973690457,58.49294583470728,41.50705416529272,1777.3438508954187,13587.140094513219,20,20,LOCALLY_SOLVED,false,0.4999997681897588,15.00081804509121,true
motivation_c,equality_min,3466.0,3266.0,200.0,94.22965954991345,5.770340450086555,3022.833777566265,200.0,20,20,LOCALLY_SOLVED,false,0.0,0.0,true
motivation_c,proportional,3466.0,1970.836668640131,1495.1633313598695,56.86199274783989,43.138007252160115,1775.8610924042312,14751.651005252384,20,20,LOCALLY_SOLVED,false,0.5000000468442085,63.38920829233711,false
