case,fair_func,total_demand,final_pshed,final_pd_served,pct_shed,pct_served,relaxed_pshed_final,objective,bilevel_iters_completed,bilevel_iters_total,bilevel_last_status,bilevel_early_stop,max_delta_weights,max_delta_pshed,weights_converged
motivation_c,efficiency,3466.0,2027.365502630954,1438.6344973690457,58.49294583470728,41.50705416529272,1777.473380572712,13586.345308906253,20,20,LOCALLY_SOLVED,false,0.5000000699421809,15.000831973412293,false
motivation_c,palma,3466.0,3266.0,200.0,94.22965954991345,5.770340450086555,2818.5766817017757,200.0,20,20,OPTIMAL,false,9.42695663908033e-6,0.15594120047632032,true
motivation_c,min_max,3466.0,2027.365502630954,1438.6344973690457,58.49294583470728,41.50705416529272,1777.3438508954187,13587.140094513219,20,20,LOCALLY_SOLVED,false,0.4999997681897588,15.00081804509121,true
motivation_c,equality_min,3466.0,3266.0,200.0,94.22965954991345,5.770340450086555,3022.833772337981,200.0,20,20,LOCALLY_SOLVED,false,4.6629367034256575e-15,7.943236255414377e-7,true
