case,fair_func,total_demand,final_pshed,final_pd_served,pct_shed,pct_served,relaxed_pshed_final,objective,bilevel_iters_completed,bilevel_iters_total,bilevel_last_status,bilevel_early_stop,max_delta_weights,max_delta_pshed,weights_converged
motivation_c,efficiency,3466.0,1970.1373837701094,1495.8626162298908,56.8418171889818,43.1581828110182,1773.380853419972,14758.62684979714,20,20,LOCALLY_SOLVED,false,0.500000079850917,60.921694458182934,false
motivation_c,palma,3466.0,2978.9560370094787,487.04396299052166,85.94795259692668,14.052047403073331,2583.282537590661,1899.2301394688598,20,20,OPTIMAL,false,0.002448618037334427,6.027948099074365e-5,true
motivation_c,min_max,3466.0,2026.5463571414575,1439.4536428585423,58.469312092944534,41.53068790705546,1777.2143471959807,13596.122874750588,20,20,LOCALLY_SOLVED,false,0.4999997681645292,15.000813798152366,true
motivation_c,equality_min,3466.0,3266.0,200.0,94.22965954991345,5.770340450086555,3022.8337723879345,200.0,20,20,LOCALLY_SOLVED,false,0.0,0.0,true
motivation_c,proportional,3466.0,1970.1373837701094,1495.8626162298906,56.8418171889818,43.15818281101819,1773.1107052554885,14758.643335996137,20,20,LOCALLY_SOLVED,false,0.5000000561879805,60.652844133550076,false
