switch_id,state,ps_fr,qs_fr
1,1.0,2.5672608546313753e-7,-355.4827877972493
2,1.0,400.0,289.9982142360417
3,0.0,0.0,0.0
4,1.0,609.3649637343071,-7.059297648554097
5,1.0,286.4976524959957,173.5413183460031
6,0.0,0.0,0.0
