switch_id,state,ps_fr,qs_fr
1,0.0,0.0,0.0
2,0.0,0.0,0.0
3,0.0,0.0,0.0
4,0.0,0.0,0.0
5,1.0,286.90202050582303,173.83863359239717
6,1.0,0.0,0.0
