load_id,pd,qd,pshed,qshed,z_demand
1,160.0,110.0,0.0,0.0,1.0
2,2.066779935324879e-8,1.8236293546984224e-8,67.9999999793322,59.99999998176371,3.039382257830704e-10
3,606.3444996295875,346.4825712169071,548.6555003704126,313.5174287830929,0.5249735927528896
4,1.4741003950478916e-7,5.774826289878338e-8,484.99999985258995,189.99999994225175,3.039382257830704e-10
5,2.623572186925564,1.7627125630906133,125.37642781307443,84.23728743690938,0.02049665771035597
6,230.0,132.0,0.0,0.0,1.0
7,56.49765249608968,41.54239154124241,113.50234750391033,83.45760845875759,0.3323391323299393
8,117.0,68.0,0.0,0.0,1.0
9,120.0,90.0,0.0,0.0,1.0
10,66.0,38.0,0.0,0.0,1.0
11,120.0,90.0,0.0,0.0,1.0
12,8.814208547709042e-8,6.443490386601093e-8,289.9999999118579,211.99999993556509,3.039382257830704e-10
13,0.0,0.0,170.0,151.0,0.0
14,17.0,10.0,0.0,0.0,1.0
15,0.3968916610680733,0.18677254638497565,169.60310833893192,79.81322745361503,0.0023346568298121956
