load_id,pd,qd,pshed,qshed,z_demand
1,160.0,110.0,0.0,0.0,1.0
2,0.0,0.0,68.0,60.0,0.0
3,522.4502793955971,298.54301679748414,632.5497206044028,361.45698320251586,0.4523379042386123
4,0.0,0.0,485.0,190.0,0.0
5,2.855546637777847,1.918570397256991,125.14445336222215,84.08142960274301,0.02230895810763943
6,230.0,132.0,0.0,0.0,1.0
7,55.565498921200884,40.856984500883,114.43450107879912,84.143015499117,0.326855876007064
8,117.0,68.0,0.0,0.0,1.0
9,120.0,90.0,0.0,0.0,1.0
10,66.0,38.0,0.0,0.0,1.0
11,120.0,90.0,0.0,0.0,1.0
12,0.0,0.0,290.0,212.0,0.0
13,0.0,0.0,170.0,151.0,0.0
14,17.0,10.0,0.0,0.0,1.0
15,28.582317903966405,13.450502543043015,141.4176820960336,66.54949745695698,0.16813128178803768
