switch_id,state,ps_fr,qs_fr
1,0.0,0.0,0.0
2,0.0,0.0,0.0
3,0.0,0.0,0.0
4,0.0,0.0,0.0
5,1.0,287.04396343633664,173.94300258358965
6,1.0,0.0,0.0
