bus_id,vm_avg,z_voltage
1,0.0,0.0
2,0.0,0.0
3,0.0,0.0
4,0.0,0.0
5,0.0,0.0
6,1.03,1.0
7,0.0,0.0
8,1.0239297931992588,1.0
9,1.0239297931992588,1.0
10,0.0,0.0
11,0.0,0.0
12,0.0,0.0
13,1.0231365439612616,1.0
14,1.023200494673679,1.0
15,0.0,0.0
16,0.0,0.0
17,0.0,0.0
18,0.0,0.0
19,1.0239297931992588,1.0
20,0.0,0.0
