load_id,pd,qd,pshed,qshed,z_demand
1,160.0,110.0,0.0,0.0,1.0
2,1.939561736537948e-8,1.7113780028276014e-8,67.99999998060439,59.99999998288622,2.8522966713793356e-10
3,605.6410316957084,346.08058954040473,549.3589683042917,313.9194104595952,0.5243645296066739
4,1.383363885618978e-7,5.4193636756207376e-8,484.99999986166364,189.99999994580637,2.8522966713793356e-10
5,2.7822876230880493,1.8693494967622832,125.21771237691195,84.13065050323772,0.021736622055375385
6,230.0,132.0,0.0,0.0,1.0
7,56.32377285604853,41.414538864741566,113.67622714395148,83.58546113525844,0.3313163109179325
8,117.0,68.0,0.0,0.0,1.0
9,120.0,90.0,0.0,0.0,1.0
10,66.0,38.0,0.0,0.0,1.0
11,120.0,90.0,0.0,0.0,1.0
12,8.271660347000073e-8,6.046868943324191e-8,289.9999999172834,211.9999999395313,2.8522966713793356e-10
13,0.0,0.0,170.0,151.0,0.0
14,17.0,10.0,0.0,0.0,1.0
15,0.41623894457578586,0.1958771503886051,169.58376105542422,79.80412284961139,0.002448464379857564
