load_id,pd,qd,pshed,qshed,z_demand
1,0.0,0.0,160.0,110.0,0.0
2,0.0,0.0,68.0,60.0,0.0
3,0.0,0.0,1155.0,660.0,0.0
4,0.0,0.0,485.0,190.0,0.0
5,0.0,0.0,128.0,86.0,0.0
6,230.0,132.0,2.408140176157758e-8,1.3820624644722557e-8,1.0
7,56.902020665620675,41.83972107766226,113.09797933437932,83.16027892233774,0.3347177686212981
8,117.0,68.0,5.456109875012771e-8,3.171072648910922e-8,1.0
9,0.0,0.0,120.0,90.0,0.0
10,66.0,38.0,3.07780538832958e-8,1.7720701350754098e-8,1.0
11,0.0,0.0,120.0,90.0,0.0
12,0.0,0.0,290.0,212.0,0.0
13,0.0,0.0,170.0,151.0,0.0
14,17.0,10.0,0.0,0.0,1.0
15,0.0,0.0,170.0,80.0,0.0
