load_id,pd,qd,pshed,qshed,z_demand
1,0.0,0.0,160.0,110.0,0.0
2,0.0,0.0,68.0,60.0,0.0
3,0.0,0.0,1155.0,660.0,0.0
4,0.0,0.0,485.0,190.0,0.0
5,0.0,0.0,128.0,86.0,0.0
6,230.0,132.0,0.0,0.0,1.0
7,57.04396338213832,41.94409072216053,112.95603661786168,83.05590927783948,0.33555272577728423
8,116.99999977090422,67.99999986685032,2.2909577523932967e-7,1.3314968327904353e-7,0.9999999980419164
9,0.0,0.0,120.0,90.0,0.0
10,65.99999987076649,37.999999925592824,1.2923351278004702e-7,7.440717553208742e-8,0.9999999980419164
11,0.0,0.0,120.0,90.0,0.0
12,0.0,0.0,290.0,212.0,0.0
13,0.0,0.0,170.0,151.0,0.0
14,16.99999996671258,9.999999980419163,3.328742081976088e-8,1.9580836507770982e-8,0.9999999980419164
15,0.0,0.0,170.0,80.0,0.0
