bus_id,vm_avg,z_voltage
1,1.0125652847770537,1.0
2,1.0125652947981771,1.0
3,1.012504314932555,1.0
4,1.0126991367240434,1.0
5,0.0,0.0
6,1.03,1.0
7,1.0128743650998082,1.0
8,1.0148394313952176,1.0
9,1.0148394313952176,1.0
10,1.0148394313952176,1.0
11,1.0127254464879434,1.0
12,0.0,0.0
13,1.0125652847770537,1.0
14,1.0141479424788205,1.0
15,0.0,0.0
16,1.0148394313952176,1.0
17,1.0128743650998082,1.0
18,1.0125652847770537,1.0
19,1.0148394313952176,1.0
20,0.0,0.0
