case,fair_func,total_demand,final_pshed,final_pd_served,pct_shed,pct_served,relaxed_pshed_final,objective
motivation_c,efficiency,3466.0,2508.0,958.0,72.3600692440854,27.639930755914598,1933.6747939186246,8680.000863849038
motivation_c,proportional,3466.0,3266.0,200.0,94.22965954991345,5.770340450086555,3291.1021030465135,201.99999799999998
motivation_c,equality_min,3466.0,2338.0,1128.0,67.45527986151183,32.544720138488174,1.98629796645859,8937.34369003672
motivation_c,min_max,3466.0,3266.0,200.0,94.22965954991345,5.770340450086555,3120.440794064964,295.93998987570035
motivation_c,jain,3466.0,3266.0,200.0,94.22965954991345,5.770340450086555,2694.651211929936,1999.4193929793933
motivation_c,palma,3466.0,2338.0,1128.0,67.45527986151183,32.544720138488174,1782.9047461259554,11280.0
