switch_name,phase,p,q,c_mag,current_rating,is_closed
632633,1,570.0,63.832064631571676,569.2933065024014,700.0,true
632633,2,68.0,-148.2249875041797,160.93876006870119,700.0,true
632633,3,375.0,87.85472174668205,382.92116217766863,700.0,true
632645,1,385.0,219.99722364014062,440.1218776932839,700.0,true
632645,2,555.0,344.99720135273094,644.9141677394055,700.0,true
632645,3,385.0,118.93888851348872,400.61759962796987,700.0,true
