switch_name,phase,p,q,c_mag,current_rating,is_closed
632633,1,570.0,63.40907595289698,568.6577715289706,700.0,true
632633,2,68.0,-148.811348218607,161.23770101445118,700.0,true
632633,3,375.0,88.93384028890213,384.1833952846995,700.0,true
632645,1,385.0,219.9972132141837,439.66650619126665,700.0,true
632645,2,500.0,285.99720510612946,567.6576979657347,700.0,true
632645,3,500.0,185.63656107392518,531.6632401566031,700.0,true
