switch_name,phase,p,q,c_mag,current_rating,is_closed
632633,1,570.0,63.34946536657819,568.5681695816849,700.0,true
632633,2,68.0,-149.07722780270495,161.373590537386,700.0,true
632633,3,375.0,89.76635900807881,385.16636643918554,700.0,true
632645,1,385.0,219.99721167351896,439.6022777331903,700.0,true
632645,2,500.0,285.997197789712,567.2974820975912,700.0,true
632645,3,500.0,285.99725747924714,575.3766673430998,700.0,true
