switch_name,phase,p,q,c_mag,current_rating,is_closed
632633,1,570.0,63.40907595290233,568.6577715289749,700.0,true
632633,2,68.0,-148.811348219485,161.23770101523817,700.0,true
632633,3,375.0,88.93384028890293,384.18339528470005,700.0,true
632645,1,385.0,219.9972132141837,439.6665061912696,700.0,true
632645,2,500.0,285.9972051061294,567.6576979657347,700.0,true
632645,3,500.0,185.63656107392876,531.6632401566048,700.0,true
