switch_name,phase,p,q,c_mag,current_rating,is_closed
632633,1,485.0,-13.334690590347217,480.2067542731819,700.0,true
632633,2,68.0,-147.19768000540589,160.24509213742036,700.0,true
632633,3,290.0,11.809419987717945,288.761576958267,700.0,true
632645,1,385.0,219.99719983858694,438.8745997516382,700.0,true
632645,2,555.0,344.99721222893186,645.830086157654,700.0,true
632645,3,555.0,199.63893084318025,586.8090200359212,700.0,true
