switch_id,state,ps_fr,qs_fr
1,1.0,1013.0,3.5315680223202435
2,1.0,1385.0,691.6309793942419
