switch_id,state,ps_fr,qs_fr
1,1.0,0.0,-0.2369670036562755
2,1.0,400.0,289.99826992015153
4,1.0,298.0,165.75475026858987
5,1.0,230.0,131.9989601095116
