switch_id,state,ps_fr,qs_fr
1,1.0,0.0,-0.2378331792997357
2,1.0,400.0,289.99826518319855
4,1.0,298.0,67.16591832355742
5,1.0,230.0,131.99895726734337
