switch_id,state,ps_fr,qs_fr
1,1.0,1013.0,4.038596571952041
2,1.0,1385.0,791.9916669424781
