switch_id,state,ps_fr,qs_fr
2,1.0,400.0,289.9982592606393
3,1.0,-230.0,-131.99895964682074
4,1.0,358.0,116.6789003196843
