switch_id,state,ps_fr,qs_fr
1,1.0,1013.0,3.531568023192108
2,1.0,1385.0,691.6309793942382
