switch_id,state,ps_fr,qs_fr
1,1.0,843.0,-148.72295060803515
2,1.0,1495.0,764.6333429106991
