switch_id,state,ps_fr,qs_fr
1,1.0,1013.0,3.4617988740740344
2,1.0,1325.0,683.9333135063603
