case,fair_func,total_demand,final_pshed,final_pd_served,pct_shed,pct_served,relaxed_pshed_final,objective,bilevel_iters_completed,bilevel_iters_total,bilevel_last_status,bilevel_early_stop,max_delta_weights,max_delta_pshed,weights_converged
motivation_c,efficiency,3466.0,1970.8366686401307,1495.1633313598695,56.86199274783989,43.138007252160115,1781.762979072931,14751.63497149479,20,20,LOCALLY_SOLVED,false,0.5000000794227049,4.2494718416389405,false
motivation_c,min_max,3466.0,1934.0264650668682,1531.9735349331318,55.79995571456631,44.20004428543369,1799.5886279542935,14995.176567337287,20,20,LOCALLY_SOLVED,false,0.499998890088019,4.995793153260337,true
motivation_c,palma,3466.0,3266.0,200.0,94.22965954991345,5.770340450086555,2816.812527175416,200.0,20,20,OPTIMAL,false,0.0,0.0,true
motivation_c,jain,3466.0,3266.0,200.0,94.22965954991345,5.770340450086555,3022.8333624400566,200.00025868643175,20,20,LOCALLY_SOLVED,false,1.546629491144813e-11,7.923649150143319e-7,true
motivation_c,equality_min,3466.0,3266.0,200.0,94.22965954991345,5.770340450086555,3022.8337781209166,200.0,20,20,LOCALLY_SOLVED,false,0.0,0.0,true
motivation_c,proportional,3466.0,1970.836668640131,1495.163331359869,56.86199274783989,43.1380072521601,1781.764111695362,14751.775596512656,20,20,LOCALLY_SOLVED,false,0.49999980806812516,4.2570374063692284,true
