switch_id,state,ps_fr,qs_fr
1,0.0,0.0,0.0
2,1.0,489.6070515148754,-88.59020951650741
3,0.0,0.0,0.0
4,1.0,555.7922212214881,211.19295905321627
5,1.0,286.5742621986674,173.59764626432857
6,1.0,89.60705151513193,-378.5884171062029
