load_id,pd,qd,pshed,qshed,z_demand
1,160.0,110.0,0.0,0.0,1.0
2,0.0,0.0,68.0,60.0,0.0
3,525.5947350765241,300.33984861515665,629.4052649234759,359.66015138484335,0.4550603766896313
4,0.0,0.0,485.0,190.0,0.0
5,2.320935733739938,1.559378696106521,125.67906426626006,84.44062130389348,0.018132310419843266
6,230.0,132.0,0.0,0.0,1.0
7,56.5742621987499,41.59872220496316,113.42573780125011,83.40127779503683,0.3327897776397053
8,117.0,68.0,0.0,0.0,1.0
9,120.0,90.0,0.0,0.0,1.0
10,66.0,38.0,0.0,0.0,1.0
11,120.0,90.0,0.0,0.0,1.0
12,0.0,0.0,290.0,212.0,0.0
13,89.60705151289359,79.5921457555702,80.39294848710641,71.4078542444298,0.5271003030170212
14,17.0,10.0,0.0,0.0,1.0
15,27.876550411224088,13.118376664105453,142.1234495887759,66.88162333589455,0.16397970830131817
