load_id,pd,qd,pshed,qshed,z_demand
1,160.0,110.0,0.0,0.0,1.0
2,1.9395617316959303e-8,1.7113779985552324e-8,67.99999998060439,59.99999998288622,2.852296664258721e-10
3,605.6410316957084,346.08058954040473,549.3589683042917,313.9194104595952,0.5243645296066739
4,1.3833638821654795e-7,5.4193636620915694e-8,484.99999986166364,189.99999994580637,2.852296664258721e-10
5,2.7822876230880347,1.8693494967622732,125.21771237691196,84.13065050323773,0.02173662205537527
6,230.0,132.0,0.0,0.0,1.0
7,56.32377285604854,41.41453886474158,113.67622714395145,83.58546113525841,0.3313163109179326
8,117.0,68.0,0.0,0.0,1.0
9,120.0,90.0,0.0,0.0,1.0
10,66.0,38.0,0.0,0.0,1.0
11,120.0,90.0,0.0,0.0,1.0
12,8.27166032635029e-8,6.046868928228488e-8,289.9999999172834,211.9999999395313,2.852296664258721e-10
13,0.0,0.0,170.0,151.0,0.0
14,17.0,10.0,0.0,0.0,1.0
15,0.4162389445758212,0.19587715038862175,169.5837610554242,79.80412284961137,0.002448464379857772
