case,fair_func,total_demand,final_pshed,final_pd_served,pct_shed,pct_served,relaxed_pshed_final,objective
motivation_c,efficiency,3466.0,2244.9676719205595,1221.0323280491152,64.77113883209924,35.228861167025826,2210.2910313887833,10125.690888018878
motivation_c,proportional,3466.0,3266.0,200.0,94.22965954991345,5.770340450086555,3291.1021030465135,201.99999799999998
motivation_c,equality_min,3466.0,2366.236987892889,1099.7630121071109,68.26996502864654,31.73003497135346,1752.020900613663,16142.888429495228
motivation_c,min_max,3466.0,3266.0,200.0,94.22965954991345,5.770340450086555,3131.169101568522,359.7029266737117
motivation_c,jain,3466.0,2820.5097689038607,645.4902310961389,81.37650804685114,18.623491953148843,2694.6510829359822,3974.8344626718826
motivation_c,palma,3466.0,2233.8765274309985,1232.1234725690015,64.45114043366989,35.5488595663301,1782.9047461259554,12321.234725690014
