bus_id,vm_avg,z_voltage
1,1.0046125141555444,1.0
2,1.004612525135911,1.0
3,1.0058460377241931,1.0
4,1.004797443231672,1.0
5,1.0058460377241931,1.0
6,1.014889156509222,1.0
7,1.0049617043218004,1.0
8,0.0,0.0
9,1.007033071575795,1.0
10,1.007033071575795,1.0
11,1.0047977021134915,1.0
12,1.0054513530428444,1.0
13,1.0046125141555444,1.0
14,0.0,0.0
15,1.0054513530428444,1.0
16,1.007033071575795,1.0
17,1.0049617043218004,1.0
18,1.0046125141555444,1.0
19,0.0,0.0
20,1.0058460377241931,1.0
