load_id,pd,qd,pshed,qshed,z_demand
1,160.0,110.0,0.0,0.0,1.0
2,0.0,0.0,68.0,60.0,0.0
3,519.6158276596733,296.92333009124184,635.3841723403268,363.07666990875816,0.44988383347157856
4,0.0,0.0,485.0,190.0,0.0
5,0.7474890303961614,0.502219192297421,127.25251096960383,85.49778080770258,0.005839758049970011
6,0.0,0.0,230.0,132.0,0.0
7,0.0,0.0,170.0,125.0,0.0
8,117.0,68.0,0.0,0.0,1.0
9,120.0,90.0,0.0,0.0,1.0
10,66.0,38.0,0.0,0.0,1.0
11,120.0,90.0,0.0,0.0,1.0
12,0.0,0.0,290.0,212.0,0.0
13,0.0,0.0,170.0,151.0,0.0
14,17.0,10.0,0.0,0.0,1.0
15,26.593876205543076,12.514765273196742,143.40612379445693,67.48523472680326,0.15643456591495927
