switch_id,state,ps_fr,qs_fr
1,0.0,0.0,0.0
2,1.0,350.5799137997173,-56.456214643213976
3,0.0,0.0,0.0
4,1.0,549.1830983075854,210.86124101343
5,0.0,0.0,0.0
6,1.0,349.64233990946786,-57.13420208104054
