load_id,pd,qd,pshed,qshed,z_demand
1,160.0,110.0,0.0,0.0,1.0
2,0.36426082912834995,0.32140661393677933,67.63573917087164,59.67859338606322,0.0053567768989463225
3,595.2768118468329,340.1581781981902,559.7231881531671,319.8418218018098,0.515391179088167
4,2.5980367959889663,1.0177876107998012,482.40196320401105,188.98221238920019,0.0053567768989463225
5,0.0,0.0,128.0,86.0,0.0
6,0.0,0.0,230.0,132.0,0.0
7,160.42581005240058,117.96015445029455,9.574189947599422,7.039845549705447,0.9436812356023564
8,117.0,68.0,0.0,0.0,1.0
9,120.0,90.0,0.0,0.0,1.0
10,66.0,38.0,0.0,0.0,1.0
11,120.0,90.0,0.0,0.0,1.0
12,1.5534653006944334,1.1356367025766203,288.4465346993056,210.86436329742338,0.0053567768989463225
13,0.0,0.0,170.0,151.0,0.0
14,17.0,10.0,0.0,0.0,1.0
15,0.6102257216120293,0.28716504546448435,169.38977427838796,79.71283495453551,0.0035895630683060544
