switch_id,state,ps_fr,qs_fr
1,1.0,0.7541042004348764,-349.96724276942666
2,1.0,400.0,289.99827063164963
3,0.0,0.0,0.0
4,1.0,599.6875018948558,-7.484703873967781
5,1.0,283.8688361982646,171.60839891250126
6,0.0,0.0,0.0
