load_id,pd,qd,pshed,qshed,z_demand
1,160.0,110.0,0.0,0.0,1.0
2,0.0,0.0,68.0,60.0,0.0
3,523.6476694452626,299.2272396830072,631.3523305547374,360.7727603169928,0.45337460558031395
4,0.0,0.0,485.0,190.0,0.0
5,0.02690697519799684,0.018078123961154127,127.973093024802,85.98192187603884,0.00021021074373435032
6,0.0,0.0,230.0,132.0,0.0
7,0.0,0.0,170.0,125.0,0.0
8,117.0,68.0,0.0,0.0,1.0
9,120.0,90.0,0.0,0.0,1.0
10,66.0,38.0,0.0,0.0,1.0
11,120.0,90.0,0.0,0.0,1.0
12,0.0,0.0,290.0,212.0,0.0
13,82.6222180228459,73.38797012617489,87.3777819771541,77.61202987382511,0.4860130471932112
14,17.0,10.0,0.0,0.0,1.0
15,25.8266781256949,12.153730882679953,144.1733218743051,67.84626911732005,0.15192163603349942
