switch_id,state,ps_fr,qs_fr
1,0.0,0.0,0.0
2,1.0,471.5823414305223,-77.49618163965609
3,0.0,0.0,0.0
4,1.0,549.4499866486999,210.04478695199563
5,0.0,0.0,0.0
6,1.0,71.58234143074061,-367.49442984923996
