switch_id,state,ps_fr,qs_fr
1,1.0,4.515762925930091,-346.65614026134847
2,1.0,400.0,289.9982665831551
3,0.0,0.0,0.0
4,1.0,600.4028004944379,-6.219112963407044
5,1.0,160.42581005866913,117.95911169214044
6,0.0,0.0,0.0
