load_id,pd,qd,pshed,qshed,z_demand
1,160.0,110.0,0.0,0.0,1.0
2,0.0,0.0,68.0,60.0,0.0
3,596.5124095141662,340.86423400809497,558.4875904858338,319.13576599190503,0.5164609606183257
4,0.0,0.0,485.0,190.0,0.0
5,2.420988120212737,1.6266013932679326,125.57901187978726,84.37339860673207,0.018913969689162008
6,230.0,132.0,0.0,0.0,1.0
7,53.868836198419835,39.609438381191055,116.13116380158016,85.39056161880895,0.31687550704952844
8,117.0,68.0,0.0,0.0,1.0
9,120.0,90.0,0.0,0.0,1.0
10,66.0,38.0,0.0,0.0,1.0
11,120.0,90.0,0.0,0.0,1.0
12,0.0,0.0,290.0,212.0,0.0
13,0.7541041290258239,0.6698219028405847,169.24589587097418,150.3301780971594,0.004435906641328376
14,17.0,10.0,0.0,0.0,1.0
15,0.0,0.0,170.0,80.0,0.0
