case,fair_func,total_demand,final_pshed,final_pd_served,pct_shed,pct_served,relaxed_pshed_final,objective
motivation_c,efficiency,3466.0,1592.050241447114,1873.9497585528857,45.93335953396174,54.06664046603825,693.1999717118122,2414.30954260858
motivation_c,proportional,3466.0,1298.282875824516,2167.7171241754845,37.457670970124525,62.54232902987549,693.1933542350811,2189.3942737400675
motivation_c,equality_min,3466.0,1659.9324516704426,1806.0675483295577,47.8918768514265,52.108123148573505,693.1998302122437,2704.76533678361
motivation_c,min_max,3466.0,1592.051846358659,1873.9481536413412,45.93340583839178,54.06659416160823,693.1986317550529,4570.946790418357
motivation_c,jain,3466.0,1298.2782539052887,2167.7217460947118,37.457537619887155,62.54246238011286,693.1997549610157,8615.781596032924
