load_id,pd,qd,pshed,qshed,z_demand
1,160.00000141381764,110.00000097199964,-1.4138176468572678e-6,-9.719996212592342e-7,1.0000000088363603
2,46.49749006891738,41.02719711963298,21.502509931082628,18.972802880367016,0.6837866186605497
3,540.9623952143277,309.12136869390156,614.0376047856724,350.8786313060985,0.468365710142275
4,331.6365100503666,129.91945754550443,153.36348994963342,60.08054245449554,0.6837866186605497
5,50.32260567458458,33.810500687611516,77.67739432541543,52.18949931238848,0.39314535683269203
6,230.00000205045723,132.00000117678414,-2.0504572321168897e-6,-1.176784150503065e-6,1.0000000089150314
7,170.00000167614374,125.00000123245863,-1.67614373658219e-6,-1.2324586318530213e-6,1.000000009859669
8,116.9999998768305,67.99999992841431,1.2316950406804206e-7,7.158569811683268e-8,0.9999999989472692
9,120.00000106036323,90.00000079527243,-1.0603632418265453e-6,-7.952724201481915e-7,1.0000000088363603
10,65.99999993051976,37.99999995999623,6.9480235285335e-8,4.0003764705754015e-8,0.9999999989472692
11,120.00000106036323,90.00000079527243,-1.060363228650737e-6,-7.952724289123142e-7,1.0000000088363603
12,198.2981194115594,144.96276315603654,91.70188058844057,67.03723684396346,0.6837866186605497
13,-1.6336623741256887e-6,-1.4510765793704647e-6,170.00000163366238,151.00000145107657,-9.609778671327581e-9
14,16.999999982103578,9.999999989472691,1.789642447704863e-8,1.0527308122838618e-8,0.9999999989472692
15,-1.6612079819942482e-6,-7.817449327031756e-7,170.000001661208,80.00000078174493,-9.771811658789696e-9
