block_id,status
1,1.0
2,1.0000000016142556
3,0.9999999900001778
4,0.9999999801253325
