switch_id,state,ps_fr,qs_fr
1,1.0,-1359.7232789832005,-674.9087174501428
2,1.0,1359.723269010366,31.954483295579685
4,1.0,246.34427774671553,144.0167310706887
