switch_id,state,ps_fr,qs_fr
2,1.0,976.431748764898,-32.664008850063055
3,1.0,591.2899969252097,236.2871641366475
4,1.0,991.2899964402702,493.28605588672235
