block_id,status
1,0.9999999900102328
2,0.9999999900000417
3,1.0
