load_id,pd,qd,pshed,qshed,z_demand
1,159.99999977787976,109.99999984729233,2.2212025843439867e-7,1.5270766773245224e-7,0.9999999986117485
2,46.497460335821536,41.02717088454842,21.502539664178457,18.972829115451578,0.6837861814091403
3,540.9673730219016,309.12421315537233,614.0326269780985,350.87578684462767,0.4683700199323823
4,331.63629798343305,129.91937446773665,153.36370201656692,60.080625532263355,0.6837861814091403
5,50.32262553461258,33.810514031067825,77.67737446538743,52.18948596893217,0.39314551198916076
6,229.99999954607406,131.999999739486,4.5392595746789347e-7,2.6051402774532323e-7,0.9999999980264089
7,169.99999996898637,124.99999997719587,3.101361584985419e-8,2.2804126140844735e-8,0.9999999998175669
8,117.00000052038277,68.00000030244469,-5.203827744367356e-7,-3.0244469357581726e-7,1.000000004447716
9,119.99999983340982,89.99999987505737,1.6659018453700284e-7,1.2494263862452826e-7,0.9999999986117485
10,66.00000029354925,38.000000169013205,-2.935492683498058e-7,-1.6901320868930222e-7,1.000000004447716
11,119.99999983340982,89.99999987505737,1.665901847607822e-7,1.2494263754170165e-7,0.9999999986117485
12,198.29799260865067,144.96267045873773,91.70200739134931,67.03732954126225,0.6837861814091403
13,-1.6077067077633977e-6,-1.4280218404251355e-6,170.0000016077067,151.00000142802185,-9.457098280961163e-9
14,17.000000075611172,10.00000004447716,-7.561117211024539e-8,-4.447715990699536e-8,1.000000004447716
15,-1.6313043455748655e-6,-7.676726332117015e-7,170.00000163130434,80.00000076767263,-9.595907915146268e-9
