block_id,status
1,1.0
2,0.9999999919518486
3,0.999999990000261
4,0.9999999918844041
