block_id,status
1,1.0
2,1.0000000013492745
3,0.9999999900002288
4,0.9999999802475226
