switch_id,state,ps_fr,qs_fr
1,1.0,-481.3836805886571,-169.28836869514743
2,1.0,1273.9481477599977,92.50480037583618
4,1.0,400.0000039859882,256.99888769852043
