switch_id,state,ps_fr,qs_fr
2,1.0000000099999997,976.4321214317251,-32.663851849050175
3,1.0000000099999997,591.2849992277042,236.28430109084312
4,1.0000000099999995,991.2850029543052,493.28319553340566
