switch_id,state,ps_fr,qs_fr
1,1.0,1181.5911760924673,73.49657280659322
2,1.0,1418.181388486226,709.100028378346
