block_id,status
1,0.999999990008472
2,0.9999999900000315
3,1.0
