load_id,pd,qd,pshed,qshed,z_demand
1,159.99999996450592,109.99999997559782,3.549407414628943e-8,2.440217694323235e-8,0.999999999778162
2,67.99999998033482,59.999999982648376,1.9665184300179735e-8,1.735163063190839e-8,0.9999999997108062
3,600.6000210707365,343.2000120404208,554.3999789292636,316.79998795957914,0.5200000182430619
4,484.999999859741,189.9999999450532,1.4025903659949094e-7,5.4946837208055426e-8,0.9999999997108062
5,24.415232801984526,16.403984538833353,103.58476719801548,69.59601546116664,0.1907440062655041
6,229.99999997154407,131.99999998366877,2.845593260000074e-8,1.633123290353496e-8,0.9999999998762785
7,169.99999998832737,124.99999999141718,1.1672627933587552e-8,8.582811609026338e-9,0.9999999999313375
8,117.00000075382785,68.00000043812217,-7.538278276746825e-7,-4.3812216459159965e-7,1.000000006442973
9,119.99999997337945,89.99999998003459,2.6620560580971583e-8,1.99654173079834e-8,0.999999999778162
10,66.00000042523622,38.000000244832975,-4.25236221062465e-7,-2.4483297384940023e-7,1.000000006442973
11,119.99999997337945,89.99999998003459,2.6620559015412974e-8,1.9965423807992662e-8,0.999999999778162
12,289.9999999161338,211.9999999386909,8.386617288749954e-8,6.130907402610344e-8,0.9999999997108062
13,102.19723241228635,90.7751887897367,67.80276758771365,60.224811210263304,0.601160190660508
14,17.000000109530543,10.00000006442973,-1.0953054102580308e-7,-6.442973036441724e-8,1.000000006442973
15,-1.6947781317384315e-6,-7.975426502298501e-7,170.00000169477812,80.00000079754265,-9.969283127873127e-9
