block_id,status
1,1.000000009999999
2,1.0000000099999988
3,1.0000000099999988
4,1.0000000099999988
