config_bits,total_pshed,obj_min_max,obj_jain,delta_shed_to_mm_best,delta_shed_to_jain_best
0110011,565.0,200.0,0.17789077737531345,0.0,-648.0
0011111,1183.0,485.0,0.18329962881369696,618.0,-30.0
0010011,1213.0,485.0,0.18726902703074208,648.0,0.0
