fair_func,config_bits,obj,total_pshed,direction
efficient,0110011,565.0,565.0,min
jain,0010011,0.18726902703074208,1213.0,max
min_max,0110011,200.0,565.0,min
proportional,0110011,73.0432398529609,565.0,max
equality_min,0110011,765.0,565.0,min
