Iteration,Total_Load_Shed,Lower_Level_Load_Shed,Upper_Level_Load_Shed
1,1504.5273780230757,1504.5273780230757,654.2718520686154
2,1504.5273780230757,1504.5273780230757,654.2718520686154
3,1504.5273780230757,1504.5273780230757,654.2718520686154
4,1504.5273780230757,1504.5273780230757,654.2718520686154
5,1504.5273780230757,1504.5273780230757,654.2718520686154
