Iteration,Total_Load_Shed,Lower_Level_Load_Shed,Upper_Level_Load_Shed
1,2549.000014640864,2549.000014640864,2773.6927341350356
2,2549.000014640864,2549.000014640864,2773.6927341350356
3,2549.000014640864,2549.000014640864,2773.6927341350356
4,2549.000014640864,2549.000014640864,2773.6927341350356
5,2549.000014640864,2549.000014640864,2773.6927341350356
