switch_name,phase,p,q,c_mag,current_rating,is_closed
671692,1,0.0,0.0,0.0,700.0,true
671692,2,0.0,0.0,0.0,700.0,true
671692,3,0.0,0.0,0.0,700.0,true
632633,1,662.8000010369009,107.74577033216057,653.6370667229183,700.0,true
632633,2,187.99999929138104,-68.17523718352588,192.00600359540545,700.0,true
632633,3,427.80000217510025,115.27460793544347,436.2812993152002,700.0,true
632645,1,328.2000089828417,200.39711894912827,374.31443634611287,700.0,true
632645,2,485.2000079169218,305.3970272019208,550.4525069448013,700.0,true
632645,3,458.2013045900454,145.20232411736373,473.30540811625997,700.0,true
