switch_name,phase,p,q,c_mag,current_rating,is_closed
671692,1,0.0,0.0,0.0,700.0,true
671692,2,0.0,0.0,0.0,700.0,true
671692,3,0.0,0.0,0.0,700.0,true
632633,1,651.8417286259397,137.92533588649283,650.1134836133816,700.0,true
632633,2,177.04172678713434,-78.35589914986281,185.72686311135195,700.0,true
632633,3,448.26618858968396,141.120585951367,462.8595691673232,700.0,true
632645,1,339.15828146424917,206.65900490038757,387.52713101998495,700.0,true
632645,2,496.15828081188954,311.6588931479816,562.0756148593321,700.0,true
632645,3,435.0166411840149,135.37365233259848,448.71508072844466,700.0,true
