switch_name,phase,p,q,c_mag,current_rating,is_closed
632633,1,609.6699589197754,72.64846668537547,592.0568048864964,700.0,true
632633,2,183.04650895239595,-73.67925909051876,189.32174512077606,700.0,true
632633,3,388.8748207876782,74.52732610963044,382.5042124646114,700.0,true
632645,1,390.8946920635073,223.9575492728896,434.4177080652428,700.0,true
632645,2,527.2868103658046,306.06087939275955,584.9669254339826,700.0,true
632645,3,499.9999981477196,179.08168355324258,513.064981387974,700.0,true
