switch_name,phase,p,q,c_mag,current_rating,is_closed
632633,1,623.0,101.27783717575846,607.8388846759643,700.0,true
632633,2,135.19346846846838,-110.50770028225747,167.45070673802283,700.0,true
632633,3,421.5934684684685,111.66016678291015,421.5330433611883,700.0,true
632645,1,385.0,219.99703895004222,427.02594756753024,700.0,true
632645,2,604.0065315315317,373.12252937753914,680.8448333039437,700.0,true
632645,3,604.0065315315317,221.78079111956947,621.9017460625962,700.0,true
