switch_name,phase,p,q,c_mag,current_rating,is_closed
632633,1,528.8174968937062,199.1477323091172,589.1609255936728,700.0,true
632633,2,132.93179618211477,36.5870984999016,142.95088085568858,700.0,true
632633,3,356.81329302155655,201.967610381757,429.55309422251526,700.0,true
632645,1,466.265354082775,276.8770905736102,565.3929003816335,700.0,true
632645,2,556.1192406561191,335.22713054174847,673.2488915982663,700.0,true
632645,3,579.8862694569506,262.37342532598507,666.82177269057,700.0,true
