FairnessFunction,MinMax,Proportional,Jain,Palma,Gini
jain,1155.0000085466393,17.968273989507065,0.12474055684784009,-1.5379905550191483e8,0.5283969555053084
