switch_name,phase,p,q,c_mag,current_rating,is_closed
632633,1,478.0000947815154,134.36171701476133,531.7243975038054,700.0,true
632633,2,164.58548077451456,26.315015582041177,177.40681301773643,700.0,true
632633,3,310.1444054674935,129.89110480324746,361.57850348014483,700.0,true
632645,1,512.9999340972247,305.99759283698774,639.6757987758542,700.0,true
632645,2,508.6145995605098,292.3319497490741,624.4092127651492,700.0,true
632645,3,598.4557342412323,252.74824845142473,698.5827478418714,700.0,true
