switch_id,state,ps_fr,qs_fr
1,0.0,0.0,0.0
2,1.0,478.313086333563,-62.72766785165511
3,0.0,0.0,0.0
4,1.0,395.8436854888881,119.93084312360084
5,1.0,287.58371112670113,174.33988436932418
6,1.0,78.31308633400093,-352.7258693352221
