switch_id,state,ps_fr,qs_fr
1,0.0,0.0,0.0
2,1.0,478.3397900582146,-60.083323029167914
3,0.0,0.0,0.0
4,1.0,395.82170525072536,120.00590766658529
5,1.0,287.57862186477024,174.33614233865268
6,1.0,78.33979005875344,-350.0815246546543
