switch_id,state,ps_fr,qs_fr
1,0.0,0.0,0.0
2,0.0,0.0,0.0
3,1.0,401.8388824751985,122.40317447100644
4,0.0,0.0,0.0
5,1.0,534.1386486545645,219.58687822524513
6,1.0,0.0,0.0
