load_id,pd,qd,pshed,qshed,z_demand
1,0.0,0.0,160.0,110.0,0.0
2,0.0,0.0,68.0,60.0,0.0
3,103.83888247690805,59.33650427251889,1051.161117523092,600.6634957274812,0.08990379435230134
4,0.0,0.0,485.0,190.0,0.0
5,128.0,86.0,0.0,0.0,1.0
6,0.585268813311318,0.33589340590040856,229.41473118668867,131.6641065940996,0.0025446470143970345
7,131.7144973660547,96.84889512209904,38.2855026339453,28.151104877900963,0.7747911609767923
8,117.0,68.0,0.0,0.0,1.0
9,0.0,0.0,120.0,90.0,0.0
10,66.0,38.0,0.0,0.0,1.0
11,0.0,0.0,120.0,90.0,0.0
12,0.0,0.0,290.0,212.0,0.0
13,0.0,0.0,170.0,151.0,0.0
14,17.0,10.0,0.0,0.0,1.0
15,170.0,80.0,0.0,0.0,1.0
