switch_id,state,ps_fr,qs_fr
1,0.0,0.0,0.0
2,1.0,357.0956536469813,-57.84581853396811
3,0.0,0.0,0.0
4,1.0,393.44629071586127,118.94378027007407
5,1.0,288.3392462283001,174.89542361600786
6,1.0,356.16559794722673,-58.51830762969247
