switch_id,state,ps_fr,qs_fr
1,0.0,0.0,0.0
2,1.0,477.7584483297267,-86.88699073803605
3,0.0,0.0,0.0
4,1.0,396.04449245331216,119.93659239588283
5,1.0,287.6315391079586,174.37505134732794
6,1.0,77.75844832987053,-376.88519095269754
