case,fair_func,total_demand,total_pshed,total_pd_served,pct_shed,pct_served,objective
motivation_a,efficiency,3466.0,778.7585184695321,2687.2414815304683,22.468508899871093,77.53149110012892,26872.41481530468
motivation_b,efficiency,3466.0,1298.4572796619018,2167.542720338098,37.46270281771211,62.53729718228789,21675.427203380983
motivation_c,efficiency,3466.0,1298.2827596985169,2167.717240301483,37.457667619691776,62.54233238030822,21677.172403014833
