case,fair_func,total_demand,total_pshed,total_pd_served,pct_shed,pct_served,objective
motivation_a,efficiency,3466.0,778.7585184695087,2687.241481530491,22.468508899870418,77.53149110012957,26872.41481530491
motivation_a,equality_min,3466.0,3465.90065296579,0.09934703420983496,99.99713366894952,0.002866331050485717,0.9999713366894951
motivation_b,efficiency,3466.0,1298.457279661912,2167.542720338088,37.462702817712405,62.5372971822876,21675.42720338088
motivation_c,efficiency,3466.0,1298.282759698518,2167.717240301482,37.45766761969181,62.542332380308196,21677.172403014818
