switch_name,phase,p,q,c_mag,current_rating,is_closed
632633,1,478.0001211043487,134.36172686009226,531.7244176214039,700.0,true
632633,2,164.58545499177623,26.31499429002111,177.40677927937452,700.0,true
632633,3,310.1444266380927,129.89112173309346,361.5785247200352,700.0,true
632645,1,512.9999135480135,305.9975800604337,639.6757609905545,700.0,true
632645,2,508.61464778102084,292.3320096998395,624.4092782849442,700.0,true
632645,3,598.4557528919269,252.7482368825034,698.5827483566479,700.0,true
