Iteration,Total_Load_Shed,Lower_Level_Load_Shed,Upper_Level_Load_Shed
1,1446.9399771019932,1446.9399771019932,1401.6386911153124
2,1446.9399771019932,1446.9399771019932,1401.6386911153124
3,1446.9399771019932,1446.9399771019932,1401.6386911153124
4,1446.9399771019932,1446.9399771019932,1401.6386911153124
5,1446.9399771019932,1446.9399771019932,1401.6386911153124
