case,fair_func,total_demand,total_pshed,total_pd_served,pct_shed,pct_served,objective
motivation_c,efficiency,3466.0,693.1999723588294,2772.8000276411703,19.99999920250518,80.00000079749482,27728.00027641171
motivation_c,equality_min,3466.0,693.1999817247337,2772.8000182752667,19.99999947272746,80.00000052727255,0.19999999472727453
motivation_c,proportional,3466.0,760.3999400051332,2705.6000599948666,21.938832660275047,78.06116733972495,74.1689799695206
motivation_c,min_max,3466.0,738.5140980880105,2727.4859019119895,21.307388865782183,78.69261113421781,63.338343338669134
