case,fair_func,total_demand,final_pshed,final_pd_served,pct_shed,pct_served,relaxed_pshed_final,objective
motivation_c,efficiency,3466.0,-1.6462642142170633e-5,1653.0000164626422,-4.7497524934133396e-7,47.69186429494063,1676.0456518936312,3087.9070332188007
motivation_c,proportional,3466.0,-1.6465882466750565e-5,1653.0000164658825,-4.7506873822130886e-7,47.691864295034115,2743.010546424762,1669.5300001005403
motivation_c,equality_min,3466.0,77.65249433329697,2988.347505666703,2.2404066455077025,86.21891245431918,399.99993040216657,29792.272443312773
motivation_c,min_max,3466.0,-1.6400028434583432e-5,1653.0000164000285,-4.731687372932323e-7,47.69186429313412,2097.339675788924,3143.5725901352635
motivation_c,jain,3466.0,77.65242181804689,2988.3475781819525,2.2404045533192987,86.21891454650758,813.2450833414144,22939.33379333452
