load_id,pd,qd,pshed,qshed,z_demand
3,1155.0000115415603,660.0000065951774,-1.1541560378992661e-5,-6.595177398572336e-6,1.000000009992693
5,128.00000126873203,86.00000085242934,-1.2687320322151715e-6,-8.524293371296764e-7,1.000000009911969
8,117.00000114843077,68.00000066746404,-1.1484307845933614e-6,-6.674640399394476e-7,1.0000000098156476
10,66.00000064783275,38.00000037299461,-6.47832754960529e-7,-3.72994615848452e-7,1.0000000098156476
14,17.00000016686601,10.000000098156477,-1.6686600908153906e-7,-9.815647810402501e-8,1.0000000098156476
15,170.0000016892202,80.00000079492715,-1.6892201823273719e-6,-7.949271411297433e-7,1.0000000099365893
