case,fair_func,total_demand,final_pshed,final_pd_served,pct_shed,pct_served,relaxed_pshed_final,objective
motivation_c,efficiency,3466.0,2319.042807104388,1146.9571928956125,66.9083325765836,33.0916674234164,1933.6747939186246,10449.900374156638
motivation_c,proportional,3466.0,3266.0,200.0,94.22965954991345,5.770340450086555,3291.1021030465135,201.99999799999998
motivation_c,equality_min,3466.0,2105.1713894533427,1360.8286105466573,60.7377781146377,39.262221885362294,1.98629796645859,15242.548652831456
motivation_c,min_max,3466.0,3266.0,200.0,94.22965954991345,5.770340450086555,3120.440794064964,295.93998987570035
motivation_c,jain,3466.0,3266.0,200.0,94.22965954991345,5.770340450086555,2694.651211929936,1999.4193929793933
motivation_c,palma,3466.0,1982.4436620381755,1483.5563379618245,57.19687426538302,42.803125734616984,1782.9047461259554,14835.563379618248
