switch_id,state,ps_fr,qs_fr
2,1.0,400.0,289.9982664303576
3,1.0,0.0,0.0010385500790635138
4,1.0,546.9571929047032,209.35137227461487
