switch_name,phase,p,q,c_mag,current_rating,is_closed
632633,1,711.4587570207221,149.16370766000412,699.9998952768705,700.0,true
632633,2,174.09406514645391,-80.49562841303505,183.95548655865622,700.0,true
632633,3,481.0940674800271,156.34513732025752,489.0617633951472,700.0,true
632645,1,296.54125290262493,171.10004196321353,329.6802191339939,700.0,true
632645,2,565.1059417173842,351.0575744942735,638.0531456032509,700.0,true
632645,3,544.5059418704386,189.98111002751145,557.545503498026,700.0,true
