switch_name,phase,p,q,c_mag,current_rating,is_closed
632633,1,478.000266091402,134.36182015608506,531.7246983900003,700.0,true
632633,2,164.58554146924558,26.315122561862832,177.4069259252353,700.0,true
632633,3,310.144486610795,129.89121198888816,361.57869460308746,700.0,true
632645,1,512.9997550727219,305.9974876203175,639.6756899552911,700.0,true
632645,2,508.61450903176683,292.33185790086617,624.4091901017897,700.0,true
632645,3,598.4556000888335,252.7482569342162,698.5827462329778,700.0,true
